2026-06-04 16:44:25.519 | INFO     | __main__:main:206 - Using port 8086
2026-06-04 16:44:25.520 | INFO     | tracy:run_report_setup:88 - Verifying tracy profiling tools
2026-06-04 16:44:25.567 | INFO     | tracy:run_report_setup:108 - Capture command: ('/home/masterjunmo/codes/tt-metal/build/tools/profiler/bin/capture-release -o /home/masterjunmo/codes/tt-metal/generated/profiler/.logs/tracy_profile_log_host.tracy -f -p 8086',)
Connecting to 127.0.0.1:8086...2026-06-04 16:44:25.590 | INFO     | __main__:main:271 - Test process started
2026-06-04 16:44:27.720 | DEBUG    | ttnn:<module>:79 - Initial ttnn.CONFIG:
Config{cache_path=/home/masterjunmo/.cache/ttnn,model_cache_path=/home/masterjunmo/.cache/ttnn/models,tmp_dir=/tmp/ttnn,enable_model_cache=false,enable_fast_runtime_mode=true,throw_exception_on_fallback=false,enable_logging=false,enable_graph_report=false,enable_detailed_buffer_report=false,enable_detailed_tensor_report=false,enable_comparison_mode=false,comparison_mode_should_raise_exception=false,comparison_mode_pcc=0.9999,root_report_path=generated/ttnn/reports,report_name=std::nullopt,std::nullopt}
============================= test session starts ==============================
platform linux -- Python 3.10.19, pytest-8.4.2, pluggy-1.6.0 -- /home/masterjunmo/codes/tt-metal/python_env/bin/python3
cachedir: .pytest_cache
benchmark: 5.1.0 (defaults: timer=time.perf_counter disable_gc=False min_rounds=5 min_time=0.000005 max_time=1.0 calibration_precision=10 warmup=False warmup_iterations=100000)
rootdir: /home/masterjunmo/codes/tt-metal
configfile: pytest.ini
plugins: split-0.10.0, timeout-2.4.0, benchmark-5.1.0, xdist-3.8.0, dash-2.15.0, anyio-4.12.0, github-actions-annotate-failures-0.3.0
timeout: 300.0s
timeout method: signal
timeout func_only: False
collecting ... 2026-06-04 16:44:30.820 | WARNING  | models.perf.benchmarking_utils:<module>:18 - Skipping import of pydantic_models for benchmarking since not running in CI environment
2026-06-04 16:44:31.873 | info     |             UMD | Established cluster ETH FW version: 1.8.1 (topology_discovery_blackhole.cpp:295)
2026-06-04 16:44:31.874 | warning  |             UMD | Chip 1 has inconsistent Tensix harvesting information between harvest mask and number of harvested. Board p150 expects 0 units, but harvest mask indicates 2 units. (cluster_descriptor.cpp:1306)
2026-06-04 16:44:31.874 | warning  |             UMD | Chip 0 has inconsistent Tensix harvesting information between harvest mask and number of harvested. Board p150 expects 0 units, but harvest mask indicates 2 units. (cluster_descriptor.cpp:1306)
2026-06-04 16:44:31.990 | info     |          Device | Opening user mode device driver (tt_cluster.cpp:209)
2026-06-04 16:44:32.165 | info     |             UMD | Established cluster ETH FW version: 1.8.1 (topology_discovery_blackhole.cpp:295)
2026-06-04 16:44:32.165 | warning  |             UMD | Chip 1 has inconsistent Tensix harvesting information between harvest mask and number of harvested. Board p150 expects 0 units, but harvest mask indicates 2 units. (cluster_descriptor.cpp:1306)
2026-06-04 16:44:32.165 | warning  |             UMD | Chip 0 has inconsistent Tensix harvesting information between harvest mask and number of harvested. Board p150 expects 0 units, but harvest mask indicates 2 units. (cluster_descriptor.cpp:1306)
2026-06-04 16:44:32.474 | info     |             UMD | Established cluster ETH FW version: 1.8.1 (topology_discovery_blackhole.cpp:295)
2026-06-04 16:44:32.475 | warning  |             UMD | Chip 1 has inconsistent Tensix harvesting information between harvest mask and number of harvested. Board p150 expects 0 units, but harvest mask indicates 2 units. (cluster_descriptor.cpp:1306)
2026-06-04 16:44:32.475 | warning  |             UMD | Chip 0 has inconsistent Tensix harvesting information between harvest mask and number of harvested. Board p150 expects 0 units, but harvest mask indicates 2 units. (cluster_descriptor.cpp:1306)
2026-06-04 16:44:32.594 | info     |             UMD | Harvesting mask for chip 1 is 0xc0 (NOC0: 0xc0, simulated harvesting mask: 0x0). (cluster.cpp:413)
2026-06-04 16:44:32.723 | info     |             UMD | Harvesting mask for chip 0 is 0xc0 (NOC0: 0xc0, simulated harvesting mask: 0x0). (cluster.cpp:413)
2026-06-04 16:44:32.770 | info     |             UMD | Opening local chip ids/PCIe ids: {0, 1}/[0, 1] and remote chip ids {} (cluster.cpp:257)
2026-06-04 16:44:32.770 | warning  |             UMD | Firmware version 19.6.0 on the system is newer than the maximum supported version 19.0.0 for blackhole architecture. New features may not be supported. (cluster.cpp:215)
2026-06-04 16:44:32.770 | info     |             UMD | All devices in cluster running firmware version: 19.6.0 (cluster.cpp:235)
2026-06-04 16:44:32.770 | info     |             UMD | IOMMU: disabled (cluster.cpp:177)
2026-06-04 16:44:32.770 | info     |             UMD | KMD version: 2.8.1 (cluster.cpp:180)
2026-06-04 16:44:32.772 | info     |             UMD | Pinning pages for Hugepage: virtual address 0x7f5a40000000 and size 0x40000000 pinned to physical address 0x2c0000000 (pci_device.cpp:536)
2026-06-04 16:44:32.773 | info     |             UMD | Pinning pages for Hugepage: virtual address 0x7f5a00000000 and size 0x40000000 pinned to physical address 0x240000000 (pci_device.cpp:536)
2026-06-04 16:44:32.773 | info     |             UMD | Device: 0 Mapped iATU region 0 from 0x0 to 0x3fffffff to 0x2c0000000 (blackhole_tt_device.cpp:95)
2026-06-04 16:44:32.773 | info     |             UMD | Device: 0 Mapped iATU region 1 from 0x40000000 to 0x7fffffff to 0x240000000 (blackhole_tt_device.cpp:95)
2026-06-04 16:44:32.774 | info     |             UMD | Pinning pages for Hugepage: virtual address 0x7f6300000000 and size 0x40000000 pinned to physical address 0x300000000 (pci_device.cpp:536)
2026-06-04 16:44:32.774 | info     |             UMD | Pinning pages for Hugepage: virtual address 0x7f62c0000000 and size 0x40000000 pinned to physical address 0x280000000 (pci_device.cpp:536)
2026-06-04 16:44:32.774 | info     |             UMD | Device: 1 Mapped iATU region 0 from 0x0 to 0x3fffffff to 0x300000000 (blackhole_tt_device.cpp:95)
2026-06-04 16:44:32.774 | info     |             UMD | Device: 1 Mapped iATU region 1 from 0x40000000 to 0x7fffffff to 0x280000000 (blackhole_tt_device.cpp:95)
collected 1 item

models/tt_transformers/demo/simple_text_demo.py::test_demo_text[blackhole-mesh_device0-device_params0-performance-batch-1] 2026-06-04 16:44:33.089 | DEBUG    | ttnn.device:__init__:150 - Using default dispatch core type for this system: DispatchCoreType.WORKER
2026-06-04 16:44:33.090 | DEBUG    | ttnn.device:__init__:152 - Using default dispatch core axis for this system: DispatchCoreAxis.COL
2026-06-04 16:44:33.090 | info     |          Fabric | TopologyMapper mapping start (mesh=0): n_log=2, n_phys=2, log_deg_hist={1:2}, phys_deg_hist={1:2} (topology_mapper.cpp:574)
2026-06-04 16:44:33.090 | info     |          Fabric | Fast-path path-graph mapping succeeded for mesh 0 (topology_mapper.cpp:777)
2026-06-04 16:44:33.093 | info     |    BuildKernels | Skipping deleting built cache (build.cpp:119)
2026-06-04 16:44:34.704 | warning  |           Metal | Opening subset of mmio devices slows down UMD read/write to remote chips. If opening more devices, consider using CreateDevices API. (device_pool.cpp:303)
2026-06-04 16:44:34.721 | info     |           Metal | Profiler started on device 0 (device_pool.cpp:203)
2026-06-04 16:44:37.597 | DEBUG    | conftest:mesh_device:412 - multidevice with 1 devices is created
2026-06-04 16:44:37.601 | INFO     | models.tt_transformers.demo.simple_text_demo:test_demo_text:1008 - Start profiler
2026-06-04 16:44:37.601 | INFO     | models.tt_transformers.demo.simple_text_demo:test_demo_text:1012 - Reading inputs...
2026-06-04 16:44:37.605 | INFO     | models.tt_transformers.tt.model_config:__init__:501 - Inferring device name: P150
2026-06-04 16:44:37.605 | INFO     | models.tt_transformers.tt.model_config:__init__:571 - Checkpoint directory: meta-llama/Llama-3.1-8B-Instruct
2026-06-04 16:44:37.605 | INFO     | models.tt_transformers.tt.model_config:__init__:572 - Tokenizer file: meta-llama/Llama-3.1-8B-Instruct/tokenizer.model
2026-06-04 16:44:37.605 | INFO     | models.tt_transformers.tt.model_config:__init__:573 - Cache directory: model_cache/meta-llama/Llama-3.1-8B-Instruct/P150
2026-06-04 16:44:37.605 | INFO     | models.tt_transformers.tt.model_config:__init__:574 - Model name: Llama-3.1-8B-Instruct
2026-06-04 16:44:37.924 | INFO     | models.tt_transformers.tt.model_config:_set_params_from_dict:1605 - Model name from config: Llama-3.1-8B-Instruct
2026-06-04 16:44:37.924 | WARNING  | models.tt_transformers.tt.model_config:__init__:639 - Unknown model Llama-3.1-8B-Instruct on device P150, setting MAX_PREFILL_CHUNK_SIZE to 4 for compatibility
2026-06-04 16:44:37.924 | WARNING  | models.tt_transformers.tt.model_config:__init__:642 - Try setting MAX_PREFILL_CHUNK_SIZE to larger powers of 2 up to e.g. 128 for faster performance (if you run out of L1 memory it was too high)
2026-06-04 16:44:37.924 | INFO     | models.tt_transformers.tt.model_config:_precision_factory:3062 - Model Llama-3.1-8B-Instruct requires specific TensorPrecision and OpFidelity configuration, using /home/masterjunmo/codes/tt-metal/models/tt_transformers/model_params/Llama-3.1-8B-Instruct/performance_decoder_config.json
2026-06-04 16:44:37.925 | INFO     | models.tt_transformers.tt.model_config:create_tokenizer:2430 - Tokenizer path: meta-llama/Llama-3.1-8B-Instruct
2026-06-04 16:44:37.925 | INFO     | models.tt_transformers.tt.model_config:create_tokenizer:2431 - Model name: Llama-3.1-8B-Instruct
2026-06-04 16:44:37.925 | INFO     | models.tt_transformers.tt.model_config:create_tokenizer:2432 - Base model name: Llama-3.1-8B
2026-06-04 16:44:38.800 | INFO     | models.tt_transformers.tt.model_config:create_tokenizer:2440 - Successfully loaded tokenizer from meta-llama/Llama-3.1-8B-Instruct
2026-06-04 16:44:40.997 | INFO     | models.tt_transformers.tt.model_config:create_processor:2512 - Successfully loaded processor from meta-llama/Llama-3.1-8B-Instruct
2026-06-04 16:44:40.999 | INFO     | models.tt_transformers.tt.model_config:__init__:1375 - Attention grid: ttnn.CoreGrid(x=8, y=4)
2026-06-04 16:44:40.999 | INFO     | models.tt_transformers.tt.model_config:__init__:1376 - MLP grid: ttnn.CoreGrid(x=8, y=8)
2026-06-04 16:44:40.999 | INFO     | models.tt_transformers.tt.model_config:__init__:1377 - MLP prefill grids @ 32: w1/w3: (8, 8), w2: (8, 8)
2026-06-04 16:44:40.999 | INFO     | models.tt_transformers.tt.model_config:__init__:1378 - MLP prefill grids @ max_seq_len(2048): w1/w3: (8, 8), w2: (8, 8)
2026-06-04 16:44:40.999 | INFO     | models.tt_transformers.tt.model_config:__init__:1381 - LM head grid: ttnn.CoreGrid(x=8, y=8)
Loading checkpoint shards:   0%|          | 0/4 [00:00<?, ?it/s]Loading checkpoint shards: 100%|██████████| 4/4 [00:00<00:00, 94.10it/s]
2026-06-04 16:44:42.552 | DEBUG    | core:as_tensor:672 - Loaded cache for model_cache/meta-llama/Llama-3.1-8B-Instruct/P150/tensor_cache_instruct_bfp8/tok_embeddings.weight_dtype_BFLOAT16_layout_ROW_MAJOR.tensorbin of shape Shape([1, 1, 128256, 4096])
  0%|          | 0/32 [00:00<?, ?it/s]2026-06-04 16:44:42.582 | DEBUG    | core:as_tensor:672 - Loaded cache for model_cache/meta-llama/Llama-3.1-8B-Instruct/P150/tensor_cache_instruct_bfp8/layers.0.attention.wqkv_sharded_2d_dtype_BFLOAT8_B_layout_TILE.tensorbin of shape Shape([1, 1, 4096, 6144])
2026-06-04 16:44:42.586 | DEBUG    | core:as_tensor:672 - Loaded cache for model_cache/meta-llama/Llama-3.1-8B-Instruct/P150/tensor_cache_instruct_bfp8/layers.0.attention.wo_dtype_BFLOAT8_B_layout_TILE.tensorbin of shape Shape([1, 1, 4096, 4096])
2026-06-04 16:44:42.589 | DEBUG    | core:as_tensor:672 - Loaded cache for model_cache/meta-llama/Llama-3.1-8B-Instruct/P150/tensor_cache_instruct_bfp8/kvcache_torch.Size([1, 8, 2048, 128])_dtype_BFLOAT8_B_layout_TILE.tensorbin of shape Shape([1, 8, 2048, 128])
2026-06-04 16:44:42.590 | DEBUG    | core:as_tensor:672 - Loaded cache for model_cache/meta-llama/Llama-3.1-8B-Instruct/P150/tensor_cache_instruct_bfp8/kvcache_torch.Size([1, 8, 2048, 128])_dtype_BFLOAT8_B_layout_TILE.tensorbin of shape Shape([1, 8, 2048, 128])
2026-06-04 16:44:42.602 | DEBUG    | core:as_tensor:672 - Loaded cache for model_cache/meta-llama/Llama-3.1-8B-Instruct/P150/tensor_cache_instruct_bfp8/layers.0.feed_forward.w1_sharded_dtype_BFLOAT4_B_layout_TILE.tensorbin of shape Shape([4096, 14336])
2026-06-04 16:44:42.612 | DEBUG    | core:as_tensor:672 - Loaded cache for model_cache/meta-llama/Llama-3.1-8B-Instruct/P150/tensor_cache_instruct_bfp8/layers.0.feed_forward.w2_sharded_dtype_BFLOAT8_B_layout_TILE.tensorbin of shape Shape([14336, 4096])
2026-06-04 16:44:42.618 | DEBUG    | core:as_tensor:672 - Loaded cache for model_cache/meta-llama/Llama-3.1-8B-Instruct/P150/tensor_cache_instruct_bfp8/layers.0.feed_forward.w3_sharded_dtype_BFLOAT4_B_layout_TILE.tensorbin of shape Shape([4096, 14336])
2026-06-04 16:44:42.619 | DEBUG    | core:as_tensor:672 - Loaded cache for model_cache/meta-llama/Llama-3.1-8B-Instruct/P150/tensor_cache_instruct_bfp8/layers.0.attention_norm.weight_dtype_BFLOAT16_layout_ROW_MAJOR.tensorbin of shape Shape([1, 1, 128, 32])
2026-06-04 16:44:42.619 | DEBUG    | core:as_tensor:672 - Loaded cache for model_cache/meta-llama/Llama-3.1-8B-Instruct/P150/tensor_cache_instruct_bfp8/layers.0.attention_norm.weight_distributed_dtype_BFLOAT16_layout_ROW_MAJOR.tensorbin of shape Shape([1, 1, 128, 32])
2026-06-04 16:44:42.619 | DEBUG    | core:as_tensor:672 - Loaded cache for model_cache/meta-llama/Llama-3.1-8B-Instruct/P150/tensor_cache_instruct_bfp8/layers.0.ffn_norm.weight_dtype_BFLOAT16_layout_ROW_MAJOR.tensorbin of shape Shape([1, 1, 128, 32])
2026-06-04 16:44:42.619 | DEBUG    | core:as_tensor:672 - Loaded cache for model_cache/meta-llama/Llama-3.1-8B-Instruct/P150/tensor_cache_instruct_bfp8/layers.0.ffn_norm.weight_distributed_dtype_BFLOAT16_layout_ROW_MAJOR.tensorbin of shape Shape([1, 1, 128, 32])
2026-06-04 16:44:42.643 | DEBUG    | core:as_tensor:672 - Loaded cache for model_cache/meta-llama/Llama-3.1-8B-Instruct/P150/tensor_cache_instruct_bfp8/layers.1.attention.wqkv_sharded_2d_dtype_BFLOAT8_B_layout_TILE.tensorbin of shape Shape([1, 1, 4096, 6144])
2026-06-04 16:44:42.647 | DEBUG    | core:as_tensor:672 - Loaded cache for model_cache/meta-llama/Llama-3.1-8B-Instruct/P150/tensor_cache_instruct_bfp8/layers.1.attention.wo_dtype_BFLOAT8_B_layout_TILE.tensorbin of shape Shape([1, 1, 4096, 4096])
2026-06-04 16:44:42.649 | DEBUG    | core:as_tensor:672 - Loaded cache for model_cache/meta-llama/Llama-3.1-8B-Instruct/P150/tensor_cache_instruct_bfp8/kvcache_torch.Size([1, 8, 2048, 128])_dtype_BFLOAT8_B_layout_TILE.tensorbin of shape Shape([1, 8, 2048, 128])
2026-06-04 16:44:42.650 | DEBUG    | core:as_tensor:672 - Loaded cache for model_cache/meta-llama/Llama-3.1-8B-Instruct/P150/tensor_cache_instruct_bfp8/kvcache_torch.Size([1, 8, 2048, 128])_dtype_BFLOAT8_B_layout_TILE.tensorbin of shape Shape([1, 8, 2048, 128])
2026-06-04 16:44:42.661 | DEBUG    | core:as_tensor:672 - Loaded cache for model_cache/meta-llama/Llama-3.1-8B-Instruct/P150/tensor_cache_instruct_bfp8/layers.1.feed_forward.w1_sharded_dtype_BFLOAT4_B_layout_TILE.tensorbin of shape Shape([4096, 14336])
2026-06-04 16:44:42.672 | DEBUG    | core:as_tensor:672 - Loaded cache for model_cache/meta-llama/Llama-3.1-8B-Instruct/P150/tensor_cache_instruct_bfp8/layers.1.feed_forward.w2_sharded_dtype_BFLOAT8_B_layout_TILE.tensorbin of shape Shape([14336, 4096])
2026-06-04 16:44:42.678 | DEBUG    | core:as_tensor:672 - Loaded cache for model_cache/meta-llama/Llama-3.1-8B-Instruct/P150/tensor_cache_instruct_bfp8/layers.1.feed_forward.w3_sharded_dtype_BFLOAT4_B_layout_TILE.tensorbin of shape Shape([4096, 14336])
2026-06-04 16:44:42.678 | DEBUG    | core:as_tensor:672 - Loaded cache for model_cache/meta-llama/Llama-3.1-8B-Instruct/P150/tensor_cache_instruct_bfp8/layers.1.attention_norm.weight_dtype_BFLOAT16_layout_ROW_MAJOR.tensorbin of shape Shape([1, 1, 128, 32])
2026-06-04 16:44:42.678 | DEBUG    | core:as_tensor:672 - Loaded cache for model_cache/meta-llama/Llama-3.1-8B-Instruct/P150/tensor_cache_instruct_bfp8/layers.1.attention_norm.weight_distributed_dtype_BFLOAT16_layout_ROW_MAJOR.tensorbin of shape Shape([1, 1, 128, 32])
2026-06-04 16:44:42.679 | DEBUG    | core:as_tensor:672 - Loaded cache for model_cache/meta-llama/Llama-3.1-8B-Instruct/P150/tensor_cache_instruct_bfp8/layers.1.ffn_norm.weight_dtype_BFLOAT16_layout_ROW_MAJOR.tensorbin of shape Shape([1, 1, 128, 32])
2026-06-04 16:44:42.679 | DEBUG    | core:as_tensor:672 - Loaded cache for model_cache/meta-llama/Llama-3.1-8B-Instruct/P150/tensor_cache_instruct_bfp8/layers.1.ffn_norm.weight_distributed_dtype_BFLOAT16_layout_ROW_MAJOR.tensorbin of shape Shape([1, 1, 128, 32])
  6%|▋         | 2/32 [00:00<00:01, 16.89it/s]2026-06-04 16:44:42.791 | DEBUG    | core:as_tensor:672 - Loaded cache for model_cache/meta-llama/Llama-3.1-8B-Instruct/P150/tensor_cache_instruct_bfp8/layers.2.attention.wqkv_sharded_2d_dtype_BFLOAT8_B_layout_TILE.tensorbin of shape Shape([1, 1, 4096, 6144])
2026-06-04 16:44:42.863 | DEBUG    | core:as_tensor:672 - Loaded cache for model_cache/meta-llama/Llama-3.1-8B-Instruct/P150/tensor_cache_instruct_bfp8/layers.2.attention.wo_dtype_BFLOAT8_B_layout_TILE.tensorbin of shape Shape([1, 1, 4096, 4096])
2026-06-04 16:44:42.866 | DEBUG    | core:as_tensor:672 - Loaded cache for model_cache/meta-llama/Llama-3.1-8B-Instruct/P150/tensor_cache_instruct_bfp8/kvcache_torch.Size([1, 8, 2048, 128])_dtype_BFLOAT8_B_layout_TILE.tensorbin of shape Shape([1, 8, 2048, 128])
2026-06-04 16:44:42.867 | DEBUG    | core:as_tensor:672 - Loaded cache for model_cache/meta-llama/Llama-3.1-8B-Instruct/P150/tensor_cache_instruct_bfp8/kvcache_torch.Size([1, 8, 2048, 128])_dtype_BFLOAT8_B_layout_TILE.tensorbin of shape Shape([1, 8, 2048, 128])
2026-06-04 16:44:42.972 | DEBUG    | core:as_tensor:672 - Loaded cache for model_cache/meta-llama/Llama-3.1-8B-Instruct/P150/tensor_cache_instruct_bfp8/layers.2.feed_forward.w1_sharded_dtype_BFLOAT4_B_layout_TILE.tensorbin of shape Shape([4096, 14336])
2026-06-04 16:44:43.251 | DEBUG    | core:as_tensor:672 - Loaded cache for model_cache/meta-llama/Llama-3.1-8B-Instruct/P150/tensor_cache_instruct_bfp8/layers.2.feed_forward.w2_sharded_dtype_BFLOAT8_B_layout_TILE.tensorbin of shape Shape([14336, 4096])
2026-06-04 16:44:43.354 | DEBUG    | core:as_tensor:672 - Loaded cache for model_cache/meta-llama/Llama-3.1-8B-Instruct/P150/tensor_cache_instruct_bfp8/layers.2.feed_forward.w3_sharded_dtype_BFLOAT4_B_layout_TILE.tensorbin of shape Shape([4096, 14336])
2026-06-04 16:44:43.355 | DEBUG    | core:as_tensor:672 - Loaded cache for model_cache/meta-llama/Llama-3.1-8B-Instruct/P150/tensor_cache_instruct_bfp8/layers.2.attention_norm.weight_dtype_BFLOAT16_layout_ROW_MAJOR.tensorbin of shape Shape([1, 1, 128, 32])
2026-06-04 16:44:43.355 | DEBUG    | core:as_tensor:672 - Loaded cache for model_cache/meta-llama/Llama-3.1-8B-Instruct/P150/tensor_cache_instruct_bfp8/layers.2.attention_norm.weight_distributed_dtype_BFLOAT16_layout_ROW_MAJOR.tensorbin of shape Shape([1, 1, 128, 32])
2026-06-04 16:44:43.356 | DEBUG    | core:as_tensor:672 - Loaded cache for model_cache/meta-llama/Llama-3.1-8B-Instruct/P150/tensor_cache_instruct_bfp8/layers.2.ffn_norm.weight_dtype_BFLOAT16_layout_ROW_MAJOR.tensorbin of shape Shape([1, 1, 128, 32])
2026-06-04 16:44:43.356 | DEBUG    | core:as_tensor:672 - Loaded cache for model_cache/meta-llama/Llama-3.1-8B-Instruct/P150/tensor_cache_instruct_bfp8/layers.2.ffn_norm.weight_distributed_dtype_BFLOAT16_layout_ROW_MAJOR.tensorbin of shape Shape([1, 1, 128, 32])
2026-06-04 16:44:43.489 | DEBUG    | core:as_tensor:672 - Loaded cache for model_cache/meta-llama/Llama-3.1-8B-Instruct/P150/tensor_cache_instruct_bfp8/layers.3.attention.wqkv_sharded_2d_dtype_BFLOAT8_B_layout_TILE.tensorbin of shape Shape([1, 1, 4096, 6144])
2026-06-04 16:44:43.565 | DEBUG    | core:as_tensor:672 - Loaded cache for model_cache/meta-llama/Llama-3.1-8B-Instruct/P150/tensor_cache_instruct_bfp8/layers.3.attention.wo_dtype_BFLOAT8_B_layout_TILE.tensorbin of shape Shape([1, 1, 4096, 4096])
2026-06-04 16:44:43.569 | DEBUG    | core:as_tensor:672 - Loaded cache for model_cache/meta-llama/Llama-3.1-8B-Instruct/P150/tensor_cache_instruct_bfp8/kvcache_torch.Size([1, 8, 2048, 128])_dtype_BFLOAT8_B_layout_TILE.tensorbin of shape Shape([1, 8, 2048, 128])
2026-06-04 16:44:43.570 | DEBUG    | core:as_tensor:672 - Loaded cache for model_cache/meta-llama/Llama-3.1-8B-Instruct/P150/tensor_cache_instruct_bfp8/kvcache_torch.Size([1, 8, 2048, 128])_dtype_BFLOAT8_B_layout_TILE.tensorbin of shape Shape([1, 8, 2048, 128])
2026-06-04 16:44:43.678 | DEBUG    | core:as_tensor:672 - Loaded cache for model_cache/meta-llama/Llama-3.1-8B-Instruct/P150/tensor_cache_instruct_bfp8/layers.3.feed_forward.w1_sharded_dtype_BFLOAT4_B_layout_TILE.tensorbin of shape Shape([4096, 14336])
2026-06-04 16:44:43.947 | DEBUG    | core:as_tensor:672 - Loaded cache for model_cache/meta-llama/Llama-3.1-8B-Instruct/P150/tensor_cache_instruct_bfp8/layers.3.feed_forward.w2_sharded_dtype_BFLOAT8_B_layout_TILE.tensorbin of shape Shape([14336, 4096])
2026-06-04 16:44:44.048 | DEBUG    | core:as_tensor:672 - Loaded cache for model_cache/meta-llama/Llama-3.1-8B-Instruct/P150/tensor_cache_instruct_bfp8/layers.3.feed_forward.w3_sharded_dtype_BFLOAT4_B_layout_TILE.tensorbin of shape Shape([4096, 14336])
2026-06-04 16:44:44.049 | DEBUG    | core:as_tensor:672 - Loaded cache for model_cache/meta-llama/Llama-3.1-8B-Instruct/P150/tensor_cache_instruct_bfp8/layers.3.attention_norm.weight_dtype_BFLOAT16_layout_ROW_MAJOR.tensorbin of shape Shape([1, 1, 128, 32])
2026-06-04 16:44:44.049 | DEBUG    | core:as_tensor:672 - Loaded cache for model_cache/meta-llama/Llama-3.1-8B-Instruct/P150/tensor_cache_instruct_bfp8/layers.3.attention_norm.weight_distributed_dtype_BFLOAT16_layout_ROW_MAJOR.tensorbin of shape Shape([1, 1, 128, 32])
2026-06-04 16:44:44.050 | DEBUG    | core:as_tensor:672 - Loaded cache for model_cache/meta-llama/Llama-3.1-8B-Instruct/P150/tensor_cache_instruct_bfp8/layers.3.ffn_norm.weight_dtype_BFLOAT16_layout_ROW_MAJOR.tensorbin of shape Shape([1, 1, 128, 32])
2026-06-04 16:44:44.050 | DEBUG    | core:as_tensor:672 - Loaded cache for model_cache/meta-llama/Llama-3.1-8B-Instruct/P150/tensor_cache_instruct_bfp8/layers.3.ffn_norm.weight_distributed_dtype_BFLOAT16_layout_ROW_MAJOR.tensorbin of shape Shape([1, 1, 128, 32])
 12%|█▎        | 4/32 [00:01<00:11,  2.34it/s]2026-06-04 16:44:44.183 | DEBUG    | core:as_tensor:672 - Loaded cache for model_cache/meta-llama/Llama-3.1-8B-Instruct/P150/tensor_cache_instruct_bfp8/layers.4.attention.wqkv_sharded_2d_dtype_BFLOAT8_B_layout_TILE.tensorbin of shape Shape([1, 1, 4096, 6144])
2026-06-04 16:44:44.254 | DEBUG    | core:as_tensor:672 - Loaded cache for model_cache/meta-llama/Llama-3.1-8B-Instruct/P150/tensor_cache_instruct_bfp8/layers.4.attention.wo_dtype_BFLOAT8_B_layout_TILE.tensorbin of shape Shape([1, 1, 4096, 4096])
2026-06-04 16:44:44.257 | DEBUG    | core:as_tensor:672 - Loaded cache for model_cache/meta-llama/Llama-3.1-8B-Instruct/P150/tensor_cache_instruct_bfp8/kvcache_torch.Size([1, 8, 2048, 128])_dtype_BFLOAT8_B_layout_TILE.tensorbin of shape Shape([1, 8, 2048, 128])
2026-06-04 16:44:44.258 | DEBUG    | core:as_tensor:672 - Loaded cache for model_cache/meta-llama/Llama-3.1-8B-Instruct/P150/tensor_cache_instruct_bfp8/kvcache_torch.Size([1, 8, 2048, 128])_dtype_BFLOAT8_B_layout_TILE.tensorbin of shape Shape([1, 8, 2048, 128])
2026-06-04 16:44:44.364 | DEBUG    | core:as_tensor:672 - Loaded cache for model_cache/meta-llama/Llama-3.1-8B-Instruct/P150/tensor_cache_instruct_bfp8/layers.4.feed_forward.w1_sharded_dtype_BFLOAT4_B_layout_TILE.tensorbin of shape Shape([4096, 14336])
2026-06-04 16:44:44.609 | DEBUG    | core:as_tensor:672 - Loaded cache for model_cache/meta-llama/Llama-3.1-8B-Instruct/P150/tensor_cache_instruct_bfp8/layers.4.feed_forward.w2_sharded_dtype_BFLOAT8_B_layout_TILE.tensorbin of shape Shape([14336, 4096])
2026-06-04 16:44:44.706 | DEBUG    | core:as_tensor:672 - Loaded cache for model_cache/meta-llama/Llama-3.1-8B-Instruct/P150/tensor_cache_instruct_bfp8/layers.4.feed_forward.w3_sharded_dtype_BFLOAT4_B_layout_TILE.tensorbin of shape Shape([4096, 14336])
2026-06-04 16:44:44.707 | DEBUG    | core:as_tensor:672 - Loaded cache for model_cache/meta-llama/Llama-3.1-8B-Instruct/P150/tensor_cache_instruct_bfp8/layers.4.attention_norm.weight_dtype_BFLOAT16_layout_ROW_MAJOR.tensorbin of shape Shape([1, 1, 128, 32])
2026-06-04 16:44:44.708 | DEBUG    | core:as_tensor:672 - Loaded cache for model_cache/meta-llama/Llama-3.1-8B-Instruct/P150/tensor_cache_instruct_bfp8/layers.4.attention_norm.weight_distributed_dtype_BFLOAT16_layout_ROW_MAJOR.tensorbin of shape Shape([1, 1, 128, 32])
2026-06-04 16:44:44.708 | DEBUG    | core:as_tensor:672 - Loaded cache for model_cache/meta-llama/Llama-3.1-8B-Instruct/P150/tensor_cache_instruct_bfp8/layers.4.ffn_norm.weight_dtype_BFLOAT16_layout_ROW_MAJOR.tensorbin of shape Shape([1, 1, 128, 32])
2026-06-04 16:44:44.709 | DEBUG    | core:as_tensor:672 - Loaded cache for model_cache/meta-llama/Llama-3.1-8B-Instruct/P150/tensor_cache_instruct_bfp8/layers.4.ffn_norm.weight_distributed_dtype_BFLOAT16_layout_ROW_MAJOR.tensorbin of shape Shape([1, 1, 128, 32])
 16%|█▌        | 5/32 [00:02<00:13,  2.02it/s]2026-06-04 16:44:44.840 | DEBUG    | core:as_tensor:672 - Loaded cache for model_cache/meta-llama/Llama-3.1-8B-Instruct/P150/tensor_cache_instruct_bfp8/layers.5.attention.wqkv_sharded_2d_dtype_BFLOAT8_B_layout_TILE.tensorbin of shape Shape([1, 1, 4096, 6144])
2026-06-04 16:44:44.913 | DEBUG    | core:as_tensor:672 - Loaded cache for model_cache/meta-llama/Llama-3.1-8B-Instruct/P150/tensor_cache_instruct_bfp8/layers.5.attention.wo_dtype_BFLOAT8_B_layout_TILE.tensorbin of shape Shape([1, 1, 4096, 4096])
2026-06-04 16:44:44.916 | DEBUG    | core:as_tensor:672 - Loaded cache for model_cache/meta-llama/Llama-3.1-8B-Instruct/P150/tensor_cache_instruct_bfp8/kvcache_torch.Size([1, 8, 2048, 128])_dtype_BFLOAT8_B_layout_TILE.tensorbin of shape Shape([1, 8, 2048, 128])
2026-06-04 16:44:44.917 | DEBUG    | core:as_tensor:672 - Loaded cache for model_cache/meta-llama/Llama-3.1-8B-Instruct/P150/tensor_cache_instruct_bfp8/kvcache_torch.Size([1, 8, 2048, 128])_dtype_BFLOAT8_B_layout_TILE.tensorbin of shape Shape([1, 8, 2048, 128])
2026-06-04 16:44:45.020 | DEBUG    | core:as_tensor:672 - Loaded cache for model_cache/meta-llama/Llama-3.1-8B-Instruct/P150/tensor_cache_instruct_bfp8/layers.5.feed_forward.w1_sharded_dtype_BFLOAT4_B_layout_TILE.tensorbin of shape Shape([4096, 14336])
2026-06-04 16:44:45.284 | DEBUG    | core:as_tensor:672 - Loaded cache for model_cache/meta-llama/Llama-3.1-8B-Instruct/P150/tensor_cache_instruct_bfp8/layers.5.feed_forward.w2_sharded_dtype_BFLOAT8_B_layout_TILE.tensorbin of shape Shape([14336, 4096])
2026-06-04 16:44:45.381 | DEBUG    | core:as_tensor:672 - Loaded cache for model_cache/meta-llama/Llama-3.1-8B-Instruct/P150/tensor_cache_instruct_bfp8/layers.5.feed_forward.w3_sharded_dtype_BFLOAT4_B_layout_TILE.tensorbin of shape Shape([4096, 14336])
2026-06-04 16:44:45.382 | DEBUG    | core:as_tensor:672 - Loaded cache for model_cache/meta-llama/Llama-3.1-8B-Instruct/P150/tensor_cache_instruct_bfp8/layers.5.attention_norm.weight_dtype_BFLOAT16_layout_ROW_MAJOR.tensorbin of shape Shape([1, 1, 128, 32])
2026-06-04 16:44:45.383 | DEBUG    | core:as_tensor:672 - Loaded cache for model_cache/meta-llama/Llama-3.1-8B-Instruct/P150/tensor_cache_instruct_bfp8/layers.5.attention_norm.weight_distributed_dtype_BFLOAT16_layout_ROW_MAJOR.tensorbin of shape Shape([1, 1, 128, 32])
2026-06-04 16:44:45.383 | DEBUG    | core:as_tensor:672 - Loaded cache for model_cache/meta-llama/Llama-3.1-8B-Instruct/P150/tensor_cache_instruct_bfp8/layers.5.ffn_norm.weight_dtype_BFLOAT16_layout_ROW_MAJOR.tensorbin of shape Shape([1, 1, 128, 32])
2026-06-04 16:44:45.384 | DEBUG    | core:as_tensor:672 - Loaded cache for model_cache/meta-llama/Llama-3.1-8B-Instruct/P150/tensor_cache_instruct_bfp8/layers.5.ffn_norm.weight_distributed_dtype_BFLOAT16_layout_ROW_MAJOR.tensorbin of shape Shape([1, 1, 128, 32])
 19%|█▉        | 6/32 [00:02<00:14,  1.82it/s]2026-06-04 16:44:45.513 | DEBUG    | core:as_tensor:672 - Loaded cache for model_cache/meta-llama/Llama-3.1-8B-Instruct/P150/tensor_cache_instruct_bfp8/layers.6.attention.wqkv_sharded_2d_dtype_BFLOAT8_B_layout_TILE.tensorbin of shape Shape([1, 1, 4096, 6144])
2026-06-04 16:44:45.585 | DEBUG    | core:as_tensor:672 - Loaded cache for model_cache/meta-llama/Llama-3.1-8B-Instruct/P150/tensor_cache_instruct_bfp8/layers.6.attention.wo_dtype_BFLOAT8_B_layout_TILE.tensorbin of shape Shape([1, 1, 4096, 4096])
2026-06-04 16:44:45.589 | DEBUG    | core:as_tensor:672 - Loaded cache for model_cache/meta-llama/Llama-3.1-8B-Instruct/P150/tensor_cache_instruct_bfp8/kvcache_torch.Size([1, 8, 2048, 128])_dtype_BFLOAT8_B_layout_TILE.tensorbin of shape Shape([1, 8, 2048, 128])
2026-06-04 16:44:45.590 | DEBUG    | core:as_tensor:672 - Loaded cache for model_cache/meta-llama/Llama-3.1-8B-Instruct/P150/tensor_cache_instruct_bfp8/kvcache_torch.Size([1, 8, 2048, 128])_dtype_BFLOAT8_B_layout_TILE.tensorbin of shape Shape([1, 8, 2048, 128])
2026-06-04 16:44:45.689 | DEBUG    | core:as_tensor:672 - Loaded cache for model_cache/meta-llama/Llama-3.1-8B-Instruct/P150/tensor_cache_instruct_bfp8/layers.6.feed_forward.w1_sharded_dtype_BFLOAT4_B_layout_TILE.tensorbin of shape Shape([4096, 14336])
2026-06-04 16:44:45.946 | DEBUG    | core:as_tensor:672 - Loaded cache for model_cache/meta-llama/Llama-3.1-8B-Instruct/P150/tensor_cache_instruct_bfp8/layers.6.feed_forward.w2_sharded_dtype_BFLOAT8_B_layout_TILE.tensorbin of shape Shape([14336, 4096])
2026-06-04 16:44:46.043 | DEBUG    | core:as_tensor:672 - Loaded cache for model_cache/meta-llama/Llama-3.1-8B-Instruct/P150/tensor_cache_instruct_bfp8/layers.6.feed_forward.w3_sharded_dtype_BFLOAT4_B_layout_TILE.tensorbin of shape Shape([4096, 14336])
2026-06-04 16:44:46.044 | DEBUG    | core:as_tensor:672 - Loaded cache for model_cache/meta-llama/Llama-3.1-8B-Instruct/P150/tensor_cache_instruct_bfp8/layers.6.attention_norm.weight_dtype_BFLOAT16_layout_ROW_MAJOR.tensorbin of shape Shape([1, 1, 128, 32])
2026-06-04 16:44:46.044 | DEBUG    | core:as_tensor:672 - Loaded cache for model_cache/meta-llama/Llama-3.1-8B-Instruct/P150/tensor_cache_instruct_bfp8/layers.6.attention_norm.weight_distributed_dtype_BFLOAT16_layout_ROW_MAJOR.tensorbin of shape Shape([1, 1, 128, 32])
2026-06-04 16:44:46.045 | DEBUG    | core:as_tensor:672 - Loaded cache for model_cache/meta-llama/Llama-3.1-8B-Instruct/P150/tensor_cache_instruct_bfp8/layers.6.ffn_norm.weight_dtype_BFLOAT16_layout_ROW_MAJOR.tensorbin of shape Shape([1, 1, 128, 32])
2026-06-04 16:44:46.045 | DEBUG    | core:as_tensor:672 - Loaded cache for model_cache/meta-llama/Llama-3.1-8B-Instruct/P150/tensor_cache_instruct_bfp8/layers.6.ffn_norm.weight_distributed_dtype_BFLOAT16_layout_ROW_MAJOR.tensorbin of shape Shape([1, 1, 128, 32])
 22%|██▏       | 7/32 [00:03<00:14,  1.72it/s]2026-06-04 16:44:46.180 | DEBUG    | core:as_tensor:672 - Loaded cache for model_cache/meta-llama/Llama-3.1-8B-Instruct/P150/tensor_cache_instruct_bfp8/layers.7.attention.wqkv_sharded_2d_dtype_BFLOAT8_B_layout_TILE.tensorbin of shape Shape([1, 1, 4096, 6144])
2026-06-04 16:44:46.255 | DEBUG    | core:as_tensor:672 - Loaded cache for model_cache/meta-llama/Llama-3.1-8B-Instruct/P150/tensor_cache_instruct_bfp8/layers.7.attention.wo_dtype_BFLOAT8_B_layout_TILE.tensorbin of shape Shape([1, 1, 4096, 4096])
2026-06-04 16:44:46.258 | DEBUG    | core:as_tensor:672 - Loaded cache for model_cache/meta-llama/Llama-3.1-8B-Instruct/P150/tensor_cache_instruct_bfp8/kvcache_torch.Size([1, 8, 2048, 128])_dtype_BFLOAT8_B_layout_TILE.tensorbin of shape Shape([1, 8, 2048, 128])
2026-06-04 16:44:46.260 | DEBUG    | core:as_tensor:672 - Loaded cache for model_cache/meta-llama/Llama-3.1-8B-Instruct/P150/tensor_cache_instruct_bfp8/kvcache_torch.Size([1, 8, 2048, 128])_dtype_BFLOAT8_B_layout_TILE.tensorbin of shape Shape([1, 8, 2048, 128])
2026-06-04 16:44:46.361 | DEBUG    | core:as_tensor:672 - Loaded cache for model_cache/meta-llama/Llama-3.1-8B-Instruct/P150/tensor_cache_instruct_bfp8/layers.7.feed_forward.w1_sharded_dtype_BFLOAT4_B_layout_TILE.tensorbin of shape Shape([4096, 14336])
2026-06-04 16:44:46.629 | DEBUG    | core:as_tensor:672 - Loaded cache for model_cache/meta-llama/Llama-3.1-8B-Instruct/P150/tensor_cache_instruct_bfp8/layers.7.feed_forward.w2_sharded_dtype_BFLOAT8_B_layout_TILE.tensorbin of shape Shape([14336, 4096])
2026-06-04 16:44:46.725 | DEBUG    | core:as_tensor:672 - Loaded cache for model_cache/meta-llama/Llama-3.1-8B-Instruct/P150/tensor_cache_instruct_bfp8/layers.7.feed_forward.w3_sharded_dtype_BFLOAT4_B_layout_TILE.tensorbin of shape Shape([4096, 14336])
2026-06-04 16:44:46.726 | DEBUG    | core:as_tensor:672 - Loaded cache for model_cache/meta-llama/Llama-3.1-8B-Instruct/P150/tensor_cache_instruct_bfp8/layers.7.attention_norm.weight_dtype_BFLOAT16_layout_ROW_MAJOR.tensorbin of shape Shape([1, 1, 128, 32])
2026-06-04 16:44:46.727 | DEBUG    | core:as_tensor:672 - Loaded cache for model_cache/meta-llama/Llama-3.1-8B-Instruct/P150/tensor_cache_instruct_bfp8/layers.7.attention_norm.weight_distributed_dtype_BFLOAT16_layout_ROW_MAJOR.tensorbin of shape Shape([1, 1, 128, 32])
2026-06-04 16:44:46.727 | DEBUG    | core:as_tensor:672 - Loaded cache for model_cache/meta-llama/Llama-3.1-8B-Instruct/P150/tensor_cache_instruct_bfp8/layers.7.ffn_norm.weight_dtype_BFLOAT16_layout_ROW_MAJOR.tensorbin of shape Shape([1, 1, 128, 32])
2026-06-04 16:44:46.728 | DEBUG    | core:as_tensor:672 - Loaded cache for model_cache/meta-llama/Llama-3.1-8B-Instruct/P150/tensor_cache_instruct_bfp8/layers.7.ffn_norm.weight_distributed_dtype_BFLOAT16_layout_ROW_MAJOR.tensorbin of shape Shape([1, 1, 128, 32])
 25%|██▌       | 8/32 [00:04<00:14,  1.63it/s]2026-06-04 16:44:46.861 | DEBUG    | core:as_tensor:672 - Loaded cache for model_cache/meta-llama/Llama-3.1-8B-Instruct/P150/tensor_cache_instruct_bfp8/layers.8.attention.wqkv_sharded_2d_dtype_BFLOAT8_B_layout_TILE.tensorbin of shape Shape([1, 1, 4096, 6144])
2026-06-04 16:44:46.924 | DEBUG    | core:as_tensor:672 - Loaded cache for model_cache/meta-llama/Llama-3.1-8B-Instruct/P150/tensor_cache_instruct_bfp8/layers.8.attention.wo_dtype_BFLOAT8_B_layout_TILE.tensorbin of shape Shape([1, 1, 4096, 4096])
2026-06-04 16:44:46.928 | DEBUG    | core:as_tensor:672 - Loaded cache for model_cache/meta-llama/Llama-3.1-8B-Instruct/P150/tensor_cache_instruct_bfp8/kvcache_torch.Size([1, 8, 2048, 128])_dtype_BFLOAT8_B_layout_TILE.tensorbin of shape Shape([1, 8, 2048, 128])
2026-06-04 16:44:46.929 | DEBUG    | core:as_tensor:672 - Loaded cache for model_cache/meta-llama/Llama-3.1-8B-Instruct/P150/tensor_cache_instruct_bfp8/kvcache_torch.Size([1, 8, 2048, 128])_dtype_BFLOAT8_B_layout_TILE.tensorbin of shape Shape([1, 8, 2048, 128])
2026-06-04 16:44:47.023 | DEBUG    | core:as_tensor:672 - Loaded cache for model_cache/meta-llama/Llama-3.1-8B-Instruct/P150/tensor_cache_instruct_bfp8/layers.8.feed_forward.w1_sharded_dtype_BFLOAT4_B_layout_TILE.tensorbin of shape Shape([4096, 14336])
2026-06-04 16:44:47.282 | DEBUG    | core:as_tensor:672 - Loaded cache for model_cache/meta-llama/Llama-3.1-8B-Instruct/P150/tensor_cache_instruct_bfp8/layers.8.feed_forward.w2_sharded_dtype_BFLOAT8_B_layout_TILE.tensorbin of shape Shape([14336, 4096])
2026-06-04 16:44:47.378 | DEBUG    | core:as_tensor:672 - Loaded cache for model_cache/meta-llama/Llama-3.1-8B-Instruct/P150/tensor_cache_instruct_bfp8/layers.8.feed_forward.w3_sharded_dtype_BFLOAT4_B_layout_TILE.tensorbin of shape Shape([4096, 14336])
2026-06-04 16:44:47.379 | DEBUG    | core:as_tensor:672 - Loaded cache for model_cache/meta-llama/Llama-3.1-8B-Instruct/P150/tensor_cache_instruct_bfp8/layers.8.attention_norm.weight_dtype_BFLOAT16_layout_ROW_MAJOR.tensorbin of shape Shape([1, 1, 128, 32])
2026-06-04 16:44:47.379 | DEBUG    | core:as_tensor:672 - Loaded cache for model_cache/meta-llama/Llama-3.1-8B-Instruct/P150/tensor_cache_instruct_bfp8/layers.8.attention_norm.weight_distributed_dtype_BFLOAT16_layout_ROW_MAJOR.tensorbin of shape Shape([1, 1, 128, 32])
2026-06-04 16:44:47.380 | DEBUG    | core:as_tensor:672 - Loaded cache for model_cache/meta-llama/Llama-3.1-8B-Instruct/P150/tensor_cache_instruct_bfp8/layers.8.ffn_norm.weight_dtype_BFLOAT16_layout_ROW_MAJOR.tensorbin of shape Shape([1, 1, 128, 32])
2026-06-04 16:44:47.380 | DEBUG    | core:as_tensor:672 - Loaded cache for model_cache/meta-llama/Llama-3.1-8B-Instruct/P150/tensor_cache_instruct_bfp8/layers.8.ffn_norm.weight_distributed_dtype_BFLOAT16_layout_ROW_MAJOR.tensorbin of shape Shape([1, 1, 128, 32])
 28%|██▊       | 9/32 [00:04<00:14,  1.60it/s]2026-06-04 16:44:47.516 | DEBUG    | core:as_tensor:672 - Loaded cache for model_cache/meta-llama/Llama-3.1-8B-Instruct/P150/tensor_cache_instruct_bfp8/layers.9.attention.wqkv_sharded_2d_dtype_BFLOAT8_B_layout_TILE.tensorbin of shape Shape([1, 1, 4096, 6144])
2026-06-04 16:44:47.592 | DEBUG    | core:as_tensor:672 - Loaded cache for model_cache/meta-llama/Llama-3.1-8B-Instruct/P150/tensor_cache_instruct_bfp8/layers.9.attention.wo_dtype_BFLOAT8_B_layout_TILE.tensorbin of shape Shape([1, 1, 4096, 4096])
2026-06-04 16:44:47.595 | DEBUG    | core:as_tensor:672 - Loaded cache for model_cache/meta-llama/Llama-3.1-8B-Instruct/P150/tensor_cache_instruct_bfp8/kvcache_torch.Size([1, 8, 2048, 128])_dtype_BFLOAT8_B_layout_TILE.tensorbin of shape Shape([1, 8, 2048, 128])
2026-06-04 16:44:47.596 | DEBUG    | core:as_tensor:672 - Loaded cache for model_cache/meta-llama/Llama-3.1-8B-Instruct/P150/tensor_cache_instruct_bfp8/kvcache_torch.Size([1, 8, 2048, 128])_dtype_BFLOAT8_B_layout_TILE.tensorbin of shape Shape([1, 8, 2048, 128])
2026-06-04 16:44:47.697 | DEBUG    | core:as_tensor:672 - Loaded cache for model_cache/meta-llama/Llama-3.1-8B-Instruct/P150/tensor_cache_instruct_bfp8/layers.9.feed_forward.w1_sharded_dtype_BFLOAT4_B_layout_TILE.tensorbin of shape Shape([4096, 14336])
2026-06-04 16:44:47.971 | DEBUG    | core:as_tensor:672 - Loaded cache for model_cache/meta-llama/Llama-3.1-8B-Instruct/P150/tensor_cache_instruct_bfp8/layers.9.feed_forward.w2_sharded_dtype_BFLOAT8_B_layout_TILE.tensorbin of shape Shape([14336, 4096])
2026-06-04 16:44:48.065 | DEBUG    | core:as_tensor:672 - Loaded cache for model_cache/meta-llama/Llama-3.1-8B-Instruct/P150/tensor_cache_instruct_bfp8/layers.9.feed_forward.w3_sharded_dtype_BFLOAT4_B_layout_TILE.tensorbin of shape Shape([4096, 14336])
2026-06-04 16:44:48.066 | DEBUG    | core:as_tensor:672 - Loaded cache for model_cache/meta-llama/Llama-3.1-8B-Instruct/P150/tensor_cache_instruct_bfp8/layers.9.attention_norm.weight_dtype_BFLOAT16_layout_ROW_MAJOR.tensorbin of shape Shape([1, 1, 128, 32])
2026-06-04 16:44:48.067 | DEBUG    | core:as_tensor:672 - Loaded cache for model_cache/meta-llama/Llama-3.1-8B-Instruct/P150/tensor_cache_instruct_bfp8/layers.9.attention_norm.weight_distributed_dtype_BFLOAT16_layout_ROW_MAJOR.tensorbin of shape Shape([1, 1, 128, 32])
2026-06-04 16:44:48.067 | DEBUG    | core:as_tensor:672 - Loaded cache for model_cache/meta-llama/Llama-3.1-8B-Instruct/P150/tensor_cache_instruct_bfp8/layers.9.ffn_norm.weight_dtype_BFLOAT16_layout_ROW_MAJOR.tensorbin of shape Shape([1, 1, 128, 32])
2026-06-04 16:44:48.068 | DEBUG    | core:as_tensor:672 - Loaded cache for model_cache/meta-llama/Llama-3.1-8B-Instruct/P150/tensor_cache_instruct_bfp8/layers.9.ffn_norm.weight_distributed_dtype_BFLOAT16_layout_ROW_MAJOR.tensorbin of shape Shape([1, 1, 128, 32])
 31%|███▏      | 10/32 [00:05<00:14,  1.55it/s]2026-06-04 16:44:48.201 | DEBUG    | core:as_tensor:672 - Loaded cache for model_cache/meta-llama/Llama-3.1-8B-Instruct/P150/tensor_cache_instruct_bfp8/layers.10.attention.wqkv_sharded_2d_dtype_BFLOAT8_B_layout_TILE.tensorbin of shape Shape([1, 1, 4096, 6144])
2026-06-04 16:44:48.264 | DEBUG    | core:as_tensor:672 - Loaded cache for model_cache/meta-llama/Llama-3.1-8B-Instruct/P150/tensor_cache_instruct_bfp8/layers.10.attention.wo_dtype_BFLOAT8_B_layout_TILE.tensorbin of shape Shape([1, 1, 4096, 4096])
2026-06-04 16:44:48.267 | DEBUG    | core:as_tensor:672 - Loaded cache for model_cache/meta-llama/Llama-3.1-8B-Instruct/P150/tensor_cache_instruct_bfp8/kvcache_torch.Size([1, 8, 2048, 128])_dtype_BFLOAT8_B_layout_TILE.tensorbin of shape Shape([1, 8, 2048, 128])
2026-06-04 16:44:48.269 | DEBUG    | core:as_tensor:672 - Loaded cache for model_cache/meta-llama/Llama-3.1-8B-Instruct/P150/tensor_cache_instruct_bfp8/kvcache_torch.Size([1, 8, 2048, 128])_dtype_BFLOAT8_B_layout_TILE.tensorbin of shape Shape([1, 8, 2048, 128])
2026-06-04 16:44:48.375 | DEBUG    | core:as_tensor:672 - Loaded cache for model_cache/meta-llama/Llama-3.1-8B-Instruct/P150/tensor_cache_instruct_bfp8/layers.10.feed_forward.w1_sharded_dtype_BFLOAT4_B_layout_TILE.tensorbin of shape Shape([4096, 14336])
2026-06-04 16:44:48.637 | DEBUG    | core:as_tensor:672 - Loaded cache for model_cache/meta-llama/Llama-3.1-8B-Instruct/P150/tensor_cache_instruct_bfp8/layers.10.feed_forward.w2_sharded_dtype_BFLOAT8_B_layout_TILE.tensorbin of shape Shape([14336, 4096])
2026-06-04 16:44:48.731 | DEBUG    | core:as_tensor:672 - Loaded cache for model_cache/meta-llama/Llama-3.1-8B-Instruct/P150/tensor_cache_instruct_bfp8/layers.10.feed_forward.w3_sharded_dtype_BFLOAT4_B_layout_TILE.tensorbin of shape Shape([4096, 14336])
2026-06-04 16:44:48.732 | DEBUG    | core:as_tensor:672 - Loaded cache for model_cache/meta-llama/Llama-3.1-8B-Instruct/P150/tensor_cache_instruct_bfp8/layers.10.attention_norm.weight_dtype_BFLOAT16_layout_ROW_MAJOR.tensorbin of shape Shape([1, 1, 128, 32])
2026-06-04 16:44:48.732 | DEBUG    | core:as_tensor:672 - Loaded cache for model_cache/meta-llama/Llama-3.1-8B-Instruct/P150/tensor_cache_instruct_bfp8/layers.10.attention_norm.weight_distributed_dtype_BFLOAT16_layout_ROW_MAJOR.tensorbin of shape Shape([1, 1, 128, 32])
2026-06-04 16:44:48.733 | DEBUG    | core:as_tensor:672 - Loaded cache for model_cache/meta-llama/Llama-3.1-8B-Instruct/P150/tensor_cache_instruct_bfp8/layers.10.ffn_norm.weight_dtype_BFLOAT16_layout_ROW_MAJOR.tensorbin of shape Shape([1, 1, 128, 32])
2026-06-04 16:44:48.733 | DEBUG    | core:as_tensor:672 - Loaded cache for model_cache/meta-llama/Llama-3.1-8B-Instruct/P150/tensor_cache_instruct_bfp8/layers.10.ffn_norm.weight_distributed_dtype_BFLOAT16_layout_ROW_MAJOR.tensorbin of shape Shape([1, 1, 128, 32])
 34%|███▍      | 11/32 [00:06<00:13,  1.54it/s]2026-06-04 16:44:48.856 | DEBUG    | core:as_tensor:672 - Loaded cache for model_cache/meta-llama/Llama-3.1-8B-Instruct/P150/tensor_cache_instruct_bfp8/layers.11.attention.wqkv_sharded_2d_dtype_BFLOAT8_B_layout_TILE.tensorbin of shape Shape([1, 1, 4096, 6144])
2026-06-04 16:44:48.929 | DEBUG    | core:as_tensor:672 - Loaded cache for model_cache/meta-llama/Llama-3.1-8B-Instruct/P150/tensor_cache_instruct_bfp8/layers.11.attention.wo_dtype_BFLOAT8_B_layout_TILE.tensorbin of shape Shape([1, 1, 4096, 4096])
2026-06-04 16:44:48.933 | DEBUG    | core:as_tensor:672 - Loaded cache for model_cache/meta-llama/Llama-3.1-8B-Instruct/P150/tensor_cache_instruct_bfp8/kvcache_torch.Size([1, 8, 2048, 128])_dtype_BFLOAT8_B_layout_TILE.tensorbin of shape Shape([1, 8, 2048, 128])
2026-06-04 16:44:48.934 | DEBUG    | core:as_tensor:672 - Loaded cache for model_cache/meta-llama/Llama-3.1-8B-Instruct/P150/tensor_cache_instruct_bfp8/kvcache_torch.Size([1, 8, 2048, 128])_dtype_BFLOAT8_B_layout_TILE.tensorbin of shape Shape([1, 8, 2048, 128])
2026-06-04 16:44:49.035 | DEBUG    | core:as_tensor:672 - Loaded cache for model_cache/meta-llama/Llama-3.1-8B-Instruct/P150/tensor_cache_instruct_bfp8/layers.11.feed_forward.w1_sharded_dtype_BFLOAT4_B_layout_TILE.tensorbin of shape Shape([4096, 14336])
2026-06-04 16:44:49.310 | DEBUG    | core:as_tensor:672 - Loaded cache for model_cache/meta-llama/Llama-3.1-8B-Instruct/P150/tensor_cache_instruct_bfp8/layers.11.feed_forward.w2_sharded_dtype_BFLOAT8_B_layout_TILE.tensorbin of shape Shape([14336, 4096])
2026-06-04 16:44:49.405 | DEBUG    | core:as_tensor:672 - Loaded cache for model_cache/meta-llama/Llama-3.1-8B-Instruct/P150/tensor_cache_instruct_bfp8/layers.11.feed_forward.w3_sharded_dtype_BFLOAT4_B_layout_TILE.tensorbin of shape Shape([4096, 14336])
2026-06-04 16:44:49.406 | DEBUG    | core:as_tensor:672 - Loaded cache for model_cache/meta-llama/Llama-3.1-8B-Instruct/P150/tensor_cache_instruct_bfp8/layers.11.attention_norm.weight_dtype_BFLOAT16_layout_ROW_MAJOR.tensorbin of shape Shape([1, 1, 128, 32])
2026-06-04 16:44:49.407 | DEBUG    | core:as_tensor:672 - Loaded cache for model_cache/meta-llama/Llama-3.1-8B-Instruct/P150/tensor_cache_instruct_bfp8/layers.11.attention_norm.weight_distributed_dtype_BFLOAT16_layout_ROW_MAJOR.tensorbin of shape Shape([1, 1, 128, 32])
2026-06-04 16:44:49.408 | DEBUG    | core:as_tensor:672 - Loaded cache for model_cache/meta-llama/Llama-3.1-8B-Instruct/P150/tensor_cache_instruct_bfp8/layers.11.ffn_norm.weight_dtype_BFLOAT16_layout_ROW_MAJOR.tensorbin of shape Shape([1, 1, 128, 32])
2026-06-04 16:44:49.408 | DEBUG    | core:as_tensor:672 - Loaded cache for model_cache/meta-llama/Llama-3.1-8B-Instruct/P150/tensor_cache_instruct_bfp8/layers.11.ffn_norm.weight_distributed_dtype_BFLOAT16_layout_ROW_MAJOR.tensorbin of shape Shape([1, 1, 128, 32])
 38%|███▊      | 12/32 [00:06<00:13,  1.52it/s]2026-06-04 16:44:49.542 | DEBUG    | core:as_tensor:672 - Loaded cache for model_cache/meta-llama/Llama-3.1-8B-Instruct/P150/tensor_cache_instruct_bfp8/layers.12.attention.wqkv_sharded_2d_dtype_BFLOAT8_B_layout_TILE.tensorbin of shape Shape([1, 1, 4096, 6144])
2026-06-04 16:44:49.614 | DEBUG    | core:as_tensor:672 - Loaded cache for model_cache/meta-llama/Llama-3.1-8B-Instruct/P150/tensor_cache_instruct_bfp8/layers.12.attention.wo_dtype_BFLOAT8_B_layout_TILE.tensorbin of shape Shape([1, 1, 4096, 4096])
2026-06-04 16:44:49.617 | DEBUG    | core:as_tensor:672 - Loaded cache for model_cache/meta-llama/Llama-3.1-8B-Instruct/P150/tensor_cache_instruct_bfp8/kvcache_torch.Size([1, 8, 2048, 128])_dtype_BFLOAT8_B_layout_TILE.tensorbin of shape Shape([1, 8, 2048, 128])
2026-06-04 16:44:49.618 | DEBUG    | core:as_tensor:672 - Loaded cache for model_cache/meta-llama/Llama-3.1-8B-Instruct/P150/tensor_cache_instruct_bfp8/kvcache_torch.Size([1, 8, 2048, 128])_dtype_BFLOAT8_B_layout_TILE.tensorbin of shape Shape([1, 8, 2048, 128])
2026-06-04 16:44:49.722 | DEBUG    | core:as_tensor:672 - Loaded cache for model_cache/meta-llama/Llama-3.1-8B-Instruct/P150/tensor_cache_instruct_bfp8/layers.12.feed_forward.w1_sharded_dtype_BFLOAT4_B_layout_TILE.tensorbin of shape Shape([4096, 14336])
2026-06-04 16:44:49.987 | DEBUG    | core:as_tensor:672 - Loaded cache for model_cache/meta-llama/Llama-3.1-8B-Instruct/P150/tensor_cache_instruct_bfp8/layers.12.feed_forward.w2_sharded_dtype_BFLOAT8_B_layout_TILE.tensorbin of shape Shape([14336, 4096])
2026-06-04 16:44:50.080 | DEBUG    | core:as_tensor:672 - Loaded cache for model_cache/meta-llama/Llama-3.1-8B-Instruct/P150/tensor_cache_instruct_bfp8/layers.12.feed_forward.w3_sharded_dtype_BFLOAT4_B_layout_TILE.tensorbin of shape Shape([4096, 14336])
2026-06-04 16:44:50.081 | DEBUG    | core:as_tensor:672 - Loaded cache for model_cache/meta-llama/Llama-3.1-8B-Instruct/P150/tensor_cache_instruct_bfp8/layers.12.attention_norm.weight_dtype_BFLOAT16_layout_ROW_MAJOR.tensorbin of shape Shape([1, 1, 128, 32])
2026-06-04 16:44:50.082 | DEBUG    | core:as_tensor:672 - Loaded cache for model_cache/meta-llama/Llama-3.1-8B-Instruct/P150/tensor_cache_instruct_bfp8/layers.12.attention_norm.weight_distributed_dtype_BFLOAT16_layout_ROW_MAJOR.tensorbin of shape Shape([1, 1, 128, 32])
2026-06-04 16:44:50.082 | DEBUG    | core:as_tensor:672 - Loaded cache for model_cache/meta-llama/Llama-3.1-8B-Instruct/P150/tensor_cache_instruct_bfp8/layers.12.ffn_norm.weight_dtype_BFLOAT16_layout_ROW_MAJOR.tensorbin of shape Shape([1, 1, 128, 32])
2026-06-04 16:44:50.083 | DEBUG    | core:as_tensor:672 - Loaded cache for model_cache/meta-llama/Llama-3.1-8B-Instruct/P150/tensor_cache_instruct_bfp8/layers.12.ffn_norm.weight_distributed_dtype_BFLOAT16_layout_ROW_MAJOR.tensorbin of shape Shape([1, 1, 128, 32])
 41%|████      | 13/32 [00:07<00:12,  1.51it/s]2026-06-04 16:44:50.217 | DEBUG    | core:as_tensor:672 - Loaded cache for model_cache/meta-llama/Llama-3.1-8B-Instruct/P150/tensor_cache_instruct_bfp8/layers.13.attention.wqkv_sharded_2d_dtype_BFLOAT8_B_layout_TILE.tensorbin of shape Shape([1, 1, 4096, 6144])
2026-06-04 16:44:50.291 | DEBUG    | core:as_tensor:672 - Loaded cache for model_cache/meta-llama/Llama-3.1-8B-Instruct/P150/tensor_cache_instruct_bfp8/layers.13.attention.wo_dtype_BFLOAT8_B_layout_TILE.tensorbin of shape Shape([1, 1, 4096, 4096])
2026-06-04 16:44:50.295 | DEBUG    | core:as_tensor:672 - Loaded cache for model_cache/meta-llama/Llama-3.1-8B-Instruct/P150/tensor_cache_instruct_bfp8/kvcache_torch.Size([1, 8, 2048, 128])_dtype_BFLOAT8_B_layout_TILE.tensorbin of shape Shape([1, 8, 2048, 128])
2026-06-04 16:44:50.296 | DEBUG    | core:as_tensor:672 - Loaded cache for model_cache/meta-llama/Llama-3.1-8B-Instruct/P150/tensor_cache_instruct_bfp8/kvcache_torch.Size([1, 8, 2048, 128])_dtype_BFLOAT8_B_layout_TILE.tensorbin of shape Shape([1, 8, 2048, 128])
2026-06-04 16:44:50.400 | DEBUG    | core:as_tensor:672 - Loaded cache for model_cache/meta-llama/Llama-3.1-8B-Instruct/P150/tensor_cache_instruct_bfp8/layers.13.feed_forward.w1_sharded_dtype_BFLOAT4_B_layout_TILE.tensorbin of shape Shape([4096, 14336])
2026-06-04 16:44:50.661 | DEBUG    | core:as_tensor:672 - Loaded cache for model_cache/meta-llama/Llama-3.1-8B-Instruct/P150/tensor_cache_instruct_bfp8/layers.13.feed_forward.w2_sharded_dtype_BFLOAT8_B_layout_TILE.tensorbin of shape Shape([14336, 4096])
2026-06-04 16:44:50.759 | DEBUG    | core:as_tensor:672 - Loaded cache for model_cache/meta-llama/Llama-3.1-8B-Instruct/P150/tensor_cache_instruct_bfp8/layers.13.feed_forward.w3_sharded_dtype_BFLOAT4_B_layout_TILE.tensorbin of shape Shape([4096, 14336])
2026-06-04 16:44:50.760 | DEBUG    | core:as_tensor:672 - Loaded cache for model_cache/meta-llama/Llama-3.1-8B-Instruct/P150/tensor_cache_instruct_bfp8/layers.13.attention_norm.weight_dtype_BFLOAT16_layout_ROW_MAJOR.tensorbin of shape Shape([1, 1, 128, 32])
2026-06-04 16:44:50.761 | DEBUG    | core:as_tensor:672 - Loaded cache for model_cache/meta-llama/Llama-3.1-8B-Instruct/P150/tensor_cache_instruct_bfp8/layers.13.attention_norm.weight_distributed_dtype_BFLOAT16_layout_ROW_MAJOR.tensorbin of shape Shape([1, 1, 128, 32])
2026-06-04 16:44:50.762 | DEBUG    | core:as_tensor:672 - Loaded cache for model_cache/meta-llama/Llama-3.1-8B-Instruct/P150/tensor_cache_instruct_bfp8/layers.13.ffn_norm.weight_dtype_BFLOAT16_layout_ROW_MAJOR.tensorbin of shape Shape([1, 1, 128, 32])
2026-06-04 16:44:50.762 | DEBUG    | core:as_tensor:672 - Loaded cache for model_cache/meta-llama/Llama-3.1-8B-Instruct/P150/tensor_cache_instruct_bfp8/layers.13.ffn_norm.weight_distributed_dtype_BFLOAT16_layout_ROW_MAJOR.tensorbin of shape Shape([1, 1, 128, 32])
 44%|████▍     | 14/32 [00:08<00:12,  1.50it/s]2026-06-04 16:44:50.897 | DEBUG    | core:as_tensor:672 - Loaded cache for model_cache/meta-llama/Llama-3.1-8B-Instruct/P150/tensor_cache_instruct_bfp8/layers.14.attention.wqkv_sharded_2d_dtype_BFLOAT8_B_layout_TILE.tensorbin of shape Shape([1, 1, 4096, 6144])
2026-06-04 16:44:50.972 | DEBUG    | core:as_tensor:672 - Loaded cache for model_cache/meta-llama/Llama-3.1-8B-Instruct/P150/tensor_cache_instruct_bfp8/layers.14.attention.wo_dtype_BFLOAT8_B_layout_TILE.tensorbin of shape Shape([1, 1, 4096, 4096])
2026-06-04 16:44:50.976 | DEBUG    | core:as_tensor:672 - Loaded cache for model_cache/meta-llama/Llama-3.1-8B-Instruct/P150/tensor_cache_instruct_bfp8/kvcache_torch.Size([1, 8, 2048, 128])_dtype_BFLOAT8_B_layout_TILE.tensorbin of shape Shape([1, 8, 2048, 128])
2026-06-04 16:44:50.977 | DEBUG    | core:as_tensor:672 - Loaded cache for model_cache/meta-llama/Llama-3.1-8B-Instruct/P150/tensor_cache_instruct_bfp8/kvcache_torch.Size([1, 8, 2048, 128])_dtype_BFLOAT8_B_layout_TILE.tensorbin of shape Shape([1, 8, 2048, 128])
2026-06-04 16:44:51.078 | DEBUG    | core:as_tensor:672 - Loaded cache for model_cache/meta-llama/Llama-3.1-8B-Instruct/P150/tensor_cache_instruct_bfp8/layers.14.feed_forward.w1_sharded_dtype_BFLOAT4_B_layout_TILE.tensorbin of shape Shape([4096, 14336])
2026-06-04 16:44:51.344 | DEBUG    | core:as_tensor:672 - Loaded cache for model_cache/meta-llama/Llama-3.1-8B-Instruct/P150/tensor_cache_instruct_bfp8/layers.14.feed_forward.w2_sharded_dtype_BFLOAT8_B_layout_TILE.tensorbin of shape Shape([14336, 4096])
2026-06-04 16:44:51.441 | DEBUG    | core:as_tensor:672 - Loaded cache for model_cache/meta-llama/Llama-3.1-8B-Instruct/P150/tensor_cache_instruct_bfp8/layers.14.feed_forward.w3_sharded_dtype_BFLOAT4_B_layout_TILE.tensorbin of shape Shape([4096, 14336])
2026-06-04 16:44:51.442 | DEBUG    | core:as_tensor:672 - Loaded cache for model_cache/meta-llama/Llama-3.1-8B-Instruct/P150/tensor_cache_instruct_bfp8/layers.14.attention_norm.weight_dtype_BFLOAT16_layout_ROW_MAJOR.tensorbin of shape Shape([1, 1, 128, 32])
2026-06-04 16:44:51.443 | DEBUG    | core:as_tensor:672 - Loaded cache for model_cache/meta-llama/Llama-3.1-8B-Instruct/P150/tensor_cache_instruct_bfp8/layers.14.attention_norm.weight_distributed_dtype_BFLOAT16_layout_ROW_MAJOR.tensorbin of shape Shape([1, 1, 128, 32])
2026-06-04 16:44:51.443 | DEBUG    | core:as_tensor:672 - Loaded cache for model_cache/meta-llama/Llama-3.1-8B-Instruct/P150/tensor_cache_instruct_bfp8/layers.14.ffn_norm.weight_dtype_BFLOAT16_layout_ROW_MAJOR.tensorbin of shape Shape([1, 1, 128, 32])
2026-06-04 16:44:51.444 | DEBUG    | core:as_tensor:672 - Loaded cache for model_cache/meta-llama/Llama-3.1-8B-Instruct/P150/tensor_cache_instruct_bfp8/layers.14.ffn_norm.weight_distributed_dtype_BFLOAT16_layout_ROW_MAJOR.tensorbin of shape Shape([1, 1, 128, 32])
 47%|████▋     | 15/32 [00:08<00:11,  1.49it/s]2026-06-04 16:44:51.580 | DEBUG    | core:as_tensor:672 - Loaded cache for model_cache/meta-llama/Llama-3.1-8B-Instruct/P150/tensor_cache_instruct_bfp8/layers.15.attention.wqkv_sharded_2d_dtype_BFLOAT8_B_layout_TILE.tensorbin of shape Shape([1, 1, 4096, 6144])
2026-06-04 16:44:51.656 | DEBUG    | core:as_tensor:672 - Loaded cache for model_cache/meta-llama/Llama-3.1-8B-Instruct/P150/tensor_cache_instruct_bfp8/layers.15.attention.wo_dtype_BFLOAT8_B_layout_TILE.tensorbin of shape Shape([1, 1, 4096, 4096])
2026-06-04 16:44:51.660 | DEBUG    | core:as_tensor:672 - Loaded cache for model_cache/meta-llama/Llama-3.1-8B-Instruct/P150/tensor_cache_instruct_bfp8/kvcache_torch.Size([1, 8, 2048, 128])_dtype_BFLOAT8_B_layout_TILE.tensorbin of shape Shape([1, 8, 2048, 128])
2026-06-04 16:44:51.661 | DEBUG    | core:as_tensor:672 - Loaded cache for model_cache/meta-llama/Llama-3.1-8B-Instruct/P150/tensor_cache_instruct_bfp8/kvcache_torch.Size([1, 8, 2048, 128])_dtype_BFLOAT8_B_layout_TILE.tensorbin of shape Shape([1, 8, 2048, 128])
2026-06-04 16:44:51.762 | DEBUG    | core:as_tensor:672 - Loaded cache for model_cache/meta-llama/Llama-3.1-8B-Instruct/P150/tensor_cache_instruct_bfp8/layers.15.feed_forward.w1_sharded_dtype_BFLOAT4_B_layout_TILE.tensorbin of shape Shape([4096, 14336])
2026-06-04 16:44:52.014 | DEBUG    | core:as_tensor:672 - Loaded cache for model_cache/meta-llama/Llama-3.1-8B-Instruct/P150/tensor_cache_instruct_bfp8/layers.15.feed_forward.w2_sharded_dtype_BFLOAT8_B_layout_TILE.tensorbin of shape Shape([14336, 4096])
2026-06-04 16:44:52.106 | DEBUG    | core:as_tensor:672 - Loaded cache for model_cache/meta-llama/Llama-3.1-8B-Instruct/P150/tensor_cache_instruct_bfp8/layers.15.feed_forward.w3_sharded_dtype_BFLOAT4_B_layout_TILE.tensorbin of shape Shape([4096, 14336])
2026-06-04 16:44:52.107 | DEBUG    | core:as_tensor:672 - Loaded cache for model_cache/meta-llama/Llama-3.1-8B-Instruct/P150/tensor_cache_instruct_bfp8/layers.15.attention_norm.weight_dtype_BFLOAT16_layout_ROW_MAJOR.tensorbin of shape Shape([1, 1, 128, 32])
2026-06-04 16:44:52.107 | DEBUG    | core:as_tensor:672 - Loaded cache for model_cache/meta-llama/Llama-3.1-8B-Instruct/P150/tensor_cache_instruct_bfp8/layers.15.attention_norm.weight_distributed_dtype_BFLOAT16_layout_ROW_MAJOR.tensorbin of shape Shape([1, 1, 128, 32])
2026-06-04 16:44:52.108 | DEBUG    | core:as_tensor:672 - Loaded cache for model_cache/meta-llama/Llama-3.1-8B-Instruct/P150/tensor_cache_instruct_bfp8/layers.15.ffn_norm.weight_dtype_BFLOAT16_layout_ROW_MAJOR.tensorbin of shape Shape([1, 1, 128, 32])
2026-06-04 16:44:52.108 | DEBUG    | core:as_tensor:672 - Loaded cache for model_cache/meta-llama/Llama-3.1-8B-Instruct/P150/tensor_cache_instruct_bfp8/layers.15.ffn_norm.weight_distributed_dtype_BFLOAT16_layout_ROW_MAJOR.tensorbin of shape Shape([1, 1, 128, 32])
 50%|█████     | 16/32 [00:09<00:10,  1.49it/s]2026-06-04 16:44:52.233 | DEBUG    | core:as_tensor:672 - Loaded cache for model_cache/meta-llama/Llama-3.1-8B-Instruct/P150/tensor_cache_instruct_bfp8/layers.16.attention.wqkv_sharded_2d_dtype_BFLOAT8_B_layout_TILE.tensorbin of shape Shape([1, 1, 4096, 6144])
2026-06-04 16:44:52.301 | DEBUG    | core:as_tensor:672 - Loaded cache for model_cache/meta-llama/Llama-3.1-8B-Instruct/P150/tensor_cache_instruct_bfp8/layers.16.attention.wo_dtype_BFLOAT8_B_layout_TILE.tensorbin of shape Shape([1, 1, 4096, 4096])
2026-06-04 16:44:52.305 | DEBUG    | core:as_tensor:672 - Loaded cache for model_cache/meta-llama/Llama-3.1-8B-Instruct/P150/tensor_cache_instruct_bfp8/kvcache_torch.Size([1, 8, 2048, 128])_dtype_BFLOAT8_B_layout_TILE.tensorbin of shape Shape([1, 8, 2048, 128])
2026-06-04 16:44:52.306 | DEBUG    | core:as_tensor:672 - Loaded cache for model_cache/meta-llama/Llama-3.1-8B-Instruct/P150/tensor_cache_instruct_bfp8/kvcache_torch.Size([1, 8, 2048, 128])_dtype_BFLOAT8_B_layout_TILE.tensorbin of shape Shape([1, 8, 2048, 128])
2026-06-04 16:44:52.402 | DEBUG    | core:as_tensor:672 - Loaded cache for model_cache/meta-llama/Llama-3.1-8B-Instruct/P150/tensor_cache_instruct_bfp8/layers.16.feed_forward.w1_sharded_dtype_BFLOAT4_B_layout_TILE.tensorbin of shape Shape([4096, 14336])
2026-06-04 16:44:52.640 | DEBUG    | core:as_tensor:672 - Loaded cache for model_cache/meta-llama/Llama-3.1-8B-Instruct/P150/tensor_cache_instruct_bfp8/layers.16.feed_forward.w2_sharded_dtype_BFLOAT8_B_layout_TILE.tensorbin of shape Shape([14336, 4096])
2026-06-04 16:44:52.727 | DEBUG    | core:as_tensor:672 - Loaded cache for model_cache/meta-llama/Llama-3.1-8B-Instruct/P150/tensor_cache_instruct_bfp8/layers.16.feed_forward.w3_sharded_dtype_BFLOAT4_B_layout_TILE.tensorbin of shape Shape([4096, 14336])
2026-06-04 16:44:52.728 | DEBUG    | core:as_tensor:672 - Loaded cache for model_cache/meta-llama/Llama-3.1-8B-Instruct/P150/tensor_cache_instruct_bfp8/layers.16.attention_norm.weight_dtype_BFLOAT16_layout_ROW_MAJOR.tensorbin of shape Shape([1, 1, 128, 32])
2026-06-04 16:44:52.729 | DEBUG    | core:as_tensor:672 - Loaded cache for model_cache/meta-llama/Llama-3.1-8B-Instruct/P150/tensor_cache_instruct_bfp8/layers.16.attention_norm.weight_distributed_dtype_BFLOAT16_layout_ROW_MAJOR.tensorbin of shape Shape([1, 1, 128, 32])
2026-06-04 16:44:52.729 | DEBUG    | core:as_tensor:672 - Loaded cache for model_cache/meta-llama/Llama-3.1-8B-Instruct/P150/tensor_cache_instruct_bfp8/layers.16.ffn_norm.weight_dtype_BFLOAT16_layout_ROW_MAJOR.tensorbin of shape Shape([1, 1, 128, 32])
2026-06-04 16:44:52.730 | DEBUG    | core:as_tensor:672 - Loaded cache for model_cache/meta-llama/Llama-3.1-8B-Instruct/P150/tensor_cache_instruct_bfp8/layers.16.ffn_norm.weight_distributed_dtype_BFLOAT16_layout_ROW_MAJOR.tensorbin of shape Shape([1, 1, 128, 32])
 53%|█████▎    | 17/32 [00:10<00:09,  1.53it/s]2026-06-04 16:44:52.859 | DEBUG    | core:as_tensor:672 - Loaded cache for model_cache/meta-llama/Llama-3.1-8B-Instruct/P150/tensor_cache_instruct_bfp8/layers.17.attention.wqkv_sharded_2d_dtype_BFLOAT8_B_layout_TILE.tensorbin of shape Shape([1, 1, 4096, 6144])
2026-06-04 16:44:52.925 | DEBUG    | core:as_tensor:672 - Loaded cache for model_cache/meta-llama/Llama-3.1-8B-Instruct/P150/tensor_cache_instruct_bfp8/layers.17.attention.wo_dtype_BFLOAT8_B_layout_TILE.tensorbin of shape Shape([1, 1, 4096, 4096])
2026-06-04 16:44:52.929 | DEBUG    | core:as_tensor:672 - Loaded cache for model_cache/meta-llama/Llama-3.1-8B-Instruct/P150/tensor_cache_instruct_bfp8/kvcache_torch.Size([1, 8, 2048, 128])_dtype_BFLOAT8_B_layout_TILE.tensorbin of shape Shape([1, 8, 2048, 128])
2026-06-04 16:44:52.930 | DEBUG    | core:as_tensor:672 - Loaded cache for model_cache/meta-llama/Llama-3.1-8B-Instruct/P150/tensor_cache_instruct_bfp8/kvcache_torch.Size([1, 8, 2048, 128])_dtype_BFLOAT8_B_layout_TILE.tensorbin of shape Shape([1, 8, 2048, 128])
2026-06-04 16:44:53.023 | DEBUG    | core:as_tensor:672 - Loaded cache for model_cache/meta-llama/Llama-3.1-8B-Instruct/P150/tensor_cache_instruct_bfp8/layers.17.feed_forward.w1_sharded_dtype_BFLOAT4_B_layout_TILE.tensorbin of shape Shape([4096, 14336])
2026-06-04 16:44:53.283 | DEBUG    | core:as_tensor:672 - Loaded cache for model_cache/meta-llama/Llama-3.1-8B-Instruct/P150/tensor_cache_instruct_bfp8/layers.17.feed_forward.w2_sharded_dtype_BFLOAT8_B_layout_TILE.tensorbin of shape Shape([14336, 4096])
2026-06-04 16:44:53.381 | DEBUG    | core:as_tensor:672 - Loaded cache for model_cache/meta-llama/Llama-3.1-8B-Instruct/P150/tensor_cache_instruct_bfp8/layers.17.feed_forward.w3_sharded_dtype_BFLOAT4_B_layout_TILE.tensorbin of shape Shape([4096, 14336])
2026-06-04 16:44:53.381 | DEBUG    | core:as_tensor:672 - Loaded cache for model_cache/meta-llama/Llama-3.1-8B-Instruct/P150/tensor_cache_instruct_bfp8/layers.17.attention_norm.weight_dtype_BFLOAT16_layout_ROW_MAJOR.tensorbin of shape Shape([1, 1, 128, 32])
2026-06-04 16:44:53.382 | DEBUG    | core:as_tensor:672 - Loaded cache for model_cache/meta-llama/Llama-3.1-8B-Instruct/P150/tensor_cache_instruct_bfp8/layers.17.attention_norm.weight_distributed_dtype_BFLOAT16_layout_ROW_MAJOR.tensorbin of shape Shape([1, 1, 128, 32])
2026-06-04 16:44:53.383 | DEBUG    | core:as_tensor:672 - Loaded cache for model_cache/meta-llama/Llama-3.1-8B-Instruct/P150/tensor_cache_instruct_bfp8/layers.17.ffn_norm.weight_dtype_BFLOAT16_layout_ROW_MAJOR.tensorbin of shape Shape([1, 1, 128, 32])
2026-06-04 16:44:53.383 | DEBUG    | core:as_tensor:672 - Loaded cache for model_cache/meta-llama/Llama-3.1-8B-Instruct/P150/tensor_cache_instruct_bfp8/layers.17.ffn_norm.weight_distributed_dtype_BFLOAT16_layout_ROW_MAJOR.tensorbin of shape Shape([1, 1, 128, 32])
 56%|█████▋    | 18/32 [00:10<00:09,  1.53it/s]2026-06-04 16:44:53.509 | DEBUG    | core:as_tensor:672 - Loaded cache for model_cache/meta-llama/Llama-3.1-8B-Instruct/P150/tensor_cache_instruct_bfp8/layers.18.attention.wqkv_sharded_2d_dtype_BFLOAT8_B_layout_TILE.tensorbin of shape Shape([1, 1, 4096, 6144])
2026-06-04 16:44:53.580 | DEBUG    | core:as_tensor:672 - Loaded cache for model_cache/meta-llama/Llama-3.1-8B-Instruct/P150/tensor_cache_instruct_bfp8/layers.18.attention.wo_dtype_BFLOAT8_B_layout_TILE.tensorbin of shape Shape([1, 1, 4096, 4096])
2026-06-04 16:44:53.583 | DEBUG    | core:as_tensor:672 - Loaded cache for model_cache/meta-llama/Llama-3.1-8B-Instruct/P150/tensor_cache_instruct_bfp8/kvcache_torch.Size([1, 8, 2048, 128])_dtype_BFLOAT8_B_layout_TILE.tensorbin of shape Shape([1, 8, 2048, 128])
2026-06-04 16:44:53.584 | DEBUG    | core:as_tensor:672 - Loaded cache for model_cache/meta-llama/Llama-3.1-8B-Instruct/P150/tensor_cache_instruct_bfp8/kvcache_torch.Size([1, 8, 2048, 128])_dtype_BFLOAT8_B_layout_TILE.tensorbin of shape Shape([1, 8, 2048, 128])
2026-06-04 16:44:53.677 | DEBUG    | core:as_tensor:672 - Loaded cache for model_cache/meta-llama/Llama-3.1-8B-Instruct/P150/tensor_cache_instruct_bfp8/layers.18.feed_forward.w1_sharded_dtype_BFLOAT4_B_layout_TILE.tensorbin of shape Shape([4096, 14336])
2026-06-04 16:44:53.923 | DEBUG    | core:as_tensor:672 - Loaded cache for model_cache/meta-llama/Llama-3.1-8B-Instruct/P150/tensor_cache_instruct_bfp8/layers.18.feed_forward.w2_sharded_dtype_BFLOAT8_B_layout_TILE.tensorbin of shape Shape([14336, 4096])
2026-06-04 16:44:54.012 | DEBUG    | core:as_tensor:672 - Loaded cache for model_cache/meta-llama/Llama-3.1-8B-Instruct/P150/tensor_cache_instruct_bfp8/layers.18.feed_forward.w3_sharded_dtype_BFLOAT4_B_layout_TILE.tensorbin of shape Shape([4096, 14336])
2026-06-04 16:44:54.013 | DEBUG    | core:as_tensor:672 - Loaded cache for model_cache/meta-llama/Llama-3.1-8B-Instruct/P150/tensor_cache_instruct_bfp8/layers.18.attention_norm.weight_dtype_BFLOAT16_layout_ROW_MAJOR.tensorbin of shape Shape([1, 1, 128, 32])
2026-06-04 16:44:54.013 | DEBUG    | core:as_tensor:672 - Loaded cache for model_cache/meta-llama/Llama-3.1-8B-Instruct/P150/tensor_cache_instruct_bfp8/layers.18.attention_norm.weight_distributed_dtype_BFLOAT16_layout_ROW_MAJOR.tensorbin of shape Shape([1, 1, 128, 32])
2026-06-04 16:44:54.014 | DEBUG    | core:as_tensor:672 - Loaded cache for model_cache/meta-llama/Llama-3.1-8B-Instruct/P150/tensor_cache_instruct_bfp8/layers.18.ffn_norm.weight_dtype_BFLOAT16_layout_ROW_MAJOR.tensorbin of shape Shape([1, 1, 128, 32])
2026-06-04 16:44:54.014 | DEBUG    | core:as_tensor:672 - Loaded cache for model_cache/meta-llama/Llama-3.1-8B-Instruct/P150/tensor_cache_instruct_bfp8/layers.18.ffn_norm.weight_distributed_dtype_BFLOAT16_layout_ROW_MAJOR.tensorbin of shape Shape([1, 1, 128, 32])
 59%|█████▉    | 19/32 [00:11<00:08,  1.54it/s]2026-06-04 16:44:54.143 | DEBUG    | core:as_tensor:672 - Loaded cache for model_cache/meta-llama/Llama-3.1-8B-Instruct/P150/tensor_cache_instruct_bfp8/layers.19.attention.wqkv_sharded_2d_dtype_BFLOAT8_B_layout_TILE.tensorbin of shape Shape([1, 1, 4096, 6144])
2026-06-04 16:44:54.203 | DEBUG    | core:as_tensor:672 - Loaded cache for model_cache/meta-llama/Llama-3.1-8B-Instruct/P150/tensor_cache_instruct_bfp8/layers.19.attention.wo_dtype_BFLOAT8_B_layout_TILE.tensorbin of shape Shape([1, 1, 4096, 4096])
2026-06-04 16:44:54.207 | DEBUG    | core:as_tensor:672 - Loaded cache for model_cache/meta-llama/Llama-3.1-8B-Instruct/P150/tensor_cache_instruct_bfp8/kvcache_torch.Size([1, 8, 2048, 128])_dtype_BFLOAT8_B_layout_TILE.tensorbin of shape Shape([1, 8, 2048, 128])
2026-06-04 16:44:54.208 | DEBUG    | core:as_tensor:672 - Loaded cache for model_cache/meta-llama/Llama-3.1-8B-Instruct/P150/tensor_cache_instruct_bfp8/kvcache_torch.Size([1, 8, 2048, 128])_dtype_BFLOAT8_B_layout_TILE.tensorbin of shape Shape([1, 8, 2048, 128])
2026-06-04 16:44:54.297 | DEBUG    | core:as_tensor:672 - Loaded cache for model_cache/meta-llama/Llama-3.1-8B-Instruct/P150/tensor_cache_instruct_bfp8/layers.19.feed_forward.w1_sharded_dtype_BFLOAT4_B_layout_TILE.tensorbin of shape Shape([4096, 14336])
2026-06-04 16:44:54.545 | DEBUG    | core:as_tensor:672 - Loaded cache for model_cache/meta-llama/Llama-3.1-8B-Instruct/P150/tensor_cache_instruct_bfp8/layers.19.feed_forward.w2_sharded_dtype_BFLOAT8_B_layout_TILE.tensorbin of shape Shape([14336, 4096])
2026-06-04 16:44:54.629 | DEBUG    | core:as_tensor:672 - Loaded cache for model_cache/meta-llama/Llama-3.1-8B-Instruct/P150/tensor_cache_instruct_bfp8/layers.19.feed_forward.w3_sharded_dtype_BFLOAT4_B_layout_TILE.tensorbin of shape Shape([4096, 14336])
2026-06-04 16:44:54.630 | DEBUG    | core:as_tensor:672 - Loaded cache for model_cache/meta-llama/Llama-3.1-8B-Instruct/P150/tensor_cache_instruct_bfp8/layers.19.attention_norm.weight_dtype_BFLOAT16_layout_ROW_MAJOR.tensorbin of shape Shape([1, 1, 128, 32])
2026-06-04 16:44:54.631 | DEBUG    | core:as_tensor:672 - Loaded cache for model_cache/meta-llama/Llama-3.1-8B-Instruct/P150/tensor_cache_instruct_bfp8/layers.19.attention_norm.weight_distributed_dtype_BFLOAT16_layout_ROW_MAJOR.tensorbin of shape Shape([1, 1, 128, 32])
2026-06-04 16:44:54.631 | DEBUG    | core:as_tensor:672 - Loaded cache for model_cache/meta-llama/Llama-3.1-8B-Instruct/P150/tensor_cache_instruct_bfp8/layers.19.ffn_norm.weight_dtype_BFLOAT16_layout_ROW_MAJOR.tensorbin of shape Shape([1, 1, 128, 32])
2026-06-04 16:44:54.631 | DEBUG    | core:as_tensor:672 - Loaded cache for model_cache/meta-llama/Llama-3.1-8B-Instruct/P150/tensor_cache_instruct_bfp8/layers.19.ffn_norm.weight_distributed_dtype_BFLOAT16_layout_ROW_MAJOR.tensorbin of shape Shape([1, 1, 128, 32])
 62%|██████▎   | 20/32 [00:12<00:07,  1.57it/s]2026-06-04 16:44:54.759 | DEBUG    | core:as_tensor:672 - Loaded cache for model_cache/meta-llama/Llama-3.1-8B-Instruct/P150/tensor_cache_instruct_bfp8/layers.20.attention.wqkv_sharded_2d_dtype_BFLOAT8_B_layout_TILE.tensorbin of shape Shape([1, 1, 4096, 6144])
2026-06-04 16:44:54.837 | DEBUG    | core:as_tensor:672 - Loaded cache for model_cache/meta-llama/Llama-3.1-8B-Instruct/P150/tensor_cache_instruct_bfp8/layers.20.attention.wo_dtype_BFLOAT8_B_layout_TILE.tensorbin of shape Shape([1, 1, 4096, 4096])
2026-06-04 16:44:54.842 | DEBUG    | core:as_tensor:672 - Loaded cache for model_cache/meta-llama/Llama-3.1-8B-Instruct/P150/tensor_cache_instruct_bfp8/kvcache_torch.Size([1, 8, 2048, 128])_dtype_BFLOAT8_B_layout_TILE.tensorbin of shape Shape([1, 8, 2048, 128])
2026-06-04 16:44:54.843 | DEBUG    | core:as_tensor:672 - Loaded cache for model_cache/meta-llama/Llama-3.1-8B-Instruct/P150/tensor_cache_instruct_bfp8/kvcache_torch.Size([1, 8, 2048, 128])_dtype_BFLOAT8_B_layout_TILE.tensorbin of shape Shape([1, 8, 2048, 128])
2026-06-04 16:44:54.944 | DEBUG    | core:as_tensor:672 - Loaded cache for model_cache/meta-llama/Llama-3.1-8B-Instruct/P150/tensor_cache_instruct_bfp8/layers.20.feed_forward.w1_sharded_dtype_BFLOAT4_B_layout_TILE.tensorbin of shape Shape([4096, 14336])
2026-06-04 16:44:55.188 | DEBUG    | core:as_tensor:672 - Loaded cache for model_cache/meta-llama/Llama-3.1-8B-Instruct/P150/tensor_cache_instruct_bfp8/layers.20.feed_forward.w2_sharded_dtype_BFLOAT8_B_layout_TILE.tensorbin of shape Shape([14336, 4096])
2026-06-04 16:44:55.283 | DEBUG    | core:as_tensor:672 - Loaded cache for model_cache/meta-llama/Llama-3.1-8B-Instruct/P150/tensor_cache_instruct_bfp8/layers.20.feed_forward.w3_sharded_dtype_BFLOAT4_B_layout_TILE.tensorbin of shape Shape([4096, 14336])
2026-06-04 16:44:55.284 | DEBUG    | core:as_tensor:672 - Loaded cache for model_cache/meta-llama/Llama-3.1-8B-Instruct/P150/tensor_cache_instruct_bfp8/layers.20.attention_norm.weight_dtype_BFLOAT16_layout_ROW_MAJOR.tensorbin of shape Shape([1, 1, 128, 32])
2026-06-04 16:44:55.285 | DEBUG    | core:as_tensor:672 - Loaded cache for model_cache/meta-llama/Llama-3.1-8B-Instruct/P150/tensor_cache_instruct_bfp8/layers.20.attention_norm.weight_distributed_dtype_BFLOAT16_layout_ROW_MAJOR.tensorbin of shape Shape([1, 1, 128, 32])
2026-06-04 16:44:55.286 | DEBUG    | core:as_tensor:672 - Loaded cache for model_cache/meta-llama/Llama-3.1-8B-Instruct/P150/tensor_cache_instruct_bfp8/layers.20.ffn_norm.weight_dtype_BFLOAT16_layout_ROW_MAJOR.tensorbin of shape Shape([1, 1, 128, 32])
2026-06-04 16:44:55.286 | DEBUG    | core:as_tensor:672 - Loaded cache for model_cache/meta-llama/Llama-3.1-8B-Instruct/P150/tensor_cache_instruct_bfp8/layers.20.ffn_norm.weight_distributed_dtype_BFLOAT16_layout_ROW_MAJOR.tensorbin of shape Shape([1, 1, 128, 32])
 66%|██████▌   | 21/32 [00:12<00:07,  1.55it/s]2026-06-04 16:44:55.416 | DEBUG    | core:as_tensor:672 - Loaded cache for model_cache/meta-llama/Llama-3.1-8B-Instruct/P150/tensor_cache_instruct_bfp8/layers.21.attention.wqkv_sharded_2d_dtype_BFLOAT8_B_layout_TILE.tensorbin of shape Shape([1, 1, 4096, 6144])
2026-06-04 16:44:55.479 | DEBUG    | core:as_tensor:672 - Loaded cache for model_cache/meta-llama/Llama-3.1-8B-Instruct/P150/tensor_cache_instruct_bfp8/layers.21.attention.wo_dtype_BFLOAT8_B_layout_TILE.tensorbin of shape Shape([1, 1, 4096, 4096])
2026-06-04 16:44:55.482 | DEBUG    | core:as_tensor:672 - Loaded cache for model_cache/meta-llama/Llama-3.1-8B-Instruct/P150/tensor_cache_instruct_bfp8/kvcache_torch.Size([1, 8, 2048, 128])_dtype_BFLOAT8_B_layout_TILE.tensorbin of shape Shape([1, 8, 2048, 128])
2026-06-04 16:44:55.483 | DEBUG    | core:as_tensor:672 - Loaded cache for model_cache/meta-llama/Llama-3.1-8B-Instruct/P150/tensor_cache_instruct_bfp8/kvcache_torch.Size([1, 8, 2048, 128])_dtype_BFLOAT8_B_layout_TILE.tensorbin of shape Shape([1, 8, 2048, 128])
2026-06-04 16:44:55.578 | DEBUG    | core:as_tensor:672 - Loaded cache for model_cache/meta-llama/Llama-3.1-8B-Instruct/P150/tensor_cache_instruct_bfp8/layers.21.feed_forward.w1_sharded_dtype_BFLOAT4_B_layout_TILE.tensorbin of shape Shape([4096, 14336])
2026-06-04 16:44:55.821 | DEBUG    | core:as_tensor:672 - Loaded cache for model_cache/meta-llama/Llama-3.1-8B-Instruct/P150/tensor_cache_instruct_bfp8/layers.21.feed_forward.w2_sharded_dtype_BFLOAT8_B_layout_TILE.tensorbin of shape Shape([14336, 4096])
2026-06-04 16:44:55.912 | DEBUG    | core:as_tensor:672 - Loaded cache for model_cache/meta-llama/Llama-3.1-8B-Instruct/P150/tensor_cache_instruct_bfp8/layers.21.feed_forward.w3_sharded_dtype_BFLOAT4_B_layout_TILE.tensorbin of shape Shape([4096, 14336])
2026-06-04 16:44:55.913 | DEBUG    | core:as_tensor:672 - Loaded cache for model_cache/meta-llama/Llama-3.1-8B-Instruct/P150/tensor_cache_instruct_bfp8/layers.21.attention_norm.weight_dtype_BFLOAT16_layout_ROW_MAJOR.tensorbin of shape Shape([1, 1, 128, 32])
2026-06-04 16:44:55.913 | DEBUG    | core:as_tensor:672 - Loaded cache for model_cache/meta-llama/Llama-3.1-8B-Instruct/P150/tensor_cache_instruct_bfp8/layers.21.attention_norm.weight_distributed_dtype_BFLOAT16_layout_ROW_MAJOR.tensorbin of shape Shape([1, 1, 128, 32])
2026-06-04 16:44:55.914 | DEBUG    | core:as_tensor:672 - Loaded cache for model_cache/meta-llama/Llama-3.1-8B-Instruct/P150/tensor_cache_instruct_bfp8/layers.21.ffn_norm.weight_dtype_BFLOAT16_layout_ROW_MAJOR.tensorbin of shape Shape([1, 1, 128, 32])
2026-06-04 16:44:55.914 | DEBUG    | core:as_tensor:672 - Loaded cache for model_cache/meta-llama/Llama-3.1-8B-Instruct/P150/tensor_cache_instruct_bfp8/layers.21.ffn_norm.weight_distributed_dtype_BFLOAT16_layout_ROW_MAJOR.tensorbin of shape Shape([1, 1, 128, 32])
 69%|██████▉   | 22/32 [00:13<00:06,  1.57it/s]2026-06-04 16:44:56.043 | DEBUG    | core:as_tensor:672 - Loaded cache for model_cache/meta-llama/Llama-3.1-8B-Instruct/P150/tensor_cache_instruct_bfp8/layers.22.attention.wqkv_sharded_2d_dtype_BFLOAT8_B_layout_TILE.tensorbin of shape Shape([1, 1, 4096, 6144])
2026-06-04 16:44:56.113 | DEBUG    | core:as_tensor:672 - Loaded cache for model_cache/meta-llama/Llama-3.1-8B-Instruct/P150/tensor_cache_instruct_bfp8/layers.22.attention.wo_dtype_BFLOAT8_B_layout_TILE.tensorbin of shape Shape([1, 1, 4096, 4096])
2026-06-04 16:44:56.117 | DEBUG    | core:as_tensor:672 - Loaded cache for model_cache/meta-llama/Llama-3.1-8B-Instruct/P150/tensor_cache_instruct_bfp8/kvcache_torch.Size([1, 8, 2048, 128])_dtype_BFLOAT8_B_layout_TILE.tensorbin of shape Shape([1, 8, 2048, 128])
2026-06-04 16:44:56.118 | DEBUG    | core:as_tensor:672 - Loaded cache for model_cache/meta-llama/Llama-3.1-8B-Instruct/P150/tensor_cache_instruct_bfp8/kvcache_torch.Size([1, 8, 2048, 128])_dtype_BFLOAT8_B_layout_TILE.tensorbin of shape Shape([1, 8, 2048, 128])
2026-06-04 16:44:56.211 | DEBUG    | core:as_tensor:672 - Loaded cache for model_cache/meta-llama/Llama-3.1-8B-Instruct/P150/tensor_cache_instruct_bfp8/layers.22.feed_forward.w1_sharded_dtype_BFLOAT4_B_layout_TILE.tensorbin of shape Shape([4096, 14336])
2026-06-04 16:44:56.465 | DEBUG    | core:as_tensor:672 - Loaded cache for model_cache/meta-llama/Llama-3.1-8B-Instruct/P150/tensor_cache_instruct_bfp8/layers.22.feed_forward.w2_sharded_dtype_BFLOAT8_B_layout_TILE.tensorbin of shape Shape([14336, 4096])
2026-06-04 16:44:56.551 | DEBUG    | core:as_tensor:672 - Loaded cache for model_cache/meta-llama/Llama-3.1-8B-Instruct/P150/tensor_cache_instruct_bfp8/layers.22.feed_forward.w3_sharded_dtype_BFLOAT4_B_layout_TILE.tensorbin of shape Shape([4096, 14336])
2026-06-04 16:44:56.552 | DEBUG    | core:as_tensor:672 - Loaded cache for model_cache/meta-llama/Llama-3.1-8B-Instruct/P150/tensor_cache_instruct_bfp8/layers.22.attention_norm.weight_dtype_BFLOAT16_layout_ROW_MAJOR.tensorbin of shape Shape([1, 1, 128, 32])
2026-06-04 16:44:56.552 | DEBUG    | core:as_tensor:672 - Loaded cache for model_cache/meta-llama/Llama-3.1-8B-Instruct/P150/tensor_cache_instruct_bfp8/layers.22.attention_norm.weight_distributed_dtype_BFLOAT16_layout_ROW_MAJOR.tensorbin of shape Shape([1, 1, 128, 32])
2026-06-04 16:44:56.553 | DEBUG    | core:as_tensor:672 - Loaded cache for model_cache/meta-llama/Llama-3.1-8B-Instruct/P150/tensor_cache_instruct_bfp8/layers.22.ffn_norm.weight_dtype_BFLOAT16_layout_ROW_MAJOR.tensorbin of shape Shape([1, 1, 128, 32])
2026-06-04 16:44:56.553 | DEBUG    | core:as_tensor:672 - Loaded cache for model_cache/meta-llama/Llama-3.1-8B-Instruct/P150/tensor_cache_instruct_bfp8/layers.22.ffn_norm.weight_distributed_dtype_BFLOAT16_layout_ROW_MAJOR.tensorbin of shape Shape([1, 1, 128, 32])
 72%|███████▏  | 23/32 [00:13<00:05,  1.57it/s]2026-06-04 16:44:56.683 | DEBUG    | core:as_tensor:672 - Loaded cache for model_cache/meta-llama/Llama-3.1-8B-Instruct/P150/tensor_cache_instruct_bfp8/layers.23.attention.wqkv_sharded_2d_dtype_BFLOAT8_B_layout_TILE.tensorbin of shape Shape([1, 1, 4096, 6144])
2026-06-04 16:44:56.752 | DEBUG    | core:as_tensor:672 - Loaded cache for model_cache/meta-llama/Llama-3.1-8B-Instruct/P150/tensor_cache_instruct_bfp8/layers.23.attention.wo_dtype_BFLOAT8_B_layout_TILE.tensorbin of shape Shape([1, 1, 4096, 4096])
2026-06-04 16:44:56.755 | DEBUG    | core:as_tensor:672 - Loaded cache for model_cache/meta-llama/Llama-3.1-8B-Instruct/P150/tensor_cache_instruct_bfp8/kvcache_torch.Size([1, 8, 2048, 128])_dtype_BFLOAT8_B_layout_TILE.tensorbin of shape Shape([1, 8, 2048, 128])
2026-06-04 16:44:56.756 | DEBUG    | core:as_tensor:672 - Loaded cache for model_cache/meta-llama/Llama-3.1-8B-Instruct/P150/tensor_cache_instruct_bfp8/kvcache_torch.Size([1, 8, 2048, 128])_dtype_BFLOAT8_B_layout_TILE.tensorbin of shape Shape([1, 8, 2048, 128])
2026-06-04 16:44:56.848 | DEBUG    | core:as_tensor:672 - Loaded cache for model_cache/meta-llama/Llama-3.1-8B-Instruct/P150/tensor_cache_instruct_bfp8/layers.23.feed_forward.w1_sharded_dtype_BFLOAT4_B_layout_TILE.tensorbin of shape Shape([4096, 14336])
2026-06-04 16:44:57.099 | DEBUG    | core:as_tensor:672 - Loaded cache for model_cache/meta-llama/Llama-3.1-8B-Instruct/P150/tensor_cache_instruct_bfp8/layers.23.feed_forward.w2_sharded_dtype_BFLOAT8_B_layout_TILE.tensorbin of shape Shape([14336, 4096])
2026-06-04 16:44:57.184 | DEBUG    | core:as_tensor:672 - Loaded cache for model_cache/meta-llama/Llama-3.1-8B-Instruct/P150/tensor_cache_instruct_bfp8/layers.23.feed_forward.w3_sharded_dtype_BFLOAT4_B_layout_TILE.tensorbin of shape Shape([4096, 14336])
2026-06-04 16:44:57.185 | DEBUG    | core:as_tensor:672 - Loaded cache for model_cache/meta-llama/Llama-3.1-8B-Instruct/P150/tensor_cache_instruct_bfp8/layers.23.attention_norm.weight_dtype_BFLOAT16_layout_ROW_MAJOR.tensorbin of shape Shape([1, 1, 128, 32])
2026-06-04 16:44:57.185 | DEBUG    | core:as_tensor:672 - Loaded cache for model_cache/meta-llama/Llama-3.1-8B-Instruct/P150/tensor_cache_instruct_bfp8/layers.23.attention_norm.weight_distributed_dtype_BFLOAT16_layout_ROW_MAJOR.tensorbin of shape Shape([1, 1, 128, 32])
2026-06-04 16:44:57.186 | DEBUG    | core:as_tensor:672 - Loaded cache for model_cache/meta-llama/Llama-3.1-8B-Instruct/P150/tensor_cache_instruct_bfp8/layers.23.ffn_norm.weight_dtype_BFLOAT16_layout_ROW_MAJOR.tensorbin of shape Shape([1, 1, 128, 32])
2026-06-04 16:44:57.186 | DEBUG    | core:as_tensor:672 - Loaded cache for model_cache/meta-llama/Llama-3.1-8B-Instruct/P150/tensor_cache_instruct_bfp8/layers.23.ffn_norm.weight_distributed_dtype_BFLOAT16_layout_ROW_MAJOR.tensorbin of shape Shape([1, 1, 128, 32])
 75%|███████▌  | 24/32 [00:14<00:05,  1.57it/s]2026-06-04 16:44:57.320 | DEBUG    | core:as_tensor:672 - Loaded cache for model_cache/meta-llama/Llama-3.1-8B-Instruct/P150/tensor_cache_instruct_bfp8/layers.24.attention.wqkv_sharded_2d_dtype_BFLOAT8_B_layout_TILE.tensorbin of shape Shape([1, 1, 4096, 6144])
2026-06-04 16:44:57.389 | DEBUG    | core:as_tensor:672 - Loaded cache for model_cache/meta-llama/Llama-3.1-8B-Instruct/P150/tensor_cache_instruct_bfp8/layers.24.attention.wo_dtype_BFLOAT8_B_layout_TILE.tensorbin of shape Shape([1, 1, 4096, 4096])
2026-06-04 16:44:57.393 | DEBUG    | core:as_tensor:672 - Loaded cache for model_cache/meta-llama/Llama-3.1-8B-Instruct/P150/tensor_cache_instruct_bfp8/kvcache_torch.Size([1, 8, 2048, 128])_dtype_BFLOAT8_B_layout_TILE.tensorbin of shape Shape([1, 8, 2048, 128])
2026-06-04 16:44:57.399 | DEBUG    | core:as_tensor:672 - Loaded cache for model_cache/meta-llama/Llama-3.1-8B-Instruct/P150/tensor_cache_instruct_bfp8/kvcache_torch.Size([1, 8, 2048, 128])_dtype_BFLOAT8_B_layout_TILE.tensorbin of shape Shape([1, 8, 2048, 128])
2026-06-04 16:44:57.494 | DEBUG    | core:as_tensor:672 - Loaded cache for model_cache/meta-llama/Llama-3.1-8B-Instruct/P150/tensor_cache_instruct_bfp8/layers.24.feed_forward.w1_sharded_dtype_BFLOAT4_B_layout_TILE.tensorbin of shape Shape([4096, 14336])
2026-06-04 16:44:57.750 | DEBUG    | core:as_tensor:672 - Loaded cache for model_cache/meta-llama/Llama-3.1-8B-Instruct/P150/tensor_cache_instruct_bfp8/layers.24.feed_forward.w2_sharded_dtype_BFLOAT8_B_layout_TILE.tensorbin of shape Shape([14336, 4096])
2026-06-04 16:44:57.842 | DEBUG    | core:as_tensor:672 - Loaded cache for model_cache/meta-llama/Llama-3.1-8B-Instruct/P150/tensor_cache_instruct_bfp8/layers.24.feed_forward.w3_sharded_dtype_BFLOAT4_B_layout_TILE.tensorbin of shape Shape([4096, 14336])
2026-06-04 16:44:57.843 | DEBUG    | core:as_tensor:672 - Loaded cache for model_cache/meta-llama/Llama-3.1-8B-Instruct/P150/tensor_cache_instruct_bfp8/layers.24.attention_norm.weight_dtype_BFLOAT16_layout_ROW_MAJOR.tensorbin of shape Shape([1, 1, 128, 32])
2026-06-04 16:44:57.843 | DEBUG    | core:as_tensor:672 - Loaded cache for model_cache/meta-llama/Llama-3.1-8B-Instruct/P150/tensor_cache_instruct_bfp8/layers.24.attention_norm.weight_distributed_dtype_BFLOAT16_layout_ROW_MAJOR.tensorbin of shape Shape([1, 1, 128, 32])
2026-06-04 16:44:57.844 | DEBUG    | core:as_tensor:672 - Loaded cache for model_cache/meta-llama/Llama-3.1-8B-Instruct/P150/tensor_cache_instruct_bfp8/layers.24.ffn_norm.weight_dtype_BFLOAT16_layout_ROW_MAJOR.tensorbin of shape Shape([1, 1, 128, 32])
2026-06-04 16:44:57.844 | DEBUG    | core:as_tensor:672 - Loaded cache for model_cache/meta-llama/Llama-3.1-8B-Instruct/P150/tensor_cache_instruct_bfp8/layers.24.ffn_norm.weight_distributed_dtype_BFLOAT16_layout_ROW_MAJOR.tensorbin of shape Shape([1, 1, 128, 32])
 78%|███████▊  | 25/32 [00:15<00:04,  1.55it/s]2026-06-04 16:44:57.996 | DEBUG    | core:as_tensor:672 - Loaded cache for model_cache/meta-llama/Llama-3.1-8B-Instruct/P150/tensor_cache_instruct_bfp8/layers.25.attention.wqkv_sharded_2d_dtype_BFLOAT8_B_layout_TILE.tensorbin of shape Shape([1, 1, 4096, 6144])
2026-06-04 16:44:58.065 | DEBUG    | core:as_tensor:672 - Loaded cache for model_cache/meta-llama/Llama-3.1-8B-Instruct/P150/tensor_cache_instruct_bfp8/layers.25.attention.wo_dtype_BFLOAT8_B_layout_TILE.tensorbin of shape Shape([1, 1, 4096, 4096])
2026-06-04 16:44:58.068 | DEBUG    | core:as_tensor:672 - Loaded cache for model_cache/meta-llama/Llama-3.1-8B-Instruct/P150/tensor_cache_instruct_bfp8/kvcache_torch.Size([1, 8, 2048, 128])_dtype_BFLOAT8_B_layout_TILE.tensorbin of shape Shape([1, 8, 2048, 128])
2026-06-04 16:44:58.069 | DEBUG    | core:as_tensor:672 - Loaded cache for model_cache/meta-llama/Llama-3.1-8B-Instruct/P150/tensor_cache_instruct_bfp8/kvcache_torch.Size([1, 8, 2048, 128])_dtype_BFLOAT8_B_layout_TILE.tensorbin of shape Shape([1, 8, 2048, 128])
2026-06-04 16:44:58.165 | DEBUG    | core:as_tensor:672 - Loaded cache for model_cache/meta-llama/Llama-3.1-8B-Instruct/P150/tensor_cache_instruct_bfp8/layers.25.feed_forward.w1_sharded_dtype_BFLOAT4_B_layout_TILE.tensorbin of shape Shape([4096, 14336])
2026-06-04 16:44:58.417 | DEBUG    | core:as_tensor:672 - Loaded cache for model_cache/meta-llama/Llama-3.1-8B-Instruct/P150/tensor_cache_instruct_bfp8/layers.25.feed_forward.w2_sharded_dtype_BFLOAT8_B_layout_TILE.tensorbin of shape Shape([14336, 4096])
2026-06-04 16:44:58.511 | DEBUG    | core:as_tensor:672 - Loaded cache for model_cache/meta-llama/Llama-3.1-8B-Instruct/P150/tensor_cache_instruct_bfp8/layers.25.feed_forward.w3_sharded_dtype_BFLOAT4_B_layout_TILE.tensorbin of shape Shape([4096, 14336])
2026-06-04 16:44:58.512 | DEBUG    | core:as_tensor:672 - Loaded cache for model_cache/meta-llama/Llama-3.1-8B-Instruct/P150/tensor_cache_instruct_bfp8/layers.25.attention_norm.weight_dtype_BFLOAT16_layout_ROW_MAJOR.tensorbin of shape Shape([1, 1, 128, 32])
2026-06-04 16:44:58.513 | DEBUG    | core:as_tensor:672 - Loaded cache for model_cache/meta-llama/Llama-3.1-8B-Instruct/P150/tensor_cache_instruct_bfp8/layers.25.attention_norm.weight_distributed_dtype_BFLOAT16_layout_ROW_MAJOR.tensorbin of shape Shape([1, 1, 128, 32])
2026-06-04 16:44:58.513 | DEBUG    | core:as_tensor:672 - Loaded cache for model_cache/meta-llama/Llama-3.1-8B-Instruct/P150/tensor_cache_instruct_bfp8/layers.25.ffn_norm.weight_dtype_BFLOAT16_layout_ROW_MAJOR.tensorbin of shape Shape([1, 1, 128, 32])
2026-06-04 16:44:58.514 | DEBUG    | core:as_tensor:672 - Loaded cache for model_cache/meta-llama/Llama-3.1-8B-Instruct/P150/tensor_cache_instruct_bfp8/layers.25.ffn_norm.weight_distributed_dtype_BFLOAT16_layout_ROW_MAJOR.tensorbin of shape Shape([1, 1, 128, 32])
 81%|████████▏ | 26/32 [00:15<00:03,  1.54it/s]2026-06-04 16:44:58.662 | DEBUG    | core:as_tensor:672 - Loaded cache for model_cache/meta-llama/Llama-3.1-8B-Instruct/P150/tensor_cache_instruct_bfp8/layers.26.attention.wqkv_sharded_2d_dtype_BFLOAT8_B_layout_TILE.tensorbin of shape Shape([1, 1, 4096, 6144])
2026-06-04 16:44:58.735 | DEBUG    | core:as_tensor:672 - Loaded cache for model_cache/meta-llama/Llama-3.1-8B-Instruct/P150/tensor_cache_instruct_bfp8/layers.26.attention.wo_dtype_BFLOAT8_B_layout_TILE.tensorbin of shape Shape([1, 1, 4096, 4096])
2026-06-04 16:44:58.739 | DEBUG    | core:as_tensor:672 - Loaded cache for model_cache/meta-llama/Llama-3.1-8B-Instruct/P150/tensor_cache_instruct_bfp8/kvcache_torch.Size([1, 8, 2048, 128])_dtype_BFLOAT8_B_layout_TILE.tensorbin of shape Shape([1, 8, 2048, 128])
2026-06-04 16:44:58.740 | DEBUG    | core:as_tensor:672 - Loaded cache for model_cache/meta-llama/Llama-3.1-8B-Instruct/P150/tensor_cache_instruct_bfp8/kvcache_torch.Size([1, 8, 2048, 128])_dtype_BFLOAT8_B_layout_TILE.tensorbin of shape Shape([1, 8, 2048, 128])
2026-06-04 16:44:58.838 | DEBUG    | core:as_tensor:672 - Loaded cache for model_cache/meta-llama/Llama-3.1-8B-Instruct/P150/tensor_cache_instruct_bfp8/layers.26.feed_forward.w1_sharded_dtype_BFLOAT4_B_layout_TILE.tensorbin of shape Shape([4096, 14336])
2026-06-04 16:44:59.091 | DEBUG    | core:as_tensor:672 - Loaded cache for model_cache/meta-llama/Llama-3.1-8B-Instruct/P150/tensor_cache_instruct_bfp8/layers.26.feed_forward.w2_sharded_dtype_BFLOAT8_B_layout_TILE.tensorbin of shape Shape([14336, 4096])
2026-06-04 16:44:59.181 | DEBUG    | core:as_tensor:672 - Loaded cache for model_cache/meta-llama/Llama-3.1-8B-Instruct/P150/tensor_cache_instruct_bfp8/layers.26.feed_forward.w3_sharded_dtype_BFLOAT4_B_layout_TILE.tensorbin of shape Shape([4096, 14336])
2026-06-04 16:44:59.181 | DEBUG    | core:as_tensor:672 - Loaded cache for model_cache/meta-llama/Llama-3.1-8B-Instruct/P150/tensor_cache_instruct_bfp8/layers.26.attention_norm.weight_dtype_BFLOAT16_layout_ROW_MAJOR.tensorbin of shape Shape([1, 1, 128, 32])
2026-06-04 16:44:59.182 | DEBUG    | core:as_tensor:672 - Loaded cache for model_cache/meta-llama/Llama-3.1-8B-Instruct/P150/tensor_cache_instruct_bfp8/layers.26.attention_norm.weight_distributed_dtype_BFLOAT16_layout_ROW_MAJOR.tensorbin of shape Shape([1, 1, 128, 32])
2026-06-04 16:44:59.183 | DEBUG    | core:as_tensor:672 - Loaded cache for model_cache/meta-llama/Llama-3.1-8B-Instruct/P150/tensor_cache_instruct_bfp8/layers.26.ffn_norm.weight_dtype_BFLOAT16_layout_ROW_MAJOR.tensorbin of shape Shape([1, 1, 128, 32])
2026-06-04 16:44:59.183 | DEBUG    | core:as_tensor:672 - Loaded cache for model_cache/meta-llama/Llama-3.1-8B-Instruct/P150/tensor_cache_instruct_bfp8/layers.26.ffn_norm.weight_distributed_dtype_BFLOAT16_layout_ROW_MAJOR.tensorbin of shape Shape([1, 1, 128, 32])
 84%|████████▍ | 27/32 [00:16<00:03,  1.52it/s]2026-06-04 16:44:59.325 | DEBUG    | core:as_tensor:672 - Loaded cache for model_cache/meta-llama/Llama-3.1-8B-Instruct/P150/tensor_cache_instruct_bfp8/layers.27.attention.wqkv_sharded_2d_dtype_BFLOAT8_B_layout_TILE.tensorbin of shape Shape([1, 1, 4096, 6144])
2026-06-04 16:44:59.396 | DEBUG    | core:as_tensor:672 - Loaded cache for model_cache/meta-llama/Llama-3.1-8B-Instruct/P150/tensor_cache_instruct_bfp8/layers.27.attention.wo_dtype_BFLOAT8_B_layout_TILE.tensorbin of shape Shape([1, 1, 4096, 4096])
2026-06-04 16:44:59.400 | DEBUG    | core:as_tensor:672 - Loaded cache for model_cache/meta-llama/Llama-3.1-8B-Instruct/P150/tensor_cache_instruct_bfp8/kvcache_torch.Size([1, 8, 2048, 128])_dtype_BFLOAT8_B_layout_TILE.tensorbin of shape Shape([1, 8, 2048, 128])
2026-06-04 16:44:59.401 | DEBUG    | core:as_tensor:672 - Loaded cache for model_cache/meta-llama/Llama-3.1-8B-Instruct/P150/tensor_cache_instruct_bfp8/kvcache_torch.Size([1, 8, 2048, 128])_dtype_BFLOAT8_B_layout_TILE.tensorbin of shape Shape([1, 8, 2048, 128])
2026-06-04 16:44:59.504 | DEBUG    | core:as_tensor:672 - Loaded cache for model_cache/meta-llama/Llama-3.1-8B-Instruct/P150/tensor_cache_instruct_bfp8/layers.27.feed_forward.w1_sharded_dtype_BFLOAT4_B_layout_TILE.tensorbin of shape Shape([4096, 14336])
2026-06-04 16:44:59.760 | DEBUG    | core:as_tensor:672 - Loaded cache for model_cache/meta-llama/Llama-3.1-8B-Instruct/P150/tensor_cache_instruct_bfp8/layers.27.feed_forward.w2_sharded_dtype_BFLOAT8_B_layout_TILE.tensorbin of shape Shape([14336, 4096])
2026-06-04 16:44:59.856 | DEBUG    | core:as_tensor:672 - Loaded cache for model_cache/meta-llama/Llama-3.1-8B-Instruct/P150/tensor_cache_instruct_bfp8/layers.27.feed_forward.w3_sharded_dtype_BFLOAT4_B_layout_TILE.tensorbin of shape Shape([4096, 14336])
2026-06-04 16:44:59.857 | DEBUG    | core:as_tensor:672 - Loaded cache for model_cache/meta-llama/Llama-3.1-8B-Instruct/P150/tensor_cache_instruct_bfp8/layers.27.attention_norm.weight_dtype_BFLOAT16_layout_ROW_MAJOR.tensorbin of shape Shape([1, 1, 128, 32])
2026-06-04 16:44:59.858 | DEBUG    | core:as_tensor:672 - Loaded cache for model_cache/meta-llama/Llama-3.1-8B-Instruct/P150/tensor_cache_instruct_bfp8/layers.27.attention_norm.weight_distributed_dtype_BFLOAT16_layout_ROW_MAJOR.tensorbin of shape Shape([1, 1, 128, 32])
2026-06-04 16:44:59.858 | DEBUG    | core:as_tensor:672 - Loaded cache for model_cache/meta-llama/Llama-3.1-8B-Instruct/P150/tensor_cache_instruct_bfp8/layers.27.ffn_norm.weight_dtype_BFLOAT16_layout_ROW_MAJOR.tensorbin of shape Shape([1, 1, 128, 32])
2026-06-04 16:44:59.859 | DEBUG    | core:as_tensor:672 - Loaded cache for model_cache/meta-llama/Llama-3.1-8B-Instruct/P150/tensor_cache_instruct_bfp8/layers.27.ffn_norm.weight_distributed_dtype_BFLOAT16_layout_ROW_MAJOR.tensorbin of shape Shape([1, 1, 128, 32])
 88%|████████▊ | 28/32 [00:17<00:02,  1.51it/s]2026-06-04 16:44:59.998 | DEBUG    | core:as_tensor:672 - Loaded cache for model_cache/meta-llama/Llama-3.1-8B-Instruct/P150/tensor_cache_instruct_bfp8/layers.28.attention.wqkv_sharded_2d_dtype_BFLOAT8_B_layout_TILE.tensorbin of shape Shape([1, 1, 4096, 6144])
2026-06-04 16:45:00.069 | DEBUG    | core:as_tensor:672 - Loaded cache for model_cache/meta-llama/Llama-3.1-8B-Instruct/P150/tensor_cache_instruct_bfp8/layers.28.attention.wo_dtype_BFLOAT8_B_layout_TILE.tensorbin of shape Shape([1, 1, 4096, 4096])
2026-06-04 16:45:00.073 | DEBUG    | core:as_tensor:672 - Loaded cache for model_cache/meta-llama/Llama-3.1-8B-Instruct/P150/tensor_cache_instruct_bfp8/kvcache_torch.Size([1, 8, 2048, 128])_dtype_BFLOAT8_B_layout_TILE.tensorbin of shape Shape([1, 8, 2048, 128])
2026-06-04 16:45:00.075 | DEBUG    | core:as_tensor:672 - Loaded cache for model_cache/meta-llama/Llama-3.1-8B-Instruct/P150/tensor_cache_instruct_bfp8/kvcache_torch.Size([1, 8, 2048, 128])_dtype_BFLOAT8_B_layout_TILE.tensorbin of shape Shape([1, 8, 2048, 128])
2026-06-04 16:45:00.174 | DEBUG    | core:as_tensor:672 - Loaded cache for model_cache/meta-llama/Llama-3.1-8B-Instruct/P150/tensor_cache_instruct_bfp8/layers.28.feed_forward.w1_sharded_dtype_BFLOAT4_B_layout_TILE.tensorbin of shape Shape([4096, 14336])
2026-06-04 16:45:00.434 | DEBUG    | core:as_tensor:672 - Loaded cache for model_cache/meta-llama/Llama-3.1-8B-Instruct/P150/tensor_cache_instruct_bfp8/layers.28.feed_forward.w2_sharded_dtype_BFLOAT8_B_layout_TILE.tensorbin of shape Shape([14336, 4096])
2026-06-04 16:45:00.532 | DEBUG    | core:as_tensor:672 - Loaded cache for model_cache/meta-llama/Llama-3.1-8B-Instruct/P150/tensor_cache_instruct_bfp8/layers.28.feed_forward.w3_sharded_dtype_BFLOAT4_B_layout_TILE.tensorbin of shape Shape([4096, 14336])
2026-06-04 16:45:00.533 | DEBUG    | core:as_tensor:672 - Loaded cache for model_cache/meta-llama/Llama-3.1-8B-Instruct/P150/tensor_cache_instruct_bfp8/layers.28.attention_norm.weight_dtype_BFLOAT16_layout_ROW_MAJOR.tensorbin of shape Shape([1, 1, 128, 32])
2026-06-04 16:45:00.534 | DEBUG    | core:as_tensor:672 - Loaded cache for model_cache/meta-llama/Llama-3.1-8B-Instruct/P150/tensor_cache_instruct_bfp8/layers.28.attention_norm.weight_distributed_dtype_BFLOAT16_layout_ROW_MAJOR.tensorbin of shape Shape([1, 1, 128, 32])
2026-06-04 16:45:00.534 | DEBUG    | core:as_tensor:672 - Loaded cache for model_cache/meta-llama/Llama-3.1-8B-Instruct/P150/tensor_cache_instruct_bfp8/layers.28.ffn_norm.weight_dtype_BFLOAT16_layout_ROW_MAJOR.tensorbin of shape Shape([1, 1, 128, 32])
2026-06-04 16:45:00.535 | DEBUG    | core:as_tensor:672 - Loaded cache for model_cache/meta-llama/Llama-3.1-8B-Instruct/P150/tensor_cache_instruct_bfp8/layers.28.ffn_norm.weight_distributed_dtype_BFLOAT16_layout_ROW_MAJOR.tensorbin of shape Shape([1, 1, 128, 32])
 91%|█████████ | 29/32 [00:17<00:01,  1.50it/s]2026-06-04 16:45:00.683 | DEBUG    | core:as_tensor:672 - Loaded cache for model_cache/meta-llama/Llama-3.1-8B-Instruct/P150/tensor_cache_instruct_bfp8/layers.29.attention.wqkv_sharded_2d_dtype_BFLOAT8_B_layout_TILE.tensorbin of shape Shape([1, 1, 4096, 6144])
2026-06-04 16:45:00.758 | DEBUG    | core:as_tensor:672 - Loaded cache for model_cache/meta-llama/Llama-3.1-8B-Instruct/P150/tensor_cache_instruct_bfp8/layers.29.attention.wo_dtype_BFLOAT8_B_layout_TILE.tensorbin of shape Shape([1, 1, 4096, 4096])
2026-06-04 16:45:00.761 | DEBUG    | core:as_tensor:672 - Loaded cache for model_cache/meta-llama/Llama-3.1-8B-Instruct/P150/tensor_cache_instruct_bfp8/kvcache_torch.Size([1, 8, 2048, 128])_dtype_BFLOAT8_B_layout_TILE.tensorbin of shape Shape([1, 8, 2048, 128])
2026-06-04 16:45:00.767 | DEBUG    | core:as_tensor:672 - Loaded cache for model_cache/meta-llama/Llama-3.1-8B-Instruct/P150/tensor_cache_instruct_bfp8/kvcache_torch.Size([1, 8, 2048, 128])_dtype_BFLOAT8_B_layout_TILE.tensorbin of shape Shape([1, 8, 2048, 128])
2026-06-04 16:45:00.869 | DEBUG    | core:as_tensor:672 - Loaded cache for model_cache/meta-llama/Llama-3.1-8B-Instruct/P150/tensor_cache_instruct_bfp8/layers.29.feed_forward.w1_sharded_dtype_BFLOAT4_B_layout_TILE.tensorbin of shape Shape([4096, 14336])
2026-06-04 16:45:01.142 | DEBUG    | core:as_tensor:672 - Loaded cache for model_cache/meta-llama/Llama-3.1-8B-Instruct/P150/tensor_cache_instruct_bfp8/layers.29.feed_forward.w2_sharded_dtype_BFLOAT8_B_layout_TILE.tensorbin of shape Shape([14336, 4096])
2026-06-04 16:45:01.243 | DEBUG    | core:as_tensor:672 - Loaded cache for model_cache/meta-llama/Llama-3.1-8B-Instruct/P150/tensor_cache_instruct_bfp8/layers.29.feed_forward.w3_sharded_dtype_BFLOAT4_B_layout_TILE.tensorbin of shape Shape([4096, 14336])
2026-06-04 16:45:01.244 | DEBUG    | core:as_tensor:672 - Loaded cache for model_cache/meta-llama/Llama-3.1-8B-Instruct/P150/tensor_cache_instruct_bfp8/layers.29.attention_norm.weight_dtype_BFLOAT16_layout_ROW_MAJOR.tensorbin of shape Shape([1, 1, 128, 32])
2026-06-04 16:45:01.245 | DEBUG    | core:as_tensor:672 - Loaded cache for model_cache/meta-llama/Llama-3.1-8B-Instruct/P150/tensor_cache_instruct_bfp8/layers.29.attention_norm.weight_distributed_dtype_BFLOAT16_layout_ROW_MAJOR.tensorbin of shape Shape([1, 1, 128, 32])
2026-06-04 16:45:01.245 | DEBUG    | core:as_tensor:672 - Loaded cache for model_cache/meta-llama/Llama-3.1-8B-Instruct/P150/tensor_cache_instruct_bfp8/layers.29.ffn_norm.weight_dtype_BFLOAT16_layout_ROW_MAJOR.tensorbin of shape Shape([1, 1, 128, 32])
2026-06-04 16:45:01.246 | DEBUG    | core:as_tensor:672 - Loaded cache for model_cache/meta-llama/Llama-3.1-8B-Instruct/P150/tensor_cache_instruct_bfp8/layers.29.ffn_norm.weight_distributed_dtype_BFLOAT16_layout_ROW_MAJOR.tensorbin of shape Shape([1, 1, 128, 32])
 94%|█████████▍| 30/32 [00:18<00:01,  1.47it/s]2026-06-04 16:45:01.519 | DEBUG    | core:as_tensor:672 - Loaded cache for model_cache/meta-llama/Llama-3.1-8B-Instruct/P150/tensor_cache_instruct_bfp8/layers.30.attention.wqkv_sharded_2d_dtype_BFLOAT8_B_layout_TILE.tensorbin of shape Shape([1, 1, 4096, 6144])
2026-06-04 16:45:01.597 | DEBUG    | core:as_tensor:672 - Loaded cache for model_cache/meta-llama/Llama-3.1-8B-Instruct/P150/tensor_cache_instruct_bfp8/layers.30.attention.wo_dtype_BFLOAT8_B_layout_TILE.tensorbin of shape Shape([1, 1, 4096, 4096])
2026-06-04 16:45:01.601 | DEBUG    | core:as_tensor:672 - Loaded cache for model_cache/meta-llama/Llama-3.1-8B-Instruct/P150/tensor_cache_instruct_bfp8/kvcache_torch.Size([1, 8, 2048, 128])_dtype_BFLOAT8_B_layout_TILE.tensorbin of shape Shape([1, 8, 2048, 128])
2026-06-04 16:45:01.602 | DEBUG    | core:as_tensor:672 - Loaded cache for model_cache/meta-llama/Llama-3.1-8B-Instruct/P150/tensor_cache_instruct_bfp8/kvcache_torch.Size([1, 8, 2048, 128])_dtype_BFLOAT8_B_layout_TILE.tensorbin of shape Shape([1, 8, 2048, 128])
2026-06-04 16:45:01.712 | DEBUG    | core:as_tensor:672 - Loaded cache for model_cache/meta-llama/Llama-3.1-8B-Instruct/P150/tensor_cache_instruct_bfp8/layers.30.feed_forward.w1_sharded_dtype_BFLOAT4_B_layout_TILE.tensorbin of shape Shape([4096, 14336])
2026-06-04 16:45:01.980 | DEBUG    | core:as_tensor:672 - Loaded cache for model_cache/meta-llama/Llama-3.1-8B-Instruct/P150/tensor_cache_instruct_bfp8/layers.30.feed_forward.w2_sharded_dtype_BFLOAT8_B_layout_TILE.tensorbin of shape Shape([14336, 4096])
2026-06-04 16:45:02.081 | DEBUG    | core:as_tensor:672 - Loaded cache for model_cache/meta-llama/Llama-3.1-8B-Instruct/P150/tensor_cache_instruct_bfp8/layers.30.feed_forward.w3_sharded_dtype_BFLOAT4_B_layout_TILE.tensorbin of shape Shape([4096, 14336])
2026-06-04 16:45:02.082 | DEBUG    | core:as_tensor:672 - Loaded cache for model_cache/meta-llama/Llama-3.1-8B-Instruct/P150/tensor_cache_instruct_bfp8/layers.30.attention_norm.weight_dtype_BFLOAT16_layout_ROW_MAJOR.tensorbin of shape Shape([1, 1, 128, 32])
2026-06-04 16:45:02.082 | DEBUG    | core:as_tensor:672 - Loaded cache for model_cache/meta-llama/Llama-3.1-8B-Instruct/P150/tensor_cache_instruct_bfp8/layers.30.attention_norm.weight_distributed_dtype_BFLOAT16_layout_ROW_MAJOR.tensorbin of shape Shape([1, 1, 128, 32])
2026-06-04 16:45:02.083 | DEBUG    | core:as_tensor:672 - Loaded cache for model_cache/meta-llama/Llama-3.1-8B-Instruct/P150/tensor_cache_instruct_bfp8/layers.30.ffn_norm.weight_dtype_BFLOAT16_layout_ROW_MAJOR.tensorbin of shape Shape([1, 1, 128, 32])
2026-06-04 16:45:02.083 | DEBUG    | core:as_tensor:672 - Loaded cache for model_cache/meta-llama/Llama-3.1-8B-Instruct/P150/tensor_cache_instruct_bfp8/layers.30.ffn_norm.weight_distributed_dtype_BFLOAT16_layout_ROW_MAJOR.tensorbin of shape Shape([1, 1, 128, 32])
 97%|█████████▋| 31/32 [00:19<00:00,  1.38it/s]2026-06-04 16:45:02.240 | DEBUG    | core:as_tensor:672 - Loaded cache for model_cache/meta-llama/Llama-3.1-8B-Instruct/P150/tensor_cache_instruct_bfp8/layers.31.attention.wqkv_sharded_2d_dtype_BFLOAT8_B_layout_TILE.tensorbin of shape Shape([1, 1, 4096, 6144])
2026-06-04 16:45:02.312 | DEBUG    | core:as_tensor:672 - Loaded cache for model_cache/meta-llama/Llama-3.1-8B-Instruct/P150/tensor_cache_instruct_bfp8/layers.31.attention.wo_dtype_BFLOAT8_B_layout_TILE.tensorbin of shape Shape([1, 1, 4096, 4096])
2026-06-04 16:45:02.316 | DEBUG    | core:as_tensor:672 - Loaded cache for model_cache/meta-llama/Llama-3.1-8B-Instruct/P150/tensor_cache_instruct_bfp8/kvcache_torch.Size([1, 8, 2048, 128])_dtype_BFLOAT8_B_layout_TILE.tensorbin of shape Shape([1, 8, 2048, 128])
2026-06-04 16:45:02.317 | DEBUG    | core:as_tensor:672 - Loaded cache for model_cache/meta-llama/Llama-3.1-8B-Instruct/P150/tensor_cache_instruct_bfp8/kvcache_torch.Size([1, 8, 2048, 128])_dtype_BFLOAT8_B_layout_TILE.tensorbin of shape Shape([1, 8, 2048, 128])
2026-06-04 16:45:02.488 | DEBUG    | core:as_tensor:672 - Loaded cache for model_cache/meta-llama/Llama-3.1-8B-Instruct/P150/tensor_cache_instruct_bfp8/layers.31.feed_forward.w1_sharded_dtype_BFLOAT8_B_layout_TILE.tensorbin of shape Shape([4096, 14336])
2026-06-04 16:45:02.758 | DEBUG    | core:as_tensor:672 - Loaded cache for model_cache/meta-llama/Llama-3.1-8B-Instruct/P150/tensor_cache_instruct_bfp8/layers.31.feed_forward.w2_sharded_dtype_BFLOAT8_B_layout_TILE.tensorbin of shape Shape([14336, 4096])
2026-06-04 16:45:02.923 | DEBUG    | core:as_tensor:672 - Loaded cache for model_cache/meta-llama/Llama-3.1-8B-Instruct/P150/tensor_cache_instruct_bfp8/layers.31.feed_forward.w3_sharded_dtype_BFLOAT8_B_layout_TILE.tensorbin of shape Shape([4096, 14336])
2026-06-04 16:45:02.924 | DEBUG    | core:as_tensor:672 - Loaded cache for model_cache/meta-llama/Llama-3.1-8B-Instruct/P150/tensor_cache_instruct_bfp8/layers.31.attention_norm.weight_dtype_BFLOAT16_layout_ROW_MAJOR.tensorbin of shape Shape([1, 1, 128, 32])
2026-06-04 16:45:02.925 | DEBUG    | core:as_tensor:672 - Loaded cache for model_cache/meta-llama/Llama-3.1-8B-Instruct/P150/tensor_cache_instruct_bfp8/layers.31.attention_norm.weight_distributed_dtype_BFLOAT16_layout_ROW_MAJOR.tensorbin of shape Shape([1, 1, 128, 32])
2026-06-04 16:45:02.925 | DEBUG    | core:as_tensor:672 - Loaded cache for model_cache/meta-llama/Llama-3.1-8B-Instruct/P150/tensor_cache_instruct_bfp8/layers.31.ffn_norm.weight_dtype_BFLOAT16_layout_ROW_MAJOR.tensorbin of shape Shape([1, 1, 128, 32])
2026-06-04 16:45:02.926 | DEBUG    | core:as_tensor:672 - Loaded cache for model_cache/meta-llama/Llama-3.1-8B-Instruct/P150/tensor_cache_instruct_bfp8/layers.31.ffn_norm.weight_distributed_dtype_BFLOAT16_layout_ROW_MAJOR.tensorbin of shape Shape([1, 1, 128, 32])
100%|██████████| 32/32 [00:20<00:00,  1.31it/s]100%|██████████| 32/32 [00:20<00:00,  1.57it/s]
2026-06-04 16:45:02.926 | DEBUG    | core:as_tensor:672 - Loaded cache for model_cache/meta-llama/Llama-3.1-8B-Instruct/P150/tensor_cache_instruct_bfp8/norm.weight_dtype_BFLOAT16_layout_ROW_MAJOR.tensorbin of shape Shape([1, 1, 128, 32])
2026-06-04 16:45:02.927 | DEBUG    | core:as_tensor:672 - Loaded cache for model_cache/meta-llama/Llama-3.1-8B-Instruct/P150/tensor_cache_instruct_bfp8/norm.weight_distributed_dtype_BFLOAT16_layout_ROW_MAJOR.tensorbin of shape Shape([1, 1, 128, 32])
2026-06-04 16:45:03.069 | DEBUG    | core:as_tensor:672 - Loaded cache for model_cache/meta-llama/Llama-3.1-8B-Instruct/P150/tensor_cache_instruct_bfp8/output_lm_head_8_split_shard_0_16032_dtype_BFLOAT8_B_layout_TILE.tensorbin of shape Shape([4096, 16032])
2026-06-04 16:45:03.217 | DEBUG    | core:as_tensor:672 - Loaded cache for model_cache/meta-llama/Llama-3.1-8B-Instruct/P150/tensor_cache_instruct_bfp8/output_lm_head_8_split_shard_1_16032_dtype_BFLOAT8_B_layout_TILE.tensorbin of shape Shape([4096, 16032])
2026-06-04 16:45:03.357 | DEBUG    | core:as_tensor:672 - Loaded cache for model_cache/meta-llama/Llama-3.1-8B-Instruct/P150/tensor_cache_instruct_bfp8/output_lm_head_8_split_shard_2_16032_dtype_BFLOAT8_B_layout_TILE.tensorbin of shape Shape([4096, 16032])
2026-06-04 16:45:03.540 | DEBUG    | core:as_tensor:672 - Loaded cache for model_cache/meta-llama/Llama-3.1-8B-Instruct/P150/tensor_cache_instruct_bfp8/output_lm_head_8_split_shard_3_16032_dtype_BFLOAT8_B_layout_TILE.tensorbin of shape Shape([4096, 16032])
2026-06-04 16:45:03.709 | DEBUG    | core:as_tensor:672 - Loaded cache for model_cache/meta-llama/Llama-3.1-8B-Instruct/P150/tensor_cache_instruct_bfp8/output_lm_head_8_split_shard_4_16032_dtype_BFLOAT8_B_layout_TILE.tensorbin of shape Shape([4096, 16032])
2026-06-04 16:45:03.853 | DEBUG    | core:as_tensor:672 - Loaded cache for model_cache/meta-llama/Llama-3.1-8B-Instruct/P150/tensor_cache_instruct_bfp8/output_lm_head_8_split_shard_5_16032_dtype_BFLOAT8_B_layout_TILE.tensorbin of shape Shape([4096, 16032])
2026-06-04 16:45:03.995 | DEBUG    | core:as_tensor:672 - Loaded cache for model_cache/meta-llama/Llama-3.1-8B-Instruct/P150/tensor_cache_instruct_bfp8/output_lm_head_8_split_shard_6_16032_dtype_BFLOAT8_B_layout_TILE.tensorbin of shape Shape([4096, 16032])
2026-06-04 16:45:04.145 | DEBUG    | core:as_tensor:672 - Loaded cache for model_cache/meta-llama/Llama-3.1-8B-Instruct/P150/tensor_cache_instruct_bfp8/output_lm_head_8_split_shard_7_16032_dtype_BFLOAT8_B_layout_TILE.tensorbin of shape Shape([4096, 16032])
2026-06-04 16:45:04.925 | INFO     | models.tt_transformers.demo.simple_text_demo:test_demo_text:1080 - Starting inference...
2026-06-04 16:45:04.926 | INFO     | models.tt_transformers.demo.simple_text_demo:test_demo_text:1082 - Processing batch 0
2026-06-04 16:45:04.956 | INFO     | models.tt_transformers.tt.common:preprocess_inputs_prefill:165 - Encoded prompt lengths:900
2026-06-04 16:45:04.957 | INFO     | models.tt_transformers.tt.common:preprocess_inputs_prefill:217 - # of users: 1
2026-06-04 16:45:04.958 | INFO     | models.tt_transformers.demo.simple_text_demo:test_demo_text:1120 - Starting prefill warmup...
2026-06-04 16:45:04.958 | INFO     | models.tt_transformers.tt.generator:prefill_forward_text:242 - Prefilling User 1 up to 900 tokens
2026-06-04 16:45:04.959 | INFO     | models.tt_transformers.tt.generator:prefill_forward_text:252 - Prefill seq len: 1024, max_prefill_chunk_size: 4096, trace: False
2026-06-04 16:45:29.958 | INFO     | models.tt_transformers.tt.generator:prefill_forward_text:325 - Finished prefill for all users up to 900 tokens, Starting decode...
2026-06-04 16:45:29.958 | INFO     | models.tt_transformers.demo.simple_text_demo:test_demo_text:1131 - Finished prefill warmup
2026-06-04 16:45:29.958 | INFO     | models.tt_transformers.demo.simple_text_demo:test_demo_text:1133 - Starting prefill...
2026-06-04 16:45:29.959 | INFO     | models.tt_transformers.tt.generator:prefill_forward_text:242 - Prefilling User 1 up to 900 tokens
2026-06-04 16:45:29.959 | INFO     | models.tt_transformers.tt.generator:prefill_forward_text:252 - Prefill seq len: 1024, max_prefill_chunk_size: 4096, trace: False
2026-06-04 16:45:30.097 | INFO     | models.tt_transformers.tt.generator:prefill_forward_text:325 - Finished prefill for all users up to 900 tokens, Starting decode...
2026-06-04 16:45:30.098 | INFO     | models.tt_transformers.demo.simple_text_demo:test_demo_text:1144 - Prefill finished
2026-06-04 16:45:30.098 | INFO     | models.tt_transformers.demo.simple_text_demo:test_demo_text:1189 - Starting decode loop...
2026-06-04 16:46:06.298 | DEBUG    | models.tt_transformers.demo.simple_text_demo:test_demo_text:1244 - Iteration 0: 36200ms @ 0.0 tok/s/user (0.0 tok/s throughput)
2026-06-04 16:46:06.301 | DEBUG    | models.tt_transformers.demo.simple_text_demo:test_demo_text:1272 - [User 0] ... computation often mattered more than raw access speed. Caches, prefetchers, and double buffering
2026-06-04 16:46:06.395 | DEBUG    | models.tt_transformers.demo.simple_text_demo:test_demo_text:1244 - Iteration 1: 94ms @ 10.7 tok/s/user (10.7 tok/s throughput)
2026-06-04 16:46:06.396 | DEBUG    | models.tt_transformers.demo.simple_text_demo:test_demo_text:1272 - [User 0] ...putation often mattered more than raw access speed. Caches, prefetchers, and double buffering all
2026-06-04 16:46:06.492 | DEBUG    | models.tt_transformers.demo.simple_text_demo:test_demo_text:1244 - Iteration 2: 95ms @ 10.5 tok/s/user (10.5 tok/s throughput)
2026-06-04 16:46:06.493 | DEBUG    | models.tt_transformers.demo.simple_text_demo:test_demo_text:1272 - [User 0] ...on often mattered more than raw access speed. Caches, prefetchers, and double buffering all serve
2026-06-04 16:46:06.586 | DEBUG    | models.tt_transformers.demo.simple_text_demo:test_demo_text:1244 - Iteration 3: 92ms @ 10.8 tok/s/user (10.8 tok/s throughput)
2026-06-04 16:46:06.588 | DEBUG    | models.tt_transformers.demo.simple_text_demo:test_demo_text:1272 - [User 0] ...ten mattered more than raw access speed. Caches, prefetchers, and double buffering all serve that
2026-06-04 16:46:06.682 | DEBUG    | models.tt_transformers.demo.simple_text_demo:test_demo_text:1244 - Iteration 4: 94ms @ 10.7 tok/s/user (10.7 tok/s throughput)
2026-06-04 16:46:06.684 | DEBUG    | models.tt_transformers.demo.simple_text_demo:test_demo_text:1272 - [User 0] ...tered more than raw access speed. Caches, prefetchers, and double buffering all serve that single
2026-06-04 16:46:06.777 | DEBUG    | models.tt_transformers.demo.simple_text_demo:test_demo_text:1244 - Iteration 5: 93ms @ 10.8 tok/s/user (10.8 tok/s throughput)
2026-06-04 16:46:06.778 | DEBUG    | models.tt_transformers.demo.simple_text_demo:test_demo_text:1272 - [User 0] ... than raw access speed. Caches, prefetchers, and double buffering all serve that single principle
2026-06-04 16:46:06.874 | DEBUG    | models.tt_transformers.demo.simple_text_demo:test_demo_text:1244 - Iteration 6: 95ms @ 10.5 tok/s/user (10.5 tok/s throughput)
2026-06-04 16:46:06.875 | DEBUG    | models.tt_transformers.demo.simple_text_demo:test_demo_text:1272 - [User 0] ...an raw access speed. Caches, prefetchers, and double buffering all serve that single principle in
2026-06-04 16:46:06.969 | DEBUG    | models.tt_transformers.demo.simple_text_demo:test_demo_text:1244 - Iteration 7: 93ms @ 10.7 tok/s/user (10.7 tok/s throughput)
2026-06-04 16:46:06.970 | DEBUG    | models.tt_transformers.demo.simple_text_demo:test_demo_text:1272 - [User 0] ...cess speed. Caches, prefetchers, and double buffering all serve that single principle in distinct
2026-06-04 16:46:06.971 | INFO     | models.tt_transformers.demo.simple_text_demo:test_demo_text:1283 - Finished decoding, printing the final outputs...

2026-06-04 16:46:06.977 | INFO     | models.tt_transformers.demo.simple_text_demo:test_demo_text:1300 -
==REPEAT BATCH 0
==USER 0 - PROMPT
The history of computing hardware spans developments from early mechanical calculating devices to mo
<long prompt not printed in full>
access behind useful computation often mattered more than raw access speed. Caches, prefetchers, and
==USER 0 - OUTPUT
double buffering all serve that single principle in distinct

2026-06-04 16:46:06.978 | INFO     | models.tt_transformers.demo.simple_text_demo:test_demo_text:1404 -
2026-06-04 16:46:06.978 | INFO     | models.tt_transformers.demo.simple_text_demo:test_demo_text:1405 - === Performance metrics ===
2026-06-04 16:46:06.978 | INFO     | models.tt_transformers.demo.simple_text_demo:test_demo_text:1407 - 1st token decode time: 93.81ms [10.66 t/s/u, 10.66 t/s]
2026-06-04 16:46:06.978 | INFO     | models.tt_transformers.demo.simple_text_demo:test_demo_text:1424 - ==
2026-06-04 16:46:06.978 | INFO     | models.tt_transformers.demo.simple_text_demo:test_demo_text:1425 - Prefill compile time: 25.0s
2026-06-04 16:46:06.979 | INFO     | models.tt_transformers.demo.simple_text_demo:test_demo_text:1426 - Decode compile time: 36.2s
2026-06-04 16:46:06.979 | INFO     | models.tt_transformers.demo.simple_text_demo:test_demo_text:1427 -
2026-06-04 16:46:06.979 | INFO     | models.tt_transformers.demo.simple_text_demo:test_demo_text:1428 - Average Time to First Token (TTFT): 139.54ms
2026-06-04 16:46:06.979 | INFO     | models.tt_transformers.demo.simple_text_demo:test_demo_text:1429 - Average speed: 93.79ms @ 10.66 tok/s/user (10.66 tok/s throughput)
2026-06-04 16:46:06.980 | INFO     | models.tt_transformers.demo.simple_text_demo:test_demo_text:1450 - Model Llama-3.1-8B does not have prefill targets set for device P150
PASSED2026-06-04 16:46:07.052 | warning  |           Metal | Profiler DRAM buffers were full, markers were dropped! device 0, worker core 1, 2, Risc BRISC,  bufferEndIndex = 15996. Please either decrease the number of ops being profiled or run read device profiler more often (profiler.cpp:1271)
2026-06-04 16:46:07.058 | warning  |           Metal | Profiler DRAM buffers were full, markers were dropped! device 0, worker core 1, 2, Risc NCRISC,  bufferEndIndex = 15996. Please either decrease the number of ops being profiled or run read device profiler more often (profiler.cpp:1271)
2026-06-04 16:46:07.063 | warning  |           Metal | Profiler DRAM buffers were full, markers were dropped! device 0, worker core 1, 2, Risc TRISC_0,  bufferEndIndex = 15996. Please either decrease the number of ops being profiled or run read device profiler more often (profiler.cpp:1271)
2026-06-04 16:46:07.065 | warning  |           Metal | Profiler DRAM buffers were full, markers were dropped! device 0, worker core 1, 2, Risc TRISC_1,  bufferEndIndex = 15996. Please either decrease the number of ops being profiled or run read device profiler more often (profiler.cpp:1271)
2026-06-04 16:46:07.067 | warning  |           Metal | Profiler DRAM buffers were full, markers were dropped! device 0, worker core 1, 2, Risc TRISC_2,  bufferEndIndex = 15996. Please either decrease the number of ops being profiled or run read device profiler more often (profiler.cpp:1271)
2026-06-04 16:46:07.069 | warning  |           Metal | Profiler DRAM buffers were full, markers were dropped! device 0, worker core 1, 3, Risc BRISC,  bufferEndIndex = 15996. Please either decrease the number of ops being profiled or run read device profiler more often (profiler.cpp:1271)
2026-06-04 16:46:07.071 | warning  |           Metal | Profiler DRAM buffers were full, markers were dropped! device 0, worker core 1, 3, Risc NCRISC,  bufferEndIndex = 15996. Please either decrease the number of ops being profiled or run read device profiler more often (profiler.cpp:1271)
2026-06-04 16:46:07.073 | warning  |           Metal | Profiler DRAM buffers were full, markers were dropped! device 0, worker core 1, 3, Risc TRISC_0,  bufferEndIndex = 15996. Please either decrease the number of ops being profiled or run read device profiler more often (profiler.cpp:1271)
2026-06-04 16:46:07.074 | warning  |           Metal | Profiler DRAM buffers were full, markers were dropped! device 0, worker core 1, 3, Risc TRISC_1,  bufferEndIndex = 15996. Please either decrease the number of ops being profiled or run read device profiler more often (profiler.cpp:1271)
2026-06-04 16:46:07.075 | warning  |           Metal | Profiler DRAM buffers were full, markers were dropped! device 0, worker core 1, 3, Risc TRISC_2,  bufferEndIndex = 15996. Please either decrease the number of ops being profiled or run read device profiler more often (profiler.cpp:1271)
2026-06-04 16:46:07.076 | warning  |           Metal | Profiler DRAM buffers were full, markers were dropped! device 0, worker core 1, 4, Risc BRISC,  bufferEndIndex = 15996. Please either decrease the number of ops being profiled or run read device profiler more often (profiler.cpp:1271)
2026-06-04 16:46:07.078 | warning  |           Metal | Profiler DRAM buffers were full, markers were dropped! device 0, worker core 1, 4, Risc NCRISC,  bufferEndIndex = 15996. Please either decrease the number of ops being profiled or run read device profiler more often (profiler.cpp:1271)
2026-06-04 16:46:07.080 | warning  |           Metal | Profiler DRAM buffers were full, markers were dropped! device 0, worker core 1, 4, Risc TRISC_0,  bufferEndIndex = 15996. Please either decrease the number of ops being profiled or run read device profiler more often (profiler.cpp:1271)
2026-06-04 16:46:07.081 | warning  |           Metal | Profiler DRAM buffers were full, markers were dropped! device 0, worker core 1, 4, Risc TRISC_1,  bufferEndIndex = 15996. Please either decrease the number of ops being profiled or run read device profiler more often (profiler.cpp:1271)
2026-06-04 16:46:07.083 | warning  |           Metal | Profiler DRAM buffers were full, markers were dropped! device 0, worker core 1, 4, Risc TRISC_2,  bufferEndIndex = 15996. Please either decrease the number of ops being profiled or run read device profiler more often (profiler.cpp:1271)
2026-06-04 16:46:07.084 | warning  |           Metal | Profiler DRAM buffers were full, markers were dropped! device 0, worker core 1, 5, Risc BRISC,  bufferEndIndex = 15996. Please either decrease the number of ops being profiled or run read device profiler more often (profiler.cpp:1271)
2026-06-04 16:46:07.085 | warning  |           Metal | Profiler DRAM buffers were full, markers were dropped! device 0, worker core 1, 5, Risc NCRISC,  bufferEndIndex = 15996. Please either decrease the number of ops being profiled or run read device profiler more often (profiler.cpp:1271)
2026-06-04 16:46:07.087 | warning  |           Metal | Profiler DRAM buffers were full, markers were dropped! device 0, worker core 1, 5, Risc TRISC_0,  bufferEndIndex = 15996. Please either decrease the number of ops being profiled or run read device profiler more often (profiler.cpp:1271)
2026-06-04 16:46:07.088 | warning  |           Metal | Profiler DRAM buffers were full, markers were dropped! device 0, worker core 1, 5, Risc TRISC_1,  bufferEndIndex = 15996. Please either decrease the number of ops being profiled or run read device profiler more often (profiler.cpp:1271)
2026-06-04 16:46:07.090 | warning  |           Metal | Profiler DRAM buffers were full, markers were dropped! device 0, worker core 1, 5, Risc TRISC_2,  bufferEndIndex = 15996. Please either decrease the number of ops being profiled or run read device profiler more often (profiler.cpp:1271)
2026-06-04 16:46:07.091 | warning  |           Metal | Profiler DRAM buffers were full, markers were dropped! device 0, worker core 1, 6, Risc BRISC,  bufferEndIndex = 15996. Please either decrease the number of ops being profiled or run read device profiler more often (profiler.cpp:1271)
2026-06-04 16:46:07.093 | warning  |           Metal | Profiler DRAM buffers were full, markers were dropped! device 0, worker core 1, 6, Risc NCRISC,  bufferEndIndex = 15996. Please either decrease the number of ops being profiled or run read device profiler more often (profiler.cpp:1271)
2026-06-04 16:46:07.095 | warning  |           Metal | Profiler DRAM buffers were full, markers were dropped! device 0, worker core 1, 6, Risc TRISC_0,  bufferEndIndex = 15996. Please either decrease the number of ops being profiled or run read device profiler more often (profiler.cpp:1271)
2026-06-04 16:46:07.096 | warning  |           Metal | Profiler DRAM buffers were full, markers were dropped! device 0, worker core 1, 6, Risc TRISC_1,  bufferEndIndex = 15996. Please either decrease the number of ops being profiled or run read device profiler more often (profiler.cpp:1271)
2026-06-04 16:46:07.098 | warning  |           Metal | Profiler DRAM buffers were full, markers were dropped! device 0, worker core 1, 6, Risc TRISC_2,  bufferEndIndex = 15996. Please either decrease the number of ops being profiled or run read device profiler more often (profiler.cpp:1271)
2026-06-04 16:46:07.099 | warning  |           Metal | Profiler DRAM buffers were full, markers were dropped! device 0, worker core 1, 7, Risc BRISC,  bufferEndIndex = 15996. Please either decrease the number of ops being profiled or run read device profiler more often (profiler.cpp:1271)
2026-06-04 16:46:07.101 | warning  |           Metal | Profiler DRAM buffers were full, markers were dropped! device 0, worker core 1, 7, Risc NCRISC,  bufferEndIndex = 15996. Please either decrease the number of ops being profiled or run read device profiler more often (profiler.cpp:1271)
2026-06-04 16:46:07.103 | warning  |           Metal | Profiler DRAM buffers were full, markers were dropped! device 0, worker core 1, 7, Risc TRISC_0,  bufferEndIndex = 15996. Please either decrease the number of ops being profiled or run read device profiler more often (profiler.cpp:1271)
2026-06-04 16:46:07.105 | warning  |           Metal | Profiler DRAM buffers were full, markers were dropped! device 0, worker core 1, 7, Risc TRISC_1,  bufferEndIndex = 15996. Please either decrease the number of ops being profiled or run read device profiler more often (profiler.cpp:1271)
2026-06-04 16:46:07.106 | warning  |           Metal | Profiler DRAM buffers were full, markers were dropped! device 0, worker core 1, 7, Risc TRISC_2,  bufferEndIndex = 15996. Please either decrease the number of ops being profiled or run read device profiler more often (profiler.cpp:1271)
2026-06-04 16:46:07.107 | warning  |           Metal | Profiler DRAM buffers were full, markers were dropped! device 0, worker core 1, 8, Risc BRISC,  bufferEndIndex = 15996. Please either decrease the number of ops being profiled or run read device profiler more often (profiler.cpp:1271)
2026-06-04 16:46:07.109 | warning  |           Metal | Profiler DRAM buffers were full, markers were dropped! device 0, worker core 1, 8, Risc NCRISC,  bufferEndIndex = 16000. Please either decrease the number of ops being profiled or run read device profiler more often (profiler.cpp:1271)
2026-06-04 16:46:07.111 | warning  |           Metal | Profiler DRAM buffers were full, markers were dropped! device 0, worker core 1, 8, Risc TRISC_0,  bufferEndIndex = 15992. Please either decrease the number of ops being profiled or run read device profiler more often (profiler.cpp:1271)
2026-06-04 16:46:07.113 | warning  |           Metal | Profiler DRAM buffers were full, markers were dropped! device 0, worker core 1, 8, Risc TRISC_1,  bufferEndIndex = 15992. Please either decrease the number of ops being profiled or run read device profiler more often (profiler.cpp:1271)
2026-06-04 16:46:07.114 | warning  |           Metal | Profiler DRAM buffers were full, markers were dropped! device 0, worker core 1, 8, Risc TRISC_2,  bufferEndIndex = 15992. Please either decrease the number of ops being profiled or run read device profiler more often (profiler.cpp:1271)
2026-06-04 16:46:07.116 | warning  |           Metal | Profiler DRAM buffers were full, markers were dropped! device 0, worker core 1, 9, Risc BRISC,  bufferEndIndex = 15996. Please either decrease the number of ops being profiled or run read device profiler more often (profiler.cpp:1271)
2026-06-04 16:46:07.118 | warning  |           Metal | Profiler DRAM buffers were full, markers were dropped! device 0, worker core 1, 9, Risc NCRISC,  bufferEndIndex = 16000. Please either decrease the number of ops being profiled or run read device profiler more often (profiler.cpp:1271)
2026-06-04 16:46:07.120 | warning  |           Metal | Profiler DRAM buffers were full, markers were dropped! device 0, worker core 1, 9, Risc TRISC_0,  bufferEndIndex = 15992. Please either decrease the number of ops being profiled or run read device profiler more often (profiler.cpp:1271)
2026-06-04 16:46:07.122 | warning  |           Metal | Profiler DRAM buffers were full, markers were dropped! device 0, worker core 1, 9, Risc TRISC_1,  bufferEndIndex = 15992. Please either decrease the number of ops being profiled or run read device profiler more often (profiler.cpp:1271)
2026-06-04 16:46:07.123 | warning  |           Metal | Profiler DRAM buffers were full, markers were dropped! device 0, worker core 1, 9, Risc TRISC_2,  bufferEndIndex = 15992. Please either decrease the number of ops being profiled or run read device profiler more often (profiler.cpp:1271)
2026-06-04 16:46:07.125 | warning  |           Metal | Profiler DRAM buffers were full, markers were dropped! device 0, worker core 1, 10, Risc BRISC,  bufferEndIndex = 15996. Please either decrease the number of ops being profiled or run read device profiler more often (profiler.cpp:1271)
2026-06-04 16:46:07.127 | warning  |           Metal | Profiler DRAM buffers were full, markers were dropped! device 0, worker core 1, 10, Risc NCRISC,  bufferEndIndex = 15996. Please either decrease the number of ops being profiled or run read device profiler more often (profiler.cpp:1271)
2026-06-04 16:46:07.129 | warning  |           Metal | Profiler DRAM buffers were full, markers were dropped! device 0, worker core 1, 10, Risc TRISC_0,  bufferEndIndex = 15996. Please either decrease the number of ops being profiled or run read device profiler more often (profiler.cpp:1271)
2026-06-04 16:46:07.131 | warning  |           Metal | Profiler DRAM buffers were full, markers were dropped! device 0, worker core 1, 10, Risc TRISC_1,  bufferEndIndex = 15996. Please either decrease the number of ops being profiled or run read device profiler more often (profiler.cpp:1271)
2026-06-04 16:46:07.133 | warning  |           Metal | Profiler DRAM buffers were full, markers were dropped! device 0, worker core 1, 10, Risc TRISC_2,  bufferEndIndex = 15996. Please either decrease the number of ops being profiled or run read device profiler more often (profiler.cpp:1271)
2026-06-04 16:46:07.135 | warning  |           Metal | Profiler DRAM buffers were full, markers were dropped! device 0, worker core 1, 11, Risc BRISC,  bufferEndIndex = 15996. Please either decrease the number of ops being profiled or run read device profiler more often (profiler.cpp:1271)
2026-06-04 16:46:07.137 | warning  |           Metal | Profiler DRAM buffers were full, markers were dropped! device 0, worker core 1, 11, Risc NCRISC,  bufferEndIndex = 15996. Please either decrease the number of ops being profiled or run read device profiler more often (profiler.cpp:1271)
2026-06-04 16:46:07.139 | warning  |           Metal | Profiler DRAM buffers were full, markers were dropped! device 0, worker core 1, 11, Risc TRISC_0,  bufferEndIndex = 15996. Please either decrease the number of ops being profiled or run read device profiler more often (profiler.cpp:1271)
2026-06-04 16:46:07.141 | warning  |           Metal | Profiler DRAM buffers were full, markers were dropped! device 0, worker core 1, 11, Risc TRISC_1,  bufferEndIndex = 15996. Please either decrease the number of ops being profiled or run read device profiler more often (profiler.cpp:1271)
2026-06-04 16:46:07.143 | warning  |           Metal | Profiler DRAM buffers were full, markers were dropped! device 0, worker core 1, 11, Risc TRISC_2,  bufferEndIndex = 15996. Please either decrease the number of ops being profiled or run read device profiler more often (profiler.cpp:1271)
2026-06-04 16:46:07.144 | warning  |           Metal | Profiler DRAM buffers were full, markers were dropped! device 0, worker core 2, 2, Risc BRISC,  bufferEndIndex = 15996. Please either decrease the number of ops being profiled or run read device profiler more often (profiler.cpp:1271)
2026-06-04 16:46:07.147 | warning  |           Metal | Profiler DRAM buffers were full, markers were dropped! device 0, worker core 2, 2, Risc NCRISC,  bufferEndIndex = 15996. Please either decrease the number of ops being profiled or run read device profiler more often (profiler.cpp:1271)
2026-06-04 16:46:07.149 | warning  |           Metal | Profiler DRAM buffers were full, markers were dropped! device 0, worker core 2, 2, Risc TRISC_0,  bufferEndIndex = 15996. Please either decrease the number of ops being profiled or run read device profiler more often (profiler.cpp:1271)
2026-06-04 16:46:07.150 | warning  |           Metal | Profiler DRAM buffers were full, markers were dropped! device 0, worker core 2, 2, Risc TRISC_1,  bufferEndIndex = 15996. Please either decrease the number of ops being profiled or run read device profiler more often (profiler.cpp:1271)
2026-06-04 16:46:07.152 | warning  |           Metal | Profiler DRAM buffers were full, markers were dropped! device 0, worker core 2, 2, Risc TRISC_2,  bufferEndIndex = 15996. Please either decrease the number of ops being profiled or run read device profiler more often (profiler.cpp:1271)
2026-06-04 16:46:07.154 | warning  |           Metal | Profiler DRAM buffers were full, markers were dropped! device 0, worker core 2, 3, Risc BRISC,  bufferEndIndex = 15996. Please either decrease the number of ops being profiled or run read device profiler more often (profiler.cpp:1271)
2026-06-04 16:46:07.156 | warning  |           Metal | Profiler DRAM buffers were full, markers were dropped! device 0, worker core 2, 3, Risc NCRISC,  bufferEndIndex = 15996. Please either decrease the number of ops being profiled or run read device profiler more often (profiler.cpp:1271)
2026-06-04 16:46:07.158 | warning  |           Metal | Profiler DRAM buffers were full, markers were dropped! device 0, worker core 2, 3, Risc TRISC_0,  bufferEndIndex = 15996. Please either decrease the number of ops being profiled or run read device profiler more often (profiler.cpp:1271)
2026-06-04 16:46:07.159 | warning  |           Metal | Profiler DRAM buffers were full, markers were dropped! device 0, worker core 2, 3, Risc TRISC_1,  bufferEndIndex = 15996. Please either decrease the number of ops being profiled or run read device profiler more often (profiler.cpp:1271)
2026-06-04 16:46:07.161 | warning  |           Metal | Profiler DRAM buffers were full, markers were dropped! device 0, worker core 2, 3, Risc TRISC_2,  bufferEndIndex = 15996. Please either decrease the number of ops being profiled or run read device profiler more often (profiler.cpp:1271)
2026-06-04 16:46:07.163 | warning  |           Metal | Profiler DRAM buffers were full, markers were dropped! device 0, worker core 2, 4, Risc BRISC,  bufferEndIndex = 15996. Please either decrease the number of ops being profiled or run read device profiler more often (profiler.cpp:1271)
2026-06-04 16:46:07.165 | warning  |           Metal | Profiler DRAM buffers were full, markers were dropped! device 0, worker core 2, 4, Risc NCRISC,  bufferEndIndex = 15996. Please either decrease the number of ops being profiled or run read device profiler more often (profiler.cpp:1271)
2026-06-04 16:46:07.167 | warning  |           Metal | Profiler DRAM buffers were full, markers were dropped! device 0, worker core 2, 4, Risc TRISC_0,  bufferEndIndex = 15996. Please either decrease the number of ops being profiled or run read device profiler more often (profiler.cpp:1271)
2026-06-04 16:46:07.169 | warning  |           Metal | Profiler DRAM buffers were full, markers were dropped! device 0, worker core 2, 4, Risc TRISC_1,  bufferEndIndex = 15996. Please either decrease the number of ops being profiled or run read device profiler more often (profiler.cpp:1271)
2026-06-04 16:46:07.170 | warning  |           Metal | Profiler DRAM buffers were full, markers were dropped! device 0, worker core 2, 4, Risc TRISC_2,  bufferEndIndex = 15996. Please either decrease the number of ops being profiled or run read device profiler more often (profiler.cpp:1271)
2026-06-04 16:46:07.172 | warning  |           Metal | Profiler DRAM buffers were full, markers were dropped! device 0, worker core 2, 5, Risc BRISC,  bufferEndIndex = 15996. Please either decrease the number of ops being profiled or run read device profiler more often (profiler.cpp:1271)
2026-06-04 16:46:07.174 | warning  |           Metal | Profiler DRAM buffers were full, markers were dropped! device 0, worker core 2, 5, Risc NCRISC,  bufferEndIndex = 15996. Please either decrease the number of ops being profiled or run read device profiler more often (profiler.cpp:1271)
2026-06-04 16:46:07.176 | warning  |           Metal | Profiler DRAM buffers were full, markers were dropped! device 0, worker core 2, 5, Risc TRISC_0,  bufferEndIndex = 15996. Please either decrease the number of ops being profiled or run read device profiler more often (profiler.cpp:1271)
2026-06-04 16:46:07.178 | warning  |           Metal | Profiler DRAM buffers were full, markers were dropped! device 0, worker core 2, 5, Risc TRISC_1,  bufferEndIndex = 15996. Please either decrease the number of ops being profiled or run read device profiler more often (profiler.cpp:1271)
2026-06-04 16:46:07.179 | warning  |           Metal | Profiler DRAM buffers were full, markers were dropped! device 0, worker core 2, 5, Risc TRISC_2,  bufferEndIndex = 15996. Please either decrease the number of ops being profiled or run read device profiler more often (profiler.cpp:1271)
2026-06-04 16:46:07.181 | warning  |           Metal | Profiler DRAM buffers were full, markers were dropped! device 0, worker core 2, 6, Risc BRISC,  bufferEndIndex = 15996. Please either decrease the number of ops being profiled or run read device profiler more often (profiler.cpp:1271)
2026-06-04 16:46:07.183 | warning  |           Metal | Profiler DRAM buffers were full, markers were dropped! device 0, worker core 2, 6, Risc NCRISC,  bufferEndIndex = 15996. Please either decrease the number of ops being profiled or run read device profiler more often (profiler.cpp:1271)
2026-06-04 16:46:07.185 | warning  |           Metal | Profiler DRAM buffers were full, markers were dropped! device 0, worker core 2, 6, Risc TRISC_0,  bufferEndIndex = 15996. Please either decrease the number of ops being profiled or run read device profiler more often (profiler.cpp:1271)
2026-06-04 16:46:07.187 | warning  |           Metal | Profiler DRAM buffers were full, markers were dropped! device 0, worker core 2, 6, Risc TRISC_1,  bufferEndIndex = 15996. Please either decrease the number of ops being profiled or run read device profiler more often (profiler.cpp:1271)
2026-06-04 16:46:07.188 | warning  |           Metal | Profiler DRAM buffers were full, markers were dropped! device 0, worker core 2, 6, Risc TRISC_2,  bufferEndIndex = 15996. Please either decrease the number of ops being profiled or run read device profiler more often (profiler.cpp:1271)
2026-06-04 16:46:07.190 | warning  |           Metal | Profiler DRAM buffers were full, markers were dropped! device 0, worker core 2, 7, Risc BRISC,  bufferEndIndex = 15996. Please either decrease the number of ops being profiled or run read device profiler more often (profiler.cpp:1271)
2026-06-04 16:46:07.192 | warning  |           Metal | Profiler DRAM buffers were full, markers were dropped! device 0, worker core 2, 7, Risc NCRISC,  bufferEndIndex = 15996. Please either decrease the number of ops being profiled or run read device profiler more often (profiler.cpp:1271)
2026-06-04 16:46:07.194 | warning  |           Metal | Profiler DRAM buffers were full, markers were dropped! device 0, worker core 2, 7, Risc TRISC_0,  bufferEndIndex = 15996. Please either decrease the number of ops being profiled or run read device profiler more often (profiler.cpp:1271)
2026-06-04 16:46:07.196 | warning  |           Metal | Profiler DRAM buffers were full, markers were dropped! device 0, worker core 2, 7, Risc TRISC_1,  bufferEndIndex = 15996. Please either decrease the number of ops being profiled or run read device profiler more often (profiler.cpp:1271)
2026-06-04 16:46:07.197 | warning  |           Metal | Profiler DRAM buffers were full, markers were dropped! device 0, worker core 2, 7, Risc TRISC_2,  bufferEndIndex = 15996. Please either decrease the number of ops being profiled or run read device profiler more often (profiler.cpp:1271)
2026-06-04 16:46:07.199 | warning  |           Metal | Profiler DRAM buffers were full, markers were dropped! device 0, worker core 2, 8, Risc BRISC,  bufferEndIndex = 15996. Please either decrease the number of ops being profiled or run read device profiler more often (profiler.cpp:1271)
2026-06-04 16:46:07.201 | warning  |           Metal | Profiler DRAM buffers were full, markers were dropped! device 0, worker core 2, 8, Risc NCRISC,  bufferEndIndex = 16000. Please either decrease the number of ops being profiled or run read device profiler more often (profiler.cpp:1271)
2026-06-04 16:46:07.203 | warning  |           Metal | Profiler DRAM buffers were full, markers were dropped! device 0, worker core 2, 8, Risc TRISC_0,  bufferEndIndex = 15992. Please either decrease the number of ops being profiled or run read device profiler more often (profiler.cpp:1271)
2026-06-04 16:46:07.205 | warning  |           Metal | Profiler DRAM buffers were full, markers were dropped! device 0, worker core 2, 8, Risc TRISC_1,  bufferEndIndex = 15992. Please either decrease the number of ops being profiled or run read device profiler more often (profiler.cpp:1271)
2026-06-04 16:46:07.206 | warning  |           Metal | Profiler DRAM buffers were full, markers were dropped! device 0, worker core 2, 8, Risc TRISC_2,  bufferEndIndex = 15992. Please either decrease the number of ops being profiled or run read device profiler more often (profiler.cpp:1271)
2026-06-04 16:46:07.208 | warning  |           Metal | Profiler DRAM buffers were full, markers were dropped! device 0, worker core 2, 9, Risc BRISC,  bufferEndIndex = 15996. Please either decrease the number of ops being profiled or run read device profiler more often (profiler.cpp:1271)
2026-06-04 16:46:07.210 | warning  |           Metal | Profiler DRAM buffers were full, markers were dropped! device 0, worker core 2, 9, Risc NCRISC,  bufferEndIndex = 16000. Please either decrease the number of ops being profiled or run read device profiler more often (profiler.cpp:1271)
2026-06-04 16:46:07.212 | warning  |           Metal | Profiler DRAM buffers were full, markers were dropped! device 0, worker core 2, 9, Risc TRISC_0,  bufferEndIndex = 15992. Please either decrease the number of ops being profiled or run read device profiler more often (profiler.cpp:1271)
2026-06-04 16:46:07.214 | warning  |           Metal | Profiler DRAM buffers were full, markers were dropped! device 0, worker core 2, 9, Risc TRISC_1,  bufferEndIndex = 15992. Please either decrease the number of ops being profiled or run read device profiler more often (profiler.cpp:1271)
2026-06-04 16:46:07.215 | warning  |           Metal | Profiler DRAM buffers were full, markers were dropped! device 0, worker core 2, 9, Risc TRISC_2,  bufferEndIndex = 15992. Please either decrease the number of ops being profiled or run read device profiler more often (profiler.cpp:1271)
2026-06-04 16:46:07.217 | warning  |           Metal | Profiler DRAM buffers were full, markers were dropped! device 0, worker core 2, 10, Risc BRISC,  bufferEndIndex = 15996. Please either decrease the number of ops being profiled or run read device profiler more often (profiler.cpp:1271)
2026-06-04 16:46:07.219 | warning  |           Metal | Profiler DRAM buffers were full, markers were dropped! device 0, worker core 2, 10, Risc NCRISC,  bufferEndIndex = 15996. Please either decrease the number of ops being profiled or run read device profiler more often (profiler.cpp:1271)
2026-06-04 16:46:07.221 | warning  |           Metal | Profiler DRAM buffers were full, markers were dropped! device 0, worker core 2, 10, Risc TRISC_0,  bufferEndIndex = 15996. Please either decrease the number of ops being profiled or run read device profiler more often (profiler.cpp:1271)
2026-06-04 16:46:07.223 | warning  |           Metal | Profiler DRAM buffers were full, markers were dropped! device 0, worker core 2, 10, Risc TRISC_1,  bufferEndIndex = 15996. Please either decrease the number of ops being profiled or run read device profiler more often (profiler.cpp:1271)
2026-06-04 16:46:07.225 | warning  |           Metal | Profiler DRAM buffers were full, markers were dropped! device 0, worker core 2, 10, Risc TRISC_2,  bufferEndIndex = 15996. Please either decrease the number of ops being profiled or run read device profiler more often (profiler.cpp:1271)
2026-06-04 16:46:07.227 | warning  |           Metal | Profiler DRAM buffers were full, markers were dropped! device 0, worker core 2, 11, Risc BRISC,  bufferEndIndex = 15996. Please either decrease the number of ops being profiled or run read device profiler more often (profiler.cpp:1271)
2026-06-04 16:46:07.229 | warning  |           Metal | Profiler DRAM buffers were full, markers were dropped! device 0, worker core 2, 11, Risc NCRISC,  bufferEndIndex = 15996. Please either decrease the number of ops being profiled or run read device profiler more often (profiler.cpp:1271)
2026-06-04 16:46:07.231 | warning  |           Metal | Profiler DRAM buffers were full, markers were dropped! device 0, worker core 2, 11, Risc TRISC_0,  bufferEndIndex = 15996. Please either decrease the number of ops being profiled or run read device profiler more often (profiler.cpp:1271)
2026-06-04 16:46:07.233 | warning  |           Metal | Profiler DRAM buffers were full, markers were dropped! device 0, worker core 2, 11, Risc TRISC_1,  bufferEndIndex = 15996. Please either decrease the number of ops being profiled or run read device profiler more often (profiler.cpp:1271)
2026-06-04 16:46:07.235 | warning  |           Metal | Profiler DRAM buffers were full, markers were dropped! device 0, worker core 2, 11, Risc TRISC_2,  bufferEndIndex = 15996. Please either decrease the number of ops being profiled or run read device profiler more often (profiler.cpp:1271)
2026-06-04 16:46:07.237 | warning  |           Metal | Profiler DRAM buffers were full, markers were dropped! device 0, worker core 3, 2, Risc BRISC,  bufferEndIndex = 15996. Please either decrease the number of ops being profiled or run read device profiler more often (profiler.cpp:1271)
2026-06-04 16:46:07.239 | warning  |           Metal | Profiler DRAM buffers were full, markers were dropped! device 0, worker core 3, 2, Risc NCRISC,  bufferEndIndex = 15996. Please either decrease the number of ops being profiled or run read device profiler more often (profiler.cpp:1271)
2026-06-04 16:46:07.241 | warning  |           Metal | Profiler DRAM buffers were full, markers were dropped! device 0, worker core 3, 2, Risc TRISC_0,  bufferEndIndex = 15996. Please either decrease the number of ops being profiled or run read device profiler more often (profiler.cpp:1271)
2026-06-04 16:46:07.243 | warning  |           Metal | Profiler DRAM buffers were full, markers were dropped! device 0, worker core 3, 2, Risc TRISC_1,  bufferEndIndex = 15996. Please either decrease the number of ops being profiled or run read device profiler more often (profiler.cpp:1271)
2026-06-04 16:46:07.245 | warning  |           Metal | Profiler DRAM buffers were full, markers were dropped! device 0, worker core 3, 2, Risc TRISC_2,  bufferEndIndex = 15996. Please either decrease the number of ops being profiled or run read device profiler more often (profiler.cpp:1271)
2026-06-04 16:46:07.246 | warning  |           Metal | Profiler DRAM buffers were full, markers were dropped! device 0, worker core 3, 3, Risc BRISC,  bufferEndIndex = 15996. Please either decrease the number of ops being profiled or run read device profiler more often (profiler.cpp:1271)
2026-06-04 16:46:07.248 | warning  |           Metal | Profiler DRAM buffers were full, markers were dropped! device 0, worker core 3, 3, Risc NCRISC,  bufferEndIndex = 15996. Please either decrease the number of ops being profiled or run read device profiler more often (profiler.cpp:1271)
2026-06-04 16:46:07.251 | warning  |           Metal | Profiler DRAM buffers were full, markers were dropped! device 0, worker core 3, 3, Risc TRISC_0,  bufferEndIndex = 15996. Please either decrease the number of ops being profiled or run read device profiler more often (profiler.cpp:1271)
2026-06-04 16:46:07.252 | warning  |           Metal | Profiler DRAM buffers were full, markers were dropped! device 0, worker core 3, 3, Risc TRISC_1,  bufferEndIndex = 15996. Please either decrease the number of ops being profiled or run read device profiler more often (profiler.cpp:1271)
2026-06-04 16:46:07.254 | warning  |           Metal | Profiler DRAM buffers were full, markers were dropped! device 0, worker core 3, 3, Risc TRISC_2,  bufferEndIndex = 15996. Please either decrease the number of ops being profiled or run read device profiler more often (profiler.cpp:1271)
2026-06-04 16:46:07.255 | warning  |           Metal | Profiler DRAM buffers were full, markers were dropped! device 0, worker core 3, 4, Risc BRISC,  bufferEndIndex = 15996. Please either decrease the number of ops being profiled or run read device profiler more often (profiler.cpp:1271)
2026-06-04 16:46:07.257 | warning  |           Metal | Profiler DRAM buffers were full, markers were dropped! device 0, worker core 3, 4, Risc NCRISC,  bufferEndIndex = 15996. Please either decrease the number of ops being profiled or run read device profiler more often (profiler.cpp:1271)
2026-06-04 16:46:07.260 | warning  |           Metal | Profiler DRAM buffers were full, markers were dropped! device 0, worker core 3, 4, Risc TRISC_0,  bufferEndIndex = 15996. Please either decrease the number of ops being profiled or run read device profiler more often (profiler.cpp:1271)
2026-06-04 16:46:07.261 | warning  |           Metal | Profiler DRAM buffers were full, markers were dropped! device 0, worker core 3, 4, Risc TRISC_1,  bufferEndIndex = 15996. Please either decrease the number of ops being profiled or run read device profiler more often (profiler.cpp:1271)
2026-06-04 16:46:07.263 | warning  |           Metal | Profiler DRAM buffers were full, markers were dropped! device 0, worker core 3, 4, Risc TRISC_2,  bufferEndIndex = 15996. Please either decrease the number of ops being profiled or run read device profiler more often (profiler.cpp:1271)
2026-06-04 16:46:07.264 | warning  |           Metal | Profiler DRAM buffers were full, markers were dropped! device 0, worker core 3, 5, Risc BRISC,  bufferEndIndex = 15996. Please either decrease the number of ops being profiled or run read device profiler more often (profiler.cpp:1271)
2026-06-04 16:46:07.267 | warning  |           Metal | Profiler DRAM buffers were full, markers were dropped! device 0, worker core 3, 5, Risc NCRISC,  bufferEndIndex = 15996. Please either decrease the number of ops being profiled or run read device profiler more often (profiler.cpp:1271)
2026-06-04 16:46:07.269 | warning  |           Metal | Profiler DRAM buffers were full, markers were dropped! device 0, worker core 3, 5, Risc TRISC_0,  bufferEndIndex = 15996. Please either decrease the number of ops being profiled or run read device profiler more often (profiler.cpp:1271)
2026-06-04 16:46:07.270 | warning  |           Metal | Profiler DRAM buffers were full, markers were dropped! device 0, worker core 3, 5, Risc TRISC_1,  bufferEndIndex = 15996. Please either decrease the number of ops being profiled or run read device profiler more often (profiler.cpp:1271)
2026-06-04 16:46:07.272 | warning  |           Metal | Profiler DRAM buffers were full, markers were dropped! device 0, worker core 3, 5, Risc TRISC_2,  bufferEndIndex = 15996. Please either decrease the number of ops being profiled or run read device profiler more often (profiler.cpp:1271)
2026-06-04 16:46:07.273 | warning  |           Metal | Profiler DRAM buffers were full, markers were dropped! device 0, worker core 3, 6, Risc BRISC,  bufferEndIndex = 15996. Please either decrease the number of ops being profiled or run read device profiler more often (profiler.cpp:1271)
2026-06-04 16:46:07.276 | warning  |           Metal | Profiler DRAM buffers were full, markers were dropped! device 0, worker core 3, 6, Risc NCRISC,  bufferEndIndex = 15996. Please either decrease the number of ops being profiled or run read device profiler more often (profiler.cpp:1271)
2026-06-04 16:46:07.278 | warning  |           Metal | Profiler DRAM buffers were full, markers were dropped! device 0, worker core 3, 6, Risc TRISC_0,  bufferEndIndex = 15996. Please either decrease the number of ops being profiled or run read device profiler more often (profiler.cpp:1271)
2026-06-04 16:46:07.279 | warning  |           Metal | Profiler DRAM buffers were full, markers were dropped! device 0, worker core 3, 6, Risc TRISC_1,  bufferEndIndex = 15996. Please either decrease the number of ops being profiled or run read device profiler more often (profiler.cpp:1271)
2026-06-04 16:46:07.281 | warning  |           Metal | Profiler DRAM buffers were full, markers were dropped! device 0, worker core 3, 6, Risc TRISC_2,  bufferEndIndex = 15996. Please either decrease the number of ops being profiled or run read device profiler more often (profiler.cpp:1271)
2026-06-04 16:46:07.282 | warning  |           Metal | Profiler DRAM buffers were full, markers were dropped! device 0, worker core 3, 7, Risc BRISC,  bufferEndIndex = 15996. Please either decrease the number of ops being profiled or run read device profiler more often (profiler.cpp:1271)
2026-06-04 16:46:07.284 | warning  |           Metal | Profiler DRAM buffers were full, markers were dropped! device 0, worker core 3, 7, Risc NCRISC,  bufferEndIndex = 15996. Please either decrease the number of ops being profiled or run read device profiler more often (profiler.cpp:1271)
2026-06-04 16:46:07.287 | warning  |           Metal | Profiler DRAM buffers were full, markers were dropped! device 0, worker core 3, 7, Risc TRISC_0,  bufferEndIndex = 15996. Please either decrease the number of ops being profiled or run read device profiler more often (profiler.cpp:1271)
2026-06-04 16:46:07.288 | warning  |           Metal | Profiler DRAM buffers were full, markers were dropped! device 0, worker core 3, 7, Risc TRISC_1,  bufferEndIndex = 15996. Please either decrease the number of ops being profiled or run read device profiler more often (profiler.cpp:1271)
2026-06-04 16:46:07.290 | warning  |           Metal | Profiler DRAM buffers were full, markers were dropped! device 0, worker core 3, 7, Risc TRISC_2,  bufferEndIndex = 15996. Please either decrease the number of ops being profiled or run read device profiler more often (profiler.cpp:1271)
2026-06-04 16:46:07.291 | warning  |           Metal | Profiler DRAM buffers were full, markers were dropped! device 0, worker core 3, 8, Risc BRISC,  bufferEndIndex = 15996. Please either decrease the number of ops being profiled or run read device profiler more often (profiler.cpp:1271)
2026-06-04 16:46:07.293 | warning  |           Metal | Profiler DRAM buffers were full, markers were dropped! device 0, worker core 3, 8, Risc NCRISC,  bufferEndIndex = 16000. Please either decrease the number of ops being profiled or run read device profiler more often (profiler.cpp:1271)
2026-06-04 16:46:07.296 | warning  |           Metal | Profiler DRAM buffers were full, markers were dropped! device 0, worker core 3, 8, Risc TRISC_0,  bufferEndIndex = 15992. Please either decrease the number of ops being profiled or run read device profiler more often (profiler.cpp:1271)
2026-06-04 16:46:07.297 | warning  |           Metal | Profiler DRAM buffers were full, markers were dropped! device 0, worker core 3, 8, Risc TRISC_1,  bufferEndIndex = 15992. Please either decrease the number of ops being profiled or run read device profiler more often (profiler.cpp:1271)
2026-06-04 16:46:07.299 | warning  |           Metal | Profiler DRAM buffers were full, markers were dropped! device 0, worker core 3, 8, Risc TRISC_2,  bufferEndIndex = 15992. Please either decrease the number of ops being profiled or run read device profiler more often (profiler.cpp:1271)
2026-06-04 16:46:07.300 | warning  |           Metal | Profiler DRAM buffers were full, markers were dropped! device 0, worker core 3, 9, Risc BRISC,  bufferEndIndex = 15996. Please either decrease the number of ops being profiled or run read device profiler more often (profiler.cpp:1271)
2026-06-04 16:46:07.303 | warning  |           Metal | Profiler DRAM buffers were full, markers were dropped! device 0, worker core 3, 9, Risc NCRISC,  bufferEndIndex = 16000. Please either decrease the number of ops being profiled or run read device profiler more often (profiler.cpp:1271)
2026-06-04 16:46:07.305 | warning  |           Metal | Profiler DRAM buffers were full, markers were dropped! device 0, worker core 3, 9, Risc TRISC_0,  bufferEndIndex = 15992. Please either decrease the number of ops being profiled or run read device profiler more often (profiler.cpp:1271)
2026-06-04 16:46:07.306 | warning  |           Metal | Profiler DRAM buffers were full, markers were dropped! device 0, worker core 3, 9, Risc TRISC_1,  bufferEndIndex = 15992. Please either decrease the number of ops being profiled or run read device profiler more often (profiler.cpp:1271)
2026-06-04 16:46:07.308 | warning  |           Metal | Profiler DRAM buffers were full, markers were dropped! device 0, worker core 3, 9, Risc TRISC_2,  bufferEndIndex = 15992. Please either decrease the number of ops being profiled or run read device profiler more often (profiler.cpp:1271)
2026-06-04 16:46:07.309 | warning  |           Metal | Profiler DRAM buffers were full, markers were dropped! device 0, worker core 3, 10, Risc BRISC,  bufferEndIndex = 15996. Please either decrease the number of ops being profiled or run read device profiler more often (profiler.cpp:1271)
2026-06-04 16:46:07.312 | warning  |           Metal | Profiler DRAM buffers were full, markers were dropped! device 0, worker core 3, 10, Risc NCRISC,  bufferEndIndex = 15996. Please either decrease the number of ops being profiled or run read device profiler more often (profiler.cpp:1271)
2026-06-04 16:46:07.314 | warning  |           Metal | Profiler DRAM buffers were full, markers were dropped! device 0, worker core 3, 10, Risc TRISC_0,  bufferEndIndex = 15996. Please either decrease the number of ops being profiled or run read device profiler more often (profiler.cpp:1271)
2026-06-04 16:46:07.316 | warning  |           Metal | Profiler DRAM buffers were full, markers were dropped! device 0, worker core 3, 10, Risc TRISC_1,  bufferEndIndex = 15996. Please either decrease the number of ops being profiled or run read device profiler more often (profiler.cpp:1271)
2026-06-04 16:46:07.318 | warning  |           Metal | Profiler DRAM buffers were full, markers were dropped! device 0, worker core 3, 10, Risc TRISC_2,  bufferEndIndex = 15996. Please either decrease the number of ops being profiled or run read device profiler more often (profiler.cpp:1271)
2026-06-04 16:46:07.320 | warning  |           Metal | Profiler DRAM buffers were full, markers were dropped! device 0, worker core 3, 11, Risc BRISC,  bufferEndIndex = 15996. Please either decrease the number of ops being profiled or run read device profiler more often (profiler.cpp:1271)
2026-06-04 16:46:07.322 | warning  |           Metal | Profiler DRAM buffers were full, markers were dropped! device 0, worker core 3, 11, Risc NCRISC,  bufferEndIndex = 15996. Please either decrease the number of ops being profiled or run read device profiler more often (profiler.cpp:1271)
2026-06-04 16:46:07.324 | warning  |           Metal | Profiler DRAM buffers were full, markers were dropped! device 0, worker core 3, 11, Risc TRISC_0,  bufferEndIndex = 15996. Please either decrease the number of ops being profiled or run read device profiler more often (profiler.cpp:1271)
2026-06-04 16:46:07.326 | warning  |           Metal | Profiler DRAM buffers were full, markers were dropped! device 0, worker core 3, 11, Risc TRISC_1,  bufferEndIndex = 15996. Please either decrease the number of ops being profiled or run read device profiler more often (profiler.cpp:1271)
2026-06-04 16:46:07.327 | warning  |           Metal | Profiler DRAM buffers were full, markers were dropped! device 0, worker core 3, 11, Risc TRISC_2,  bufferEndIndex = 15996. Please either decrease the number of ops being profiled or run read device profiler more often (profiler.cpp:1271)
2026-06-04 16:46:07.329 | warning  |           Metal | Profiler DRAM buffers were full, markers were dropped! device 0, worker core 4, 2, Risc BRISC,  bufferEndIndex = 15996. Please either decrease the number of ops being profiled or run read device profiler more often (profiler.cpp:1271)
2026-06-04 16:46:07.331 | warning  |           Metal | Profiler DRAM buffers were full, markers were dropped! device 0, worker core 4, 2, Risc NCRISC,  bufferEndIndex = 15996. Please either decrease the number of ops being profiled or run read device profiler more often (profiler.cpp:1271)
2026-06-04 16:46:07.334 | warning  |           Metal | Profiler DRAM buffers were full, markers were dropped! device 0, worker core 4, 2, Risc TRISC_0,  bufferEndIndex = 15996. Please either decrease the number of ops being profiled or run read device profiler more often (profiler.cpp:1271)
2026-06-04 16:46:07.335 | warning  |           Metal | Profiler DRAM buffers were full, markers were dropped! device 0, worker core 4, 2, Risc TRISC_1,  bufferEndIndex = 15996. Please either decrease the number of ops being profiled or run read device profiler more often (profiler.cpp:1271)
2026-06-04 16:46:07.337 | warning  |           Metal | Profiler DRAM buffers were full, markers were dropped! device 0, worker core 4, 2, Risc TRISC_2,  bufferEndIndex = 15996. Please either decrease the number of ops being profiled or run read device profiler more often (profiler.cpp:1271)
2026-06-04 16:46:07.338 | warning  |           Metal | Profiler DRAM buffers were full, markers were dropped! device 0, worker core 4, 3, Risc BRISC,  bufferEndIndex = 15996. Please either decrease the number of ops being profiled or run read device profiler more often (profiler.cpp:1271)
2026-06-04 16:46:07.340 | warning  |           Metal | Profiler DRAM buffers were full, markers were dropped! device 0, worker core 4, 3, Risc NCRISC,  bufferEndIndex = 15996. Please either decrease the number of ops being profiled or run read device profiler more often (profiler.cpp:1271)
2026-06-04 16:46:07.343 | warning  |           Metal | Profiler DRAM buffers were full, markers were dropped! device 0, worker core 4, 3, Risc TRISC_0,  bufferEndIndex = 15996. Please either decrease the number of ops being profiled or run read device profiler more often (profiler.cpp:1271)
2026-06-04 16:46:07.344 | warning  |           Metal | Profiler DRAM buffers were full, markers were dropped! device 0, worker core 4, 3, Risc TRISC_1,  bufferEndIndex = 15996. Please either decrease the number of ops being profiled or run read device profiler more often (profiler.cpp:1271)
2026-06-04 16:46:07.346 | warning  |           Metal | Profiler DRAM buffers were full, markers were dropped! device 0, worker core 4, 3, Risc TRISC_2,  bufferEndIndex = 15996. Please either decrease the number of ops being profiled or run read device profiler more often (profiler.cpp:1271)
2026-06-04 16:46:07.347 | warning  |           Metal | Profiler DRAM buffers were full, markers were dropped! device 0, worker core 4, 4, Risc BRISC,  bufferEndIndex = 15996. Please either decrease the number of ops being profiled or run read device profiler more often (profiler.cpp:1271)
2026-06-04 16:46:07.349 | warning  |           Metal | Profiler DRAM buffers were full, markers were dropped! device 0, worker core 4, 4, Risc NCRISC,  bufferEndIndex = 15996. Please either decrease the number of ops being profiled or run read device profiler more often (profiler.cpp:1271)
2026-06-04 16:46:07.352 | warning  |           Metal | Profiler DRAM buffers were full, markers were dropped! device 0, worker core 4, 4, Risc TRISC_0,  bufferEndIndex = 15996. Please either decrease the number of ops being profiled or run read device profiler more often (profiler.cpp:1271)
2026-06-04 16:46:07.353 | warning  |           Metal | Profiler DRAM buffers were full, markers were dropped! device 0, worker core 4, 4, Risc TRISC_1,  bufferEndIndex = 15996. Please either decrease the number of ops being profiled or run read device profiler more often (profiler.cpp:1271)
2026-06-04 16:46:07.355 | warning  |           Metal | Profiler DRAM buffers were full, markers were dropped! device 0, worker core 4, 4, Risc TRISC_2,  bufferEndIndex = 15996. Please either decrease the number of ops being profiled or run read device profiler more often (profiler.cpp:1271)
2026-06-04 16:46:07.357 | warning  |           Metal | Profiler DRAM buffers were full, markers were dropped! device 0, worker core 4, 5, Risc BRISC,  bufferEndIndex = 15996. Please either decrease the number of ops being profiled or run read device profiler more often (profiler.cpp:1271)
2026-06-04 16:46:07.359 | warning  |           Metal | Profiler DRAM buffers were full, markers were dropped! device 0, worker core 4, 5, Risc NCRISC,  bufferEndIndex = 16000. Please either decrease the number of ops being profiled or run read device profiler more often (profiler.cpp:1271)
2026-06-04 16:46:07.361 | warning  |           Metal | Profiler DRAM buffers were full, markers were dropped! device 0, worker core 4, 5, Risc TRISC_0,  bufferEndIndex = 15992. Please either decrease the number of ops being profiled or run read device profiler more often (profiler.cpp:1271)
2026-06-04 16:46:07.363 | warning  |           Metal | Profiler DRAM buffers were full, markers were dropped! device 0, worker core 4, 5, Risc TRISC_1,  bufferEndIndex = 15992. Please either decrease the number of ops being profiled or run read device profiler more often (profiler.cpp:1271)
2026-06-04 16:46:07.365 | warning  |           Metal | Profiler DRAM buffers were full, markers were dropped! device 0, worker core 4, 5, Risc TRISC_2,  bufferEndIndex = 15992. Please either decrease the number of ops being profiled or run read device profiler more often (profiler.cpp:1271)
2026-06-04 16:46:07.366 | warning  |           Metal | Profiler DRAM buffers were full, markers were dropped! device 0, worker core 4, 6, Risc BRISC,  bufferEndIndex = 15996. Please either decrease the number of ops being profiled or run read device profiler more often (profiler.cpp:1271)
2026-06-04 16:46:07.368 | warning  |           Metal | Profiler DRAM buffers were full, markers were dropped! device 0, worker core 4, 6, Risc NCRISC,  bufferEndIndex = 16000. Please either decrease the number of ops being profiled or run read device profiler more often (profiler.cpp:1271)
2026-06-04 16:46:07.371 | warning  |           Metal | Profiler DRAM buffers were full, markers were dropped! device 0, worker core 4, 6, Risc TRISC_0,  bufferEndIndex = 16000. Please either decrease the number of ops being profiled or run read device profiler more often (profiler.cpp:1271)
2026-06-04 16:46:07.372 | warning  |           Metal | Profiler DRAM buffers were full, markers were dropped! device 0, worker core 4, 6, Risc TRISC_1,  bufferEndIndex = 16000. Please either decrease the number of ops being profiled or run read device profiler more often (profiler.cpp:1271)
2026-06-04 16:46:07.374 | warning  |           Metal | Profiler DRAM buffers were full, markers were dropped! device 0, worker core 4, 6, Risc TRISC_2,  bufferEndIndex = 16000. Please either decrease the number of ops being profiled or run read device profiler more often (profiler.cpp:1271)
2026-06-04 16:46:07.376 | warning  |           Metal | Profiler DRAM buffers were full, markers were dropped! device 0, worker core 4, 7, Risc BRISC,  bufferEndIndex = 15996. Please either decrease the number of ops being profiled or run read device profiler more often (profiler.cpp:1271)
2026-06-04 16:46:07.378 | warning  |           Metal | Profiler DRAM buffers were full, markers were dropped! device 0, worker core 4, 7, Risc NCRISC,  bufferEndIndex = 16000. Please either decrease the number of ops being profiled or run read device profiler more often (profiler.cpp:1271)
2026-06-04 16:46:07.380 | warning  |           Metal | Profiler DRAM buffers were full, markers were dropped! device 0, worker core 4, 7, Risc TRISC_0,  bufferEndIndex = 16000. Please either decrease the number of ops being profiled or run read device profiler more often (profiler.cpp:1271)
2026-06-04 16:46:07.382 | warning  |           Metal | Profiler DRAM buffers were full, markers were dropped! device 0, worker core 4, 7, Risc TRISC_1,  bufferEndIndex = 16000. Please either decrease the number of ops being profiled or run read device profiler more often (profiler.cpp:1271)
2026-06-04 16:46:07.384 | warning  |           Metal | Profiler DRAM buffers were full, markers were dropped! device 0, worker core 4, 7, Risc TRISC_2,  bufferEndIndex = 16000. Please either decrease the number of ops being profiled or run read device profiler more often (profiler.cpp:1271)
2026-06-04 16:46:07.385 | warning  |           Metal | Profiler DRAM buffers were full, markers were dropped! device 0, worker core 4, 8, Risc BRISC,  bufferEndIndex = 15996. Please either decrease the number of ops being profiled or run read device profiler more often (profiler.cpp:1271)
2026-06-04 16:46:07.387 | warning  |           Metal | Profiler DRAM buffers were full, markers were dropped! device 0, worker core 4, 8, Risc NCRISC,  bufferEndIndex = 15996. Please either decrease the number of ops being profiled or run read device profiler more often (profiler.cpp:1271)
2026-06-04 16:46:07.390 | warning  |           Metal | Profiler DRAM buffers were full, markers were dropped! device 0, worker core 4, 8, Risc TRISC_0,  bufferEndIndex = 15996. Please either decrease the number of ops being profiled or run read device profiler more often (profiler.cpp:1271)
2026-06-04 16:46:07.392 | warning  |           Metal | Profiler DRAM buffers were full, markers were dropped! device 0, worker core 4, 8, Risc TRISC_1,  bufferEndIndex = 15996. Please either decrease the number of ops being profiled or run read device profiler more often (profiler.cpp:1271)
2026-06-04 16:46:07.394 | warning  |           Metal | Profiler DRAM buffers were full, markers were dropped! device 0, worker core 4, 8, Risc TRISC_2,  bufferEndIndex = 15996. Please either decrease the number of ops being profiled or run read device profiler more often (profiler.cpp:1271)
2026-06-04 16:46:07.396 | warning  |           Metal | Profiler DRAM buffers were full, markers were dropped! device 0, worker core 4, 9, Risc BRISC,  bufferEndIndex = 15996. Please either decrease the number of ops being profiled or run read device profiler more often (profiler.cpp:1271)
2026-06-04 16:46:07.398 | warning  |           Metal | Profiler DRAM buffers were full, markers were dropped! device 0, worker core 4, 9, Risc NCRISC,  bufferEndIndex = 15996. Please either decrease the number of ops being profiled or run read device profiler more often (profiler.cpp:1271)
2026-06-04 16:46:07.401 | warning  |           Metal | Profiler DRAM buffers were full, markers were dropped! device 0, worker core 4, 9, Risc TRISC_0,  bufferEndIndex = 15996. Please either decrease the number of ops being profiled or run read device profiler more often (profiler.cpp:1271)
2026-06-04 16:46:07.403 | warning  |           Metal | Profiler DRAM buffers were full, markers were dropped! device 0, worker core 4, 9, Risc TRISC_1,  bufferEndIndex = 15996. Please either decrease the number of ops being profiled or run read device profiler more often (profiler.cpp:1271)
2026-06-04 16:46:07.405 | warning  |           Metal | Profiler DRAM buffers were full, markers were dropped! device 0, worker core 4, 9, Risc TRISC_2,  bufferEndIndex = 15996. Please either decrease the number of ops being profiled or run read device profiler more often (profiler.cpp:1271)
2026-06-04 16:46:07.407 | warning  |           Metal | Profiler DRAM buffers were full, markers were dropped! device 0, worker core 4, 10, Risc BRISC,  bufferEndIndex = 15996. Please either decrease the number of ops being profiled or run read device profiler more often (profiler.cpp:1271)
2026-06-04 16:46:07.409 | warning  |           Metal | Profiler DRAM buffers were full, markers were dropped! device 0, worker core 4, 10, Risc NCRISC,  bufferEndIndex = 15996. Please either decrease the number of ops being profiled or run read device profiler more often (profiler.cpp:1271)
2026-06-04 16:46:07.412 | warning  |           Metal | Profiler DRAM buffers were full, markers were dropped! device 0, worker core 4, 10, Risc TRISC_0,  bufferEndIndex = 15996. Please either decrease the number of ops being profiled or run read device profiler more often (profiler.cpp:1271)
2026-06-04 16:46:07.414 | warning  |           Metal | Profiler DRAM buffers were full, markers were dropped! device 0, worker core 4, 10, Risc TRISC_1,  bufferEndIndex = 15996. Please either decrease the number of ops being profiled or run read device profiler more often (profiler.cpp:1271)
2026-06-04 16:46:07.417 | warning  |           Metal | Profiler DRAM buffers were full, markers were dropped! device 0, worker core 4, 10, Risc TRISC_2,  bufferEndIndex = 15996. Please either decrease the number of ops being profiled or run read device profiler more often (profiler.cpp:1271)
2026-06-04 16:46:07.419 | warning  |           Metal | Profiler DRAM buffers were full, markers were dropped! device 0, worker core 4, 11, Risc BRISC,  bufferEndIndex = 15996. Please either decrease the number of ops being profiled or run read device profiler more often (profiler.cpp:1271)
2026-06-04 16:46:07.422 | warning  |           Metal | Profiler DRAM buffers were full, markers were dropped! device 0, worker core 4, 11, Risc NCRISC,  bufferEndIndex = 15996. Please either decrease the number of ops being profiled or run read device profiler more often (profiler.cpp:1271)
2026-06-04 16:46:07.424 | warning  |           Metal | Profiler DRAM buffers were full, markers were dropped! device 0, worker core 4, 11, Risc TRISC_0,  bufferEndIndex = 15996. Please either decrease the number of ops being profiled or run read device profiler more often (profiler.cpp:1271)
2026-06-04 16:46:07.427 | warning  |           Metal | Profiler DRAM buffers were full, markers were dropped! device 0, worker core 4, 11, Risc TRISC_1,  bufferEndIndex = 15996. Please either decrease the number of ops being profiled or run read device profiler more often (profiler.cpp:1271)
2026-06-04 16:46:07.429 | warning  |           Metal | Profiler DRAM buffers were full, markers were dropped! device 0, worker core 4, 11, Risc TRISC_2,  bufferEndIndex = 15996. Please either decrease the number of ops being profiled or run read device profiler more often (profiler.cpp:1271)
2026-06-04 16:46:07.431 | warning  |           Metal | Profiler DRAM buffers were full, markers were dropped! device 0, worker core 5, 2, Risc BRISC,  bufferEndIndex = 15996. Please either decrease the number of ops being profiled or run read device profiler more often (profiler.cpp:1271)
2026-06-04 16:46:07.434 | warning  |           Metal | Profiler DRAM buffers were full, markers were dropped! device 0, worker core 5, 2, Risc NCRISC,  bufferEndIndex = 15996. Please either decrease the number of ops being profiled or run read device profiler more often (profiler.cpp:1271)
2026-06-04 16:46:07.436 | warning  |           Metal | Profiler DRAM buffers were full, markers were dropped! device 0, worker core 5, 2, Risc TRISC_0,  bufferEndIndex = 15996. Please either decrease the number of ops being profiled or run read device profiler more often (profiler.cpp:1271)
2026-06-04 16:46:07.438 | warning  |           Metal | Profiler DRAM buffers were full, markers were dropped! device 0, worker core 5, 2, Risc TRISC_1,  bufferEndIndex = 15996. Please either decrease the number of ops being profiled or run read device profiler more often (profiler.cpp:1271)
2026-06-04 16:46:07.440 | warning  |           Metal | Profiler DRAM buffers were full, markers were dropped! device 0, worker core 5, 2, Risc TRISC_2,  bufferEndIndex = 15996. Please either decrease the number of ops being profiled or run read device profiler more often (profiler.cpp:1271)
2026-06-04 16:46:07.442 | warning  |           Metal | Profiler DRAM buffers were full, markers were dropped! device 0, worker core 5, 3, Risc BRISC,  bufferEndIndex = 15996. Please either decrease the number of ops being profiled or run read device profiler more often (profiler.cpp:1271)
2026-06-04 16:46:07.445 | warning  |           Metal | Profiler DRAM buffers were full, markers were dropped! device 0, worker core 5, 3, Risc NCRISC,  bufferEndIndex = 15996. Please either decrease the number of ops being profiled or run read device profiler more often (profiler.cpp:1271)
2026-06-04 16:46:07.447 | warning  |           Metal | Profiler DRAM buffers were full, markers were dropped! device 0, worker core 5, 3, Risc TRISC_0,  bufferEndIndex = 15996. Please either decrease the number of ops being profiled or run read device profiler more often (profiler.cpp:1271)
2026-06-04 16:46:07.449 | warning  |           Metal | Profiler DRAM buffers were full, markers were dropped! device 0, worker core 5, 3, Risc TRISC_1,  bufferEndIndex = 15996. Please either decrease the number of ops being profiled or run read device profiler more often (profiler.cpp:1271)
2026-06-04 16:46:07.451 | warning  |           Metal | Profiler DRAM buffers were full, markers were dropped! device 0, worker core 5, 3, Risc TRISC_2,  bufferEndIndex = 15996. Please either decrease the number of ops being profiled or run read device profiler more often (profiler.cpp:1271)
2026-06-04 16:46:07.453 | warning  |           Metal | Profiler DRAM buffers were full, markers were dropped! device 0, worker core 5, 4, Risc BRISC,  bufferEndIndex = 15996. Please either decrease the number of ops being profiled or run read device profiler more often (profiler.cpp:1271)
2026-06-04 16:46:07.456 | warning  |           Metal | Profiler DRAM buffers were full, markers were dropped! device 0, worker core 5, 4, Risc NCRISC,  bufferEndIndex = 15996. Please either decrease the number of ops being profiled or run read device profiler more often (profiler.cpp:1271)
2026-06-04 16:46:07.458 | warning  |           Metal | Profiler DRAM buffers were full, markers were dropped! device 0, worker core 5, 4, Risc TRISC_0,  bufferEndIndex = 15996. Please either decrease the number of ops being profiled or run read device profiler more often (profiler.cpp:1271)
2026-06-04 16:46:07.460 | warning  |           Metal | Profiler DRAM buffers were full, markers were dropped! device 0, worker core 5, 4, Risc TRISC_1,  bufferEndIndex = 15996. Please either decrease the number of ops being profiled or run read device profiler more often (profiler.cpp:1271)
2026-06-04 16:46:07.462 | warning  |           Metal | Profiler DRAM buffers were full, markers were dropped! device 0, worker core 5, 4, Risc TRISC_2,  bufferEndIndex = 15996. Please either decrease the number of ops being profiled or run read device profiler more often (profiler.cpp:1271)
2026-06-04 16:46:07.464 | warning  |           Metal | Profiler DRAM buffers were full, markers were dropped! device 0, worker core 5, 5, Risc BRISC,  bufferEndIndex = 15996. Please either decrease the number of ops being profiled or run read device profiler more often (profiler.cpp:1271)
2026-06-04 16:46:07.467 | warning  |           Metal | Profiler DRAM buffers were full, markers were dropped! device 0, worker core 5, 5, Risc NCRISC,  bufferEndIndex = 16000. Please either decrease the number of ops being profiled or run read device profiler more often (profiler.cpp:1271)
2026-06-04 16:46:07.469 | warning  |           Metal | Profiler DRAM buffers were full, markers were dropped! device 0, worker core 5, 5, Risc TRISC_0,  bufferEndIndex = 15992. Please either decrease the number of ops being profiled or run read device profiler more often (profiler.cpp:1271)
2026-06-04 16:46:07.471 | warning  |           Metal | Profiler DRAM buffers were full, markers were dropped! device 0, worker core 5, 5, Risc TRISC_1,  bufferEndIndex = 15992. Please either decrease the number of ops being profiled or run read device profiler more often (profiler.cpp:1271)
2026-06-04 16:46:07.473 | warning  |           Metal | Profiler DRAM buffers were full, markers were dropped! device 0, worker core 5, 5, Risc TRISC_2,  bufferEndIndex = 15992. Please either decrease the number of ops being profiled or run read device profiler more often (profiler.cpp:1271)
2026-06-04 16:46:07.475 | warning  |           Metal | Profiler DRAM buffers were full, markers were dropped! device 0, worker core 5, 6, Risc BRISC,  bufferEndIndex = 15996. Please either decrease the number of ops being profiled or run read device profiler more often (profiler.cpp:1271)
2026-06-04 16:46:07.478 | warning  |           Metal | Profiler DRAM buffers were full, markers were dropped! device 0, worker core 5, 6, Risc NCRISC,  bufferEndIndex = 16000. Please either decrease the number of ops being profiled or run read device profiler more often (profiler.cpp:1271)
2026-06-04 16:46:07.480 | warning  |           Metal | Profiler DRAM buffers were full, markers were dropped! device 0, worker core 5, 6, Risc TRISC_0,  bufferEndIndex = 16000. Please either decrease the number of ops being profiled or run read device profiler more often (profiler.cpp:1271)
2026-06-04 16:46:07.482 | warning  |           Metal | Profiler DRAM buffers were full, markers were dropped! device 0, worker core 5, 6, Risc TRISC_1,  bufferEndIndex = 16000. Please either decrease the number of ops being profiled or run read device profiler more often (profiler.cpp:1271)
2026-06-04 16:46:07.484 | warning  |           Metal | Profiler DRAM buffers were full, markers were dropped! device 0, worker core 5, 6, Risc TRISC_2,  bufferEndIndex = 16000. Please either decrease the number of ops being profiled or run read device profiler more often (profiler.cpp:1271)
2026-06-04 16:46:07.486 | warning  |           Metal | Profiler DRAM buffers were full, markers were dropped! device 0, worker core 5, 7, Risc BRISC,  bufferEndIndex = 15996. Please either decrease the number of ops being profiled or run read device profiler more often (profiler.cpp:1271)
2026-06-04 16:46:07.489 | warning  |           Metal | Profiler DRAM buffers were full, markers were dropped! device 0, worker core 5, 7, Risc NCRISC,  bufferEndIndex = 16000. Please either decrease the number of ops being profiled or run read device profiler more often (profiler.cpp:1271)
2026-06-04 16:46:07.491 | warning  |           Metal | Profiler DRAM buffers were full, markers were dropped! device 0, worker core 5, 7, Risc TRISC_0,  bufferEndIndex = 16000. Please either decrease the number of ops being profiled or run read device profiler more often (profiler.cpp:1271)
2026-06-04 16:46:07.493 | warning  |           Metal | Profiler DRAM buffers were full, markers were dropped! device 0, worker core 5, 7, Risc TRISC_1,  bufferEndIndex = 16000. Please either decrease the number of ops being profiled or run read device profiler more often (profiler.cpp:1271)
2026-06-04 16:46:07.495 | warning  |           Metal | Profiler DRAM buffers were full, markers were dropped! device 0, worker core 5, 7, Risc TRISC_2,  bufferEndIndex = 16000. Please either decrease the number of ops being profiled or run read device profiler more often (profiler.cpp:1271)
2026-06-04 16:46:07.497 | warning  |           Metal | Profiler DRAM buffers were full, markers were dropped! device 0, worker core 5, 8, Risc BRISC,  bufferEndIndex = 15996. Please either decrease the number of ops being profiled or run read device profiler more often (profiler.cpp:1271)
2026-06-04 16:46:07.500 | warning  |           Metal | Profiler DRAM buffers were full, markers were dropped! device 0, worker core 5, 8, Risc NCRISC,  bufferEndIndex = 15996. Please either decrease the number of ops being profiled or run read device profiler more often (profiler.cpp:1271)
2026-06-04 16:46:07.502 | warning  |           Metal | Profiler DRAM buffers were full, markers were dropped! device 0, worker core 5, 8, Risc TRISC_0,  bufferEndIndex = 15996. Please either decrease the number of ops being profiled or run read device profiler more often (profiler.cpp:1271)
2026-06-04 16:46:07.504 | warning  |           Metal | Profiler DRAM buffers were full, markers were dropped! device 0, worker core 5, 8, Risc TRISC_1,  bufferEndIndex = 15996. Please either decrease the number of ops being profiled or run read device profiler more often (profiler.cpp:1271)
2026-06-04 16:46:07.506 | warning  |           Metal | Profiler DRAM buffers were full, markers were dropped! device 0, worker core 5, 8, Risc TRISC_2,  bufferEndIndex = 15996. Please either decrease the number of ops being profiled or run read device profiler more often (profiler.cpp:1271)
2026-06-04 16:46:07.508 | warning  |           Metal | Profiler DRAM buffers were full, markers were dropped! device 0, worker core 5, 9, Risc BRISC,  bufferEndIndex = 15996. Please either decrease the number of ops being profiled or run read device profiler more often (profiler.cpp:1271)
2026-06-04 16:46:07.511 | warning  |           Metal | Profiler DRAM buffers were full, markers were dropped! device 0, worker core 5, 9, Risc NCRISC,  bufferEndIndex = 15996. Please either decrease the number of ops being profiled or run read device profiler more often (profiler.cpp:1271)
2026-06-04 16:46:07.513 | warning  |           Metal | Profiler DRAM buffers were full, markers were dropped! device 0, worker core 5, 9, Risc TRISC_0,  bufferEndIndex = 15996. Please either decrease the number of ops being profiled or run read device profiler more often (profiler.cpp:1271)
2026-06-04 16:46:07.515 | warning  |           Metal | Profiler DRAM buffers were full, markers were dropped! device 0, worker core 5, 9, Risc TRISC_1,  bufferEndIndex = 15996. Please either decrease the number of ops being profiled or run read device profiler more often (profiler.cpp:1271)
2026-06-04 16:46:07.517 | warning  |           Metal | Profiler DRAM buffers were full, markers were dropped! device 0, worker core 5, 9, Risc TRISC_2,  bufferEndIndex = 15996. Please either decrease the number of ops being profiled or run read device profiler more often (profiler.cpp:1271)
2026-06-04 16:46:07.519 | warning  |           Metal | Profiler DRAM buffers were full, markers were dropped! device 0, worker core 5, 10, Risc BRISC,  bufferEndIndex = 15996. Please either decrease the number of ops being profiled or run read device profiler more often (profiler.cpp:1271)
2026-06-04 16:46:07.521 | warning  |           Metal | Profiler DRAM buffers were full, markers were dropped! device 0, worker core 5, 10, Risc NCRISC,  bufferEndIndex = 15996. Please either decrease the number of ops being profiled or run read device profiler more often (profiler.cpp:1271)
2026-06-04 16:46:07.524 | warning  |           Metal | Profiler DRAM buffers were full, markers were dropped! device 0, worker core 5, 10, Risc TRISC_0,  bufferEndIndex = 15996. Please either decrease the number of ops being profiled or run read device profiler more often (profiler.cpp:1271)
2026-06-04 16:46:07.526 | warning  |           Metal | Profiler DRAM buffers were full, markers were dropped! device 0, worker core 5, 10, Risc TRISC_1,  bufferEndIndex = 15996. Please either decrease the number of ops being profiled or run read device profiler more often (profiler.cpp:1271)
2026-06-04 16:46:07.529 | warning  |           Metal | Profiler DRAM buffers were full, markers were dropped! device 0, worker core 5, 10, Risc TRISC_2,  bufferEndIndex = 15996. Please either decrease the number of ops being profiled or run read device profiler more often (profiler.cpp:1271)
2026-06-04 16:46:07.531 | warning  |           Metal | Profiler DRAM buffers were full, markers were dropped! device 0, worker core 5, 11, Risc BRISC,  bufferEndIndex = 15996. Please either decrease the number of ops being profiled or run read device profiler more often (profiler.cpp:1271)
2026-06-04 16:46:07.534 | warning  |           Metal | Profiler DRAM buffers were full, markers were dropped! device 0, worker core 5, 11, Risc NCRISC,  bufferEndIndex = 15996. Please either decrease the number of ops being profiled or run read device profiler more often (profiler.cpp:1271)
2026-06-04 16:46:07.536 | warning  |           Metal | Profiler DRAM buffers were full, markers were dropped! device 0, worker core 5, 11, Risc TRISC_0,  bufferEndIndex = 15996. Please either decrease the number of ops being profiled or run read device profiler more often (profiler.cpp:1271)
2026-06-04 16:46:07.539 | warning  |           Metal | Profiler DRAM buffers were full, markers were dropped! device 0, worker core 5, 11, Risc TRISC_1,  bufferEndIndex = 15996. Please either decrease the number of ops being profiled or run read device profiler more often (profiler.cpp:1271)
2026-06-04 16:46:07.541 | warning  |           Metal | Profiler DRAM buffers were full, markers were dropped! device 0, worker core 5, 11, Risc TRISC_2,  bufferEndIndex = 15996. Please either decrease the number of ops being profiled or run read device profiler more often (profiler.cpp:1271)
2026-06-04 16:46:07.543 | warning  |           Metal | Profiler DRAM buffers were full, markers were dropped! device 0, worker core 6, 2, Risc BRISC,  bufferEndIndex = 15996. Please either decrease the number of ops being profiled or run read device profiler more often (profiler.cpp:1271)
2026-06-04 16:46:07.546 | warning  |           Metal | Profiler DRAM buffers were full, markers were dropped! device 0, worker core 6, 2, Risc NCRISC,  bufferEndIndex = 15996. Please either decrease the number of ops being profiled or run read device profiler more often (profiler.cpp:1271)
2026-06-04 16:46:07.548 | warning  |           Metal | Profiler DRAM buffers were full, markers were dropped! device 0, worker core 6, 2, Risc TRISC_0,  bufferEndIndex = 15996. Please either decrease the number of ops being profiled or run read device profiler more often (profiler.cpp:1271)
2026-06-04 16:46:07.550 | warning  |           Metal | Profiler DRAM buffers were full, markers were dropped! device 0, worker core 6, 2, Risc TRISC_1,  bufferEndIndex = 15996. Please either decrease the number of ops being profiled or run read device profiler more often (profiler.cpp:1271)
2026-06-04 16:46:07.552 | warning  |           Metal | Profiler DRAM buffers were full, markers were dropped! device 0, worker core 6, 2, Risc TRISC_2,  bufferEndIndex = 15996. Please either decrease the number of ops being profiled or run read device profiler more often (profiler.cpp:1271)
2026-06-04 16:46:07.554 | warning  |           Metal | Profiler DRAM buffers were full, markers were dropped! device 0, worker core 6, 3, Risc BRISC,  bufferEndIndex = 15996. Please either decrease the number of ops being profiled or run read device profiler more often (profiler.cpp:1271)
2026-06-04 16:46:07.557 | warning  |           Metal | Profiler DRAM buffers were full, markers were dropped! device 0, worker core 6, 3, Risc NCRISC,  bufferEndIndex = 15996. Please either decrease the number of ops being profiled or run read device profiler more often (profiler.cpp:1271)
2026-06-04 16:46:07.559 | warning  |           Metal | Profiler DRAM buffers were full, markers were dropped! device 0, worker core 6, 3, Risc TRISC_0,  bufferEndIndex = 15996. Please either decrease the number of ops being profiled or run read device profiler more often (profiler.cpp:1271)
2026-06-04 16:46:07.561 | warning  |           Metal | Profiler DRAM buffers were full, markers were dropped! device 0, worker core 6, 3, Risc TRISC_1,  bufferEndIndex = 15996. Please either decrease the number of ops being profiled or run read device profiler more often (profiler.cpp:1271)
2026-06-04 16:46:07.563 | warning  |           Metal | Profiler DRAM buffers were full, markers were dropped! device 0, worker core 6, 3, Risc TRISC_2,  bufferEndIndex = 15996. Please either decrease the number of ops being profiled or run read device profiler more often (profiler.cpp:1271)
2026-06-04 16:46:07.565 | warning  |           Metal | Profiler DRAM buffers were full, markers were dropped! device 0, worker core 6, 4, Risc BRISC,  bufferEndIndex = 15996. Please either decrease the number of ops being profiled or run read device profiler more often (profiler.cpp:1271)
2026-06-04 16:46:07.567 | warning  |           Metal | Profiler DRAM buffers were full, markers were dropped! device 0, worker core 6, 4, Risc NCRISC,  bufferEndIndex = 15996. Please either decrease the number of ops being profiled or run read device profiler more often (profiler.cpp:1271)
2026-06-04 16:46:07.570 | warning  |           Metal | Profiler DRAM buffers were full, markers were dropped! device 0, worker core 6, 4, Risc TRISC_0,  bufferEndIndex = 15996. Please either decrease the number of ops being profiled or run read device profiler more often (profiler.cpp:1271)
2026-06-04 16:46:07.572 | warning  |           Metal | Profiler DRAM buffers were full, markers were dropped! device 0, worker core 6, 4, Risc TRISC_1,  bufferEndIndex = 15996. Please either decrease the number of ops being profiled or run read device profiler more often (profiler.cpp:1271)
2026-06-04 16:46:07.574 | warning  |           Metal | Profiler DRAM buffers were full, markers were dropped! device 0, worker core 6, 4, Risc TRISC_2,  bufferEndIndex = 15996. Please either decrease the number of ops being profiled or run read device profiler more often (profiler.cpp:1271)
2026-06-04 16:46:07.576 | warning  |           Metal | Profiler DRAM buffers were full, markers were dropped! device 0, worker core 6, 5, Risc BRISC,  bufferEndIndex = 15996. Please either decrease the number of ops being profiled or run read device profiler more often (profiler.cpp:1271)
2026-06-04 16:46:07.578 | warning  |           Metal | Profiler DRAM buffers were full, markers were dropped! device 0, worker core 6, 5, Risc NCRISC,  bufferEndIndex = 16000. Please either decrease the number of ops being profiled or run read device profiler more often (profiler.cpp:1271)
2026-06-04 16:46:07.581 | warning  |           Metal | Profiler DRAM buffers were full, markers were dropped! device 0, worker core 6, 5, Risc TRISC_0,  bufferEndIndex = 15992. Please either decrease the number of ops being profiled or run read device profiler more often (profiler.cpp:1271)
2026-06-04 16:46:07.583 | warning  |           Metal | Profiler DRAM buffers were full, markers were dropped! device 0, worker core 6, 5, Risc TRISC_1,  bufferEndIndex = 15992. Please either decrease the number of ops being profiled or run read device profiler more often (profiler.cpp:1271)
2026-06-04 16:46:07.585 | warning  |           Metal | Profiler DRAM buffers were full, markers were dropped! device 0, worker core 6, 5, Risc TRISC_2,  bufferEndIndex = 15992. Please either decrease the number of ops being profiled or run read device profiler more often (profiler.cpp:1271)
2026-06-04 16:46:07.587 | warning  |           Metal | Profiler DRAM buffers were full, markers were dropped! device 0, worker core 6, 6, Risc BRISC,  bufferEndIndex = 15996. Please either decrease the number of ops being profiled or run read device profiler more often (profiler.cpp:1271)
2026-06-04 16:46:07.589 | warning  |           Metal | Profiler DRAM buffers were full, markers were dropped! device 0, worker core 6, 6, Risc NCRISC,  bufferEndIndex = 16000. Please either decrease the number of ops being profiled or run read device profiler more often (profiler.cpp:1271)
2026-06-04 16:46:07.592 | warning  |           Metal | Profiler DRAM buffers were full, markers were dropped! device 0, worker core 6, 6, Risc TRISC_0,  bufferEndIndex = 16000. Please either decrease the number of ops being profiled or run read device profiler more often (profiler.cpp:1271)
2026-06-04 16:46:07.594 | warning  |           Metal | Profiler DRAM buffers were full, markers were dropped! device 0, worker core 6, 6, Risc TRISC_1,  bufferEndIndex = 16000. Please either decrease the number of ops being profiled or run read device profiler more often (profiler.cpp:1271)
2026-06-04 16:46:07.596 | warning  |           Metal | Profiler DRAM buffers were full, markers were dropped! device 0, worker core 6, 6, Risc TRISC_2,  bufferEndIndex = 16000. Please either decrease the number of ops being profiled or run read device profiler more often (profiler.cpp:1271)
2026-06-04 16:46:07.597 | warning  |           Metal | Profiler DRAM buffers were full, markers were dropped! device 0, worker core 6, 7, Risc BRISC,  bufferEndIndex = 15996. Please either decrease the number of ops being profiled or run read device profiler more often (profiler.cpp:1271)
2026-06-04 16:46:07.600 | warning  |           Metal | Profiler DRAM buffers were full, markers were dropped! device 0, worker core 6, 7, Risc NCRISC,  bufferEndIndex = 16000. Please either decrease the number of ops being profiled or run read device profiler more often (profiler.cpp:1271)
2026-06-04 16:46:07.602 | warning  |           Metal | Profiler DRAM buffers were full, markers were dropped! device 0, worker core 6, 7, Risc TRISC_0,  bufferEndIndex = 16000. Please either decrease the number of ops being profiled or run read device profiler more often (profiler.cpp:1271)
2026-06-04 16:46:07.604 | warning  |           Metal | Profiler DRAM buffers were full, markers were dropped! device 0, worker core 6, 7, Risc TRISC_1,  bufferEndIndex = 16000. Please either decrease the number of ops being profiled or run read device profiler more often (profiler.cpp:1271)
2026-06-04 16:46:07.606 | warning  |           Metal | Profiler DRAM buffers were full, markers were dropped! device 0, worker core 6, 7, Risc TRISC_2,  bufferEndIndex = 16000. Please either decrease the number of ops being profiled or run read device profiler more often (profiler.cpp:1271)
2026-06-04 16:46:07.608 | warning  |           Metal | Profiler DRAM buffers were full, markers were dropped! device 0, worker core 6, 8, Risc BRISC,  bufferEndIndex = 15996. Please either decrease the number of ops being profiled or run read device profiler more often (profiler.cpp:1271)
2026-06-04 16:46:07.611 | warning  |           Metal | Profiler DRAM buffers were full, markers were dropped! device 0, worker core 6, 8, Risc NCRISC,  bufferEndIndex = 15996. Please either decrease the number of ops being profiled or run read device profiler more often (profiler.cpp:1271)
2026-06-04 16:46:07.613 | warning  |           Metal | Profiler DRAM buffers were full, markers were dropped! device 0, worker core 6, 8, Risc TRISC_0,  bufferEndIndex = 15996. Please either decrease the number of ops being profiled or run read device profiler more often (profiler.cpp:1271)
2026-06-04 16:46:07.615 | warning  |           Metal | Profiler DRAM buffers were full, markers were dropped! device 0, worker core 6, 8, Risc TRISC_1,  bufferEndIndex = 15996. Please either decrease the number of ops being profiled or run read device profiler more often (profiler.cpp:1271)
2026-06-04 16:46:07.617 | warning  |           Metal | Profiler DRAM buffers were full, markers were dropped! device 0, worker core 6, 8, Risc TRISC_2,  bufferEndIndex = 15996. Please either decrease the number of ops being profiled or run read device profiler more often (profiler.cpp:1271)
2026-06-04 16:46:07.619 | warning  |           Metal | Profiler DRAM buffers were full, markers were dropped! device 0, worker core 6, 9, Risc BRISC,  bufferEndIndex = 15996. Please either decrease the number of ops being profiled or run read device profiler more often (profiler.cpp:1271)
2026-06-04 16:46:07.622 | warning  |           Metal | Profiler DRAM buffers were full, markers were dropped! device 0, worker core 6, 9, Risc NCRISC,  bufferEndIndex = 15996. Please either decrease the number of ops being profiled or run read device profiler more often (profiler.cpp:1271)
2026-06-04 16:46:07.624 | warning  |           Metal | Profiler DRAM buffers were full, markers were dropped! device 0, worker core 6, 9, Risc TRISC_0,  bufferEndIndex = 15996. Please either decrease the number of ops being profiled or run read device profiler more often (profiler.cpp:1271)
2026-06-04 16:46:07.626 | warning  |           Metal | Profiler DRAM buffers were full, markers were dropped! device 0, worker core 6, 9, Risc TRISC_1,  bufferEndIndex = 15996. Please either decrease the number of ops being profiled or run read device profiler more often (profiler.cpp:1271)
2026-06-04 16:46:07.628 | warning  |           Metal | Profiler DRAM buffers were full, markers were dropped! device 0, worker core 6, 9, Risc TRISC_2,  bufferEndIndex = 15996. Please either decrease the number of ops being profiled or run read device profiler more often (profiler.cpp:1271)
2026-06-04 16:46:07.630 | warning  |           Metal | Profiler DRAM buffers were full, markers were dropped! device 0, worker core 6, 10, Risc BRISC,  bufferEndIndex = 15996. Please either decrease the number of ops being profiled or run read device profiler more often (profiler.cpp:1271)
2026-06-04 16:46:07.633 | warning  |           Metal | Profiler DRAM buffers were full, markers were dropped! device 0, worker core 6, 10, Risc NCRISC,  bufferEndIndex = 15996. Please either decrease the number of ops being profiled or run read device profiler more often (profiler.cpp:1271)
2026-06-04 16:46:07.635 | warning  |           Metal | Profiler DRAM buffers were full, markers were dropped! device 0, worker core 6, 10, Risc TRISC_0,  bufferEndIndex = 15996. Please either decrease the number of ops being profiled or run read device profiler more often (profiler.cpp:1271)
2026-06-04 16:46:07.638 | warning  |           Metal | Profiler DRAM buffers were full, markers were dropped! device 0, worker core 6, 10, Risc TRISC_1,  bufferEndIndex = 15996. Please either decrease the number of ops being profiled or run read device profiler more often (profiler.cpp:1271)
2026-06-04 16:46:07.640 | warning  |           Metal | Profiler DRAM buffers were full, markers were dropped! device 0, worker core 6, 10, Risc TRISC_2,  bufferEndIndex = 15996. Please either decrease the number of ops being profiled or run read device profiler more often (profiler.cpp:1271)
2026-06-04 16:46:07.642 | warning  |           Metal | Profiler DRAM buffers were full, markers were dropped! device 0, worker core 6, 11, Risc BRISC,  bufferEndIndex = 15996. Please either decrease the number of ops being profiled or run read device profiler more often (profiler.cpp:1271)
2026-06-04 16:46:07.645 | warning  |           Metal | Profiler DRAM buffers were full, markers were dropped! device 0, worker core 6, 11, Risc NCRISC,  bufferEndIndex = 15996. Please either decrease the number of ops being profiled or run read device profiler more often (profiler.cpp:1271)
2026-06-04 16:46:07.647 | warning  |           Metal | Profiler DRAM buffers were full, markers were dropped! device 0, worker core 6, 11, Risc TRISC_0,  bufferEndIndex = 15996. Please either decrease the number of ops being profiled or run read device profiler more often (profiler.cpp:1271)
2026-06-04 16:46:07.650 | warning  |           Metal | Profiler DRAM buffers were full, markers were dropped! device 0, worker core 6, 11, Risc TRISC_1,  bufferEndIndex = 15996. Please either decrease the number of ops being profiled or run read device profiler more often (profiler.cpp:1271)
2026-06-04 16:46:07.652 | warning  |           Metal | Profiler DRAM buffers were full, markers were dropped! device 0, worker core 6, 11, Risc TRISC_2,  bufferEndIndex = 15996. Please either decrease the number of ops being profiled or run read device profiler more often (profiler.cpp:1271)
2026-06-04 16:46:07.654 | warning  |           Metal | Profiler DRAM buffers were full, markers were dropped! device 0, worker core 7, 2, Risc BRISC,  bufferEndIndex = 15996. Please either decrease the number of ops being profiled or run read device profiler more often (profiler.cpp:1271)
2026-06-04 16:46:07.657 | warning  |           Metal | Profiler DRAM buffers were full, markers were dropped! device 0, worker core 7, 2, Risc NCRISC,  bufferEndIndex = 15996. Please either decrease the number of ops being profiled or run read device profiler more often (profiler.cpp:1271)
2026-06-04 16:46:07.659 | warning  |           Metal | Profiler DRAM buffers were full, markers were dropped! device 0, worker core 7, 2, Risc TRISC_0,  bufferEndIndex = 15996. Please either decrease the number of ops being profiled or run read device profiler more often (profiler.cpp:1271)
2026-06-04 16:46:07.661 | warning  |           Metal | Profiler DRAM buffers were full, markers were dropped! device 0, worker core 7, 2, Risc TRISC_1,  bufferEndIndex = 15996. Please either decrease the number of ops being profiled or run read device profiler more often (profiler.cpp:1271)
2026-06-04 16:46:07.663 | warning  |           Metal | Profiler DRAM buffers were full, markers were dropped! device 0, worker core 7, 2, Risc TRISC_2,  bufferEndIndex = 15996. Please either decrease the number of ops being profiled or run read device profiler more often (profiler.cpp:1271)
2026-06-04 16:46:07.665 | warning  |           Metal | Profiler DRAM buffers were full, markers were dropped! device 0, worker core 7, 3, Risc BRISC,  bufferEndIndex = 15996. Please either decrease the number of ops being profiled or run read device profiler more often (profiler.cpp:1271)
2026-06-04 16:46:07.668 | warning  |           Metal | Profiler DRAM buffers were full, markers were dropped! device 0, worker core 7, 3, Risc NCRISC,  bufferEndIndex = 15996. Please either decrease the number of ops being profiled or run read device profiler more often (profiler.cpp:1271)
2026-06-04 16:46:07.670 | warning  |           Metal | Profiler DRAM buffers were full, markers were dropped! device 0, worker core 7, 3, Risc TRISC_0,  bufferEndIndex = 15996. Please either decrease the number of ops being profiled or run read device profiler more often (profiler.cpp:1271)
2026-06-04 16:46:07.672 | warning  |           Metal | Profiler DRAM buffers were full, markers were dropped! device 0, worker core 7, 3, Risc TRISC_1,  bufferEndIndex = 15996. Please either decrease the number of ops being profiled or run read device profiler more often (profiler.cpp:1271)
2026-06-04 16:46:07.674 | warning  |           Metal | Profiler DRAM buffers were full, markers were dropped! device 0, worker core 7, 3, Risc TRISC_2,  bufferEndIndex = 15996. Please either decrease the number of ops being profiled or run read device profiler more often (profiler.cpp:1271)
2026-06-04 16:46:07.676 | warning  |           Metal | Profiler DRAM buffers were full, markers were dropped! device 0, worker core 7, 4, Risc BRISC,  bufferEndIndex = 15996. Please either decrease the number of ops being profiled or run read device profiler more often (profiler.cpp:1271)
2026-06-04 16:46:07.678 | warning  |           Metal | Profiler DRAM buffers were full, markers were dropped! device 0, worker core 7, 4, Risc NCRISC,  bufferEndIndex = 15996. Please either decrease the number of ops being profiled or run read device profiler more often (profiler.cpp:1271)
2026-06-04 16:46:07.681 | warning  |           Metal | Profiler DRAM buffers were full, markers were dropped! device 0, worker core 7, 4, Risc TRISC_0,  bufferEndIndex = 15996. Please either decrease the number of ops being profiled or run read device profiler more often (profiler.cpp:1271)
2026-06-04 16:46:07.683 | warning  |           Metal | Profiler DRAM buffers were full, markers were dropped! device 0, worker core 7, 4, Risc TRISC_1,  bufferEndIndex = 15996. Please either decrease the number of ops being profiled or run read device profiler more often (profiler.cpp:1271)
2026-06-04 16:46:07.685 | warning  |           Metal | Profiler DRAM buffers were full, markers were dropped! device 0, worker core 7, 4, Risc TRISC_2,  bufferEndIndex = 15996. Please either decrease the number of ops being profiled or run read device profiler more often (profiler.cpp:1271)
2026-06-04 16:46:07.687 | warning  |           Metal | Profiler DRAM buffers were full, markers were dropped! device 0, worker core 7, 5, Risc BRISC,  bufferEndIndex = 15996. Please either decrease the number of ops being profiled or run read device profiler more often (profiler.cpp:1271)
2026-06-04 16:46:07.689 | warning  |           Metal | Profiler DRAM buffers were full, markers were dropped! device 0, worker core 7, 5, Risc NCRISC,  bufferEndIndex = 16000. Please either decrease the number of ops being profiled or run read device profiler more often (profiler.cpp:1271)
2026-06-04 16:46:07.692 | warning  |           Metal | Profiler DRAM buffers were full, markers were dropped! device 0, worker core 7, 5, Risc TRISC_0,  bufferEndIndex = 15992. Please either decrease the number of ops being profiled or run read device profiler more often (profiler.cpp:1271)
2026-06-04 16:46:07.694 | warning  |           Metal | Profiler DRAM buffers were full, markers were dropped! device 0, worker core 7, 5, Risc TRISC_1,  bufferEndIndex = 15992. Please either decrease the number of ops being profiled or run read device profiler more often (profiler.cpp:1271)
2026-06-04 16:46:07.695 | warning  |           Metal | Profiler DRAM buffers were full, markers were dropped! device 0, worker core 7, 5, Risc TRISC_2,  bufferEndIndex = 15992. Please either decrease the number of ops being profiled or run read device profiler more often (profiler.cpp:1271)
2026-06-04 16:46:07.697 | warning  |           Metal | Profiler DRAM buffers were full, markers were dropped! device 0, worker core 7, 6, Risc BRISC,  bufferEndIndex = 15996. Please either decrease the number of ops being profiled or run read device profiler more often (profiler.cpp:1271)
2026-06-04 16:46:07.700 | warning  |           Metal | Profiler DRAM buffers were full, markers were dropped! device 0, worker core 7, 6, Risc NCRISC,  bufferEndIndex = 16000. Please either decrease the number of ops being profiled or run read device profiler more often (profiler.cpp:1271)
2026-06-04 16:46:07.702 | warning  |           Metal | Profiler DRAM buffers were full, markers were dropped! device 0, worker core 7, 6, Risc TRISC_0,  bufferEndIndex = 16000. Please either decrease the number of ops being profiled or run read device profiler more often (profiler.cpp:1271)
2026-06-04 16:46:07.704 | warning  |           Metal | Profiler DRAM buffers were full, markers were dropped! device 0, worker core 7, 6, Risc TRISC_1,  bufferEndIndex = 16000. Please either decrease the number of ops being profiled or run read device profiler more often (profiler.cpp:1271)
2026-06-04 16:46:07.706 | warning  |           Metal | Profiler DRAM buffers were full, markers were dropped! device 0, worker core 7, 6, Risc TRISC_2,  bufferEndIndex = 16000. Please either decrease the number of ops being profiled or run read device profiler more often (profiler.cpp:1271)
2026-06-04 16:46:07.708 | warning  |           Metal | Profiler DRAM buffers were full, markers were dropped! device 0, worker core 7, 7, Risc BRISC,  bufferEndIndex = 15996. Please either decrease the number of ops being profiled or run read device profiler more often (profiler.cpp:1271)
2026-06-04 16:46:07.711 | warning  |           Metal | Profiler DRAM buffers were full, markers were dropped! device 0, worker core 7, 7, Risc NCRISC,  bufferEndIndex = 16000. Please either decrease the number of ops being profiled or run read device profiler more often (profiler.cpp:1271)
2026-06-04 16:46:07.713 | warning  |           Metal | Profiler DRAM buffers were full, markers were dropped! device 0, worker core 7, 7, Risc TRISC_0,  bufferEndIndex = 16000. Please either decrease the number of ops being profiled or run read device profiler more often (profiler.cpp:1271)
2026-06-04 16:46:07.715 | warning  |           Metal | Profiler DRAM buffers were full, markers were dropped! device 0, worker core 7, 7, Risc TRISC_1,  bufferEndIndex = 16000. Please either decrease the number of ops being profiled or run read device profiler more often (profiler.cpp:1271)
2026-06-04 16:46:07.717 | warning  |           Metal | Profiler DRAM buffers were full, markers were dropped! device 0, worker core 7, 7, Risc TRISC_2,  bufferEndIndex = 16000. Please either decrease the number of ops being profiled or run read device profiler more often (profiler.cpp:1271)
2026-06-04 16:46:07.719 | warning  |           Metal | Profiler DRAM buffers were full, markers were dropped! device 0, worker core 7, 8, Risc BRISC,  bufferEndIndex = 15996. Please either decrease the number of ops being profiled or run read device profiler more often (profiler.cpp:1271)
2026-06-04 16:46:07.721 | warning  |           Metal | Profiler DRAM buffers were full, markers were dropped! device 0, worker core 7, 8, Risc NCRISC,  bufferEndIndex = 15996. Please either decrease the number of ops being profiled or run read device profiler more often (profiler.cpp:1271)
2026-06-04 16:46:07.724 | warning  |           Metal | Profiler DRAM buffers were full, markers were dropped! device 0, worker core 7, 8, Risc TRISC_0,  bufferEndIndex = 15996. Please either decrease the number of ops being profiled or run read device profiler more often (profiler.cpp:1271)
2026-06-04 16:46:07.726 | warning  |           Metal | Profiler DRAM buffers were full, markers were dropped! device 0, worker core 7, 8, Risc TRISC_1,  bufferEndIndex = 15996. Please either decrease the number of ops being profiled or run read device profiler more often (profiler.cpp:1271)
2026-06-04 16:46:07.727 | warning  |           Metal | Profiler DRAM buffers were full, markers were dropped! device 0, worker core 7, 8, Risc TRISC_2,  bufferEndIndex = 15996. Please either decrease the number of ops being profiled or run read device profiler more often (profiler.cpp:1271)
2026-06-04 16:46:07.729 | warning  |           Metal | Profiler DRAM buffers were full, markers were dropped! device 0, worker core 7, 9, Risc BRISC,  bufferEndIndex = 15996. Please either decrease the number of ops being profiled or run read device profiler more often (profiler.cpp:1271)
2026-06-04 16:46:07.732 | warning  |           Metal | Profiler DRAM buffers were full, markers were dropped! device 0, worker core 7, 9, Risc NCRISC,  bufferEndIndex = 15996. Please either decrease the number of ops being profiled or run read device profiler more often (profiler.cpp:1271)
2026-06-04 16:46:07.734 | warning  |           Metal | Profiler DRAM buffers were full, markers were dropped! device 0, worker core 7, 9, Risc TRISC_0,  bufferEndIndex = 15996. Please either decrease the number of ops being profiled or run read device profiler more often (profiler.cpp:1271)
2026-06-04 16:46:07.736 | warning  |           Metal | Profiler DRAM buffers were full, markers were dropped! device 0, worker core 7, 9, Risc TRISC_1,  bufferEndIndex = 15996. Please either decrease the number of ops being profiled or run read device profiler more often (profiler.cpp:1271)
2026-06-04 16:46:07.738 | warning  |           Metal | Profiler DRAM buffers were full, markers were dropped! device 0, worker core 7, 9, Risc TRISC_2,  bufferEndIndex = 15996. Please either decrease the number of ops being profiled or run read device profiler more often (profiler.cpp:1271)
2026-06-04 16:46:07.740 | warning  |           Metal | Profiler DRAM buffers were full, markers were dropped! device 0, worker core 7, 10, Risc BRISC,  bufferEndIndex = 15996. Please either decrease the number of ops being profiled or run read device profiler more often (profiler.cpp:1271)
2026-06-04 16:46:07.743 | warning  |           Metal | Profiler DRAM buffers were full, markers were dropped! device 0, worker core 7, 10, Risc NCRISC,  bufferEndIndex = 15996. Please either decrease the number of ops being profiled or run read device profiler more often (profiler.cpp:1271)
2026-06-04 16:46:07.745 | warning  |           Metal | Profiler DRAM buffers were full, markers were dropped! device 0, worker core 7, 10, Risc TRISC_0,  bufferEndIndex = 15996. Please either decrease the number of ops being profiled or run read device profiler more often (profiler.cpp:1271)
2026-06-04 16:46:07.747 | warning  |           Metal | Profiler DRAM buffers were full, markers were dropped! device 0, worker core 7, 10, Risc TRISC_1,  bufferEndIndex = 15996. Please either decrease the number of ops being profiled or run read device profiler more often (profiler.cpp:1271)
2026-06-04 16:46:07.750 | warning  |           Metal | Profiler DRAM buffers were full, markers were dropped! device 0, worker core 7, 10, Risc TRISC_2,  bufferEndIndex = 15996. Please either decrease the number of ops being profiled or run read device profiler more often (profiler.cpp:1271)
2026-06-04 16:46:07.752 | warning  |           Metal | Profiler DRAM buffers were full, markers were dropped! device 0, worker core 7, 11, Risc BRISC,  bufferEndIndex = 15996. Please either decrease the number of ops being profiled or run read device profiler more often (profiler.cpp:1271)
2026-06-04 16:46:07.755 | warning  |           Metal | Profiler DRAM buffers were full, markers were dropped! device 0, worker core 7, 11, Risc NCRISC,  bufferEndIndex = 15996. Please either decrease the number of ops being profiled or run read device profiler more often (profiler.cpp:1271)
2026-06-04 16:46:07.757 | warning  |           Metal | Profiler DRAM buffers were full, markers were dropped! device 0, worker core 7, 11, Risc TRISC_0,  bufferEndIndex = 15996. Please either decrease the number of ops being profiled or run read device profiler more often (profiler.cpp:1271)
2026-06-04 16:46:07.760 | warning  |           Metal | Profiler DRAM buffers were full, markers were dropped! device 0, worker core 7, 11, Risc TRISC_1,  bufferEndIndex = 15996. Please either decrease the number of ops being profiled or run read device profiler more often (profiler.cpp:1271)
2026-06-04 16:46:07.762 | warning  |           Metal | Profiler DRAM buffers were full, markers were dropped! device 0, worker core 7, 11, Risc TRISC_2,  bufferEndIndex = 15996. Please either decrease the number of ops being profiled or run read device profiler more often (profiler.cpp:1271)
2026-06-04 16:46:07.764 | warning  |           Metal | Profiler DRAM buffers were full, markers were dropped! device 0, worker core 10, 2, Risc BRISC,  bufferEndIndex = 15996. Please either decrease the number of ops being profiled or run read device profiler more often (profiler.cpp:1271)
2026-06-04 16:46:07.767 | warning  |           Metal | Profiler DRAM buffers were full, markers were dropped! device 0, worker core 10, 2, Risc NCRISC,  bufferEndIndex = 15996. Please either decrease the number of ops being profiled or run read device profiler more often (profiler.cpp:1271)
2026-06-04 16:46:07.769 | warning  |           Metal | Profiler DRAM buffers were full, markers were dropped! device 0, worker core 10, 2, Risc TRISC_0,  bufferEndIndex = 15996. Please either decrease the number of ops being profiled or run read device profiler more often (profiler.cpp:1271)
2026-06-04 16:46:07.771 | warning  |           Metal | Profiler DRAM buffers were full, markers were dropped! device 0, worker core 10, 2, Risc TRISC_1,  bufferEndIndex = 15996. Please either decrease the number of ops being profiled or run read device profiler more often (profiler.cpp:1271)
2026-06-04 16:46:07.773 | warning  |           Metal | Profiler DRAM buffers were full, markers were dropped! device 0, worker core 10, 2, Risc TRISC_2,  bufferEndIndex = 15996. Please either decrease the number of ops being profiled or run read device profiler more often (profiler.cpp:1271)
2026-06-04 16:46:07.775 | warning  |           Metal | Profiler DRAM buffers were full, markers were dropped! device 0, worker core 10, 3, Risc BRISC,  bufferEndIndex = 15996. Please either decrease the number of ops being profiled or run read device profiler more often (profiler.cpp:1271)
2026-06-04 16:46:07.777 | warning  |           Metal | Profiler DRAM buffers were full, markers were dropped! device 0, worker core 10, 3, Risc NCRISC,  bufferEndIndex = 15996. Please either decrease the number of ops being profiled or run read device profiler more often (profiler.cpp:1271)
2026-06-04 16:46:07.780 | warning  |           Metal | Profiler DRAM buffers were full, markers were dropped! device 0, worker core 10, 3, Risc TRISC_0,  bufferEndIndex = 15996. Please either decrease the number of ops being profiled or run read device profiler more often (profiler.cpp:1271)
2026-06-04 16:46:07.782 | warning  |           Metal | Profiler DRAM buffers were full, markers were dropped! device 0, worker core 10, 3, Risc TRISC_1,  bufferEndIndex = 15996. Please either decrease the number of ops being profiled or run read device profiler more often (profiler.cpp:1271)
2026-06-04 16:46:07.784 | warning  |           Metal | Profiler DRAM buffers were full, markers were dropped! device 0, worker core 10, 3, Risc TRISC_2,  bufferEndIndex = 15996. Please either decrease the number of ops being profiled or run read device profiler more often (profiler.cpp:1271)
2026-06-04 16:46:07.786 | warning  |           Metal | Profiler DRAM buffers were full, markers were dropped! device 0, worker core 10, 4, Risc BRISC,  bufferEndIndex = 15996. Please either decrease the number of ops being profiled or run read device profiler more often (profiler.cpp:1271)
2026-06-04 16:46:07.788 | warning  |           Metal | Profiler DRAM buffers were full, markers were dropped! device 0, worker core 10, 4, Risc NCRISC,  bufferEndIndex = 15996. Please either decrease the number of ops being profiled or run read device profiler more often (profiler.cpp:1271)
2026-06-04 16:46:07.791 | warning  |           Metal | Profiler DRAM buffers were full, markers were dropped! device 0, worker core 10, 4, Risc TRISC_0,  bufferEndIndex = 15996. Please either decrease the number of ops being profiled or run read device profiler more often (profiler.cpp:1271)
2026-06-04 16:46:07.793 | warning  |           Metal | Profiler DRAM buffers were full, markers were dropped! device 0, worker core 10, 4, Risc TRISC_1,  bufferEndIndex = 15996. Please either decrease the number of ops being profiled or run read device profiler more often (profiler.cpp:1271)
2026-06-04 16:46:07.794 | warning  |           Metal | Profiler DRAM buffers were full, markers were dropped! device 0, worker core 10, 4, Risc TRISC_2,  bufferEndIndex = 15996. Please either decrease the number of ops being profiled or run read device profiler more often (profiler.cpp:1271)
2026-06-04 16:46:07.796 | warning  |           Metal | Profiler DRAM buffers were full, markers were dropped! device 0, worker core 10, 5, Risc BRISC,  bufferEndIndex = 15996. Please either decrease the number of ops being profiled or run read device profiler more often (profiler.cpp:1271)
2026-06-04 16:46:07.799 | warning  |           Metal | Profiler DRAM buffers were full, markers were dropped! device 0, worker core 10, 5, Risc NCRISC,  bufferEndIndex = 16000. Please either decrease the number of ops being profiled or run read device profiler more often (profiler.cpp:1271)
2026-06-04 16:46:07.801 | warning  |           Metal | Profiler DRAM buffers were full, markers were dropped! device 0, worker core 10, 5, Risc TRISC_0,  bufferEndIndex = 15992. Please either decrease the number of ops being profiled or run read device profiler more often (profiler.cpp:1271)
2026-06-04 16:46:07.803 | warning  |           Metal | Profiler DRAM buffers were full, markers were dropped! device 0, worker core 10, 5, Risc TRISC_1,  bufferEndIndex = 15992. Please either decrease the number of ops being profiled or run read device profiler more often (profiler.cpp:1271)
2026-06-04 16:46:07.805 | warning  |           Metal | Profiler DRAM buffers were full, markers were dropped! device 0, worker core 10, 5, Risc TRISC_2,  bufferEndIndex = 15992. Please either decrease the number of ops being profiled or run read device profiler more often (profiler.cpp:1271)
2026-06-04 16:46:07.807 | warning  |           Metal | Profiler DRAM buffers were full, markers were dropped! device 0, worker core 10, 6, Risc BRISC,  bufferEndIndex = 15996. Please either decrease the number of ops being profiled or run read device profiler more often (profiler.cpp:1271)
2026-06-04 16:46:07.810 | warning  |           Metal | Profiler DRAM buffers were full, markers were dropped! device 0, worker core 10, 6, Risc NCRISC,  bufferEndIndex = 16000. Please either decrease the number of ops being profiled or run read device profiler more often (profiler.cpp:1271)
2026-06-04 16:46:07.812 | warning  |           Metal | Profiler DRAM buffers were full, markers were dropped! device 0, worker core 10, 6, Risc TRISC_0,  bufferEndIndex = 16000. Please either decrease the number of ops being profiled or run read device profiler more often (profiler.cpp:1271)
2026-06-04 16:46:07.814 | warning  |           Metal | Profiler DRAM buffers were full, markers were dropped! device 0, worker core 10, 6, Risc TRISC_1,  bufferEndIndex = 16000. Please either decrease the number of ops being profiled or run read device profiler more often (profiler.cpp:1271)
2026-06-04 16:46:07.816 | warning  |           Metal | Profiler DRAM buffers were full, markers were dropped! device 0, worker core 10, 6, Risc TRISC_2,  bufferEndIndex = 16000. Please either decrease the number of ops being profiled or run read device profiler more often (profiler.cpp:1271)
2026-06-04 16:46:07.818 | warning  |           Metal | Profiler DRAM buffers were full, markers were dropped! device 0, worker core 10, 7, Risc BRISC,  bufferEndIndex = 15996. Please either decrease the number of ops being profiled or run read device profiler more often (profiler.cpp:1271)
2026-06-04 16:46:07.820 | warning  |           Metal | Profiler DRAM buffers were full, markers were dropped! device 0, worker core 10, 7, Risc NCRISC,  bufferEndIndex = 16000. Please either decrease the number of ops being profiled or run read device profiler more often (profiler.cpp:1271)
2026-06-04 16:46:07.823 | warning  |           Metal | Profiler DRAM buffers were full, markers were dropped! device 0, worker core 10, 7, Risc TRISC_0,  bufferEndIndex = 16000. Please either decrease the number of ops being profiled or run read device profiler more often (profiler.cpp:1271)
2026-06-04 16:46:07.825 | warning  |           Metal | Profiler DRAM buffers were full, markers were dropped! device 0, worker core 10, 7, Risc TRISC_1,  bufferEndIndex = 16000. Please either decrease the number of ops being profiled or run read device profiler more often (profiler.cpp:1271)
2026-06-04 16:46:07.827 | warning  |           Metal | Profiler DRAM buffers were full, markers were dropped! device 0, worker core 10, 7, Risc TRISC_2,  bufferEndIndex = 16000. Please either decrease the number of ops being profiled or run read device profiler more often (profiler.cpp:1271)
2026-06-04 16:46:07.829 | warning  |           Metal | Profiler DRAM buffers were full, markers were dropped! device 0, worker core 10, 8, Risc BRISC,  bufferEndIndex = 15996. Please either decrease the number of ops being profiled or run read device profiler more often (profiler.cpp:1271)
2026-06-04 16:46:07.831 | warning  |           Metal | Profiler DRAM buffers were full, markers were dropped! device 0, worker core 10, 8, Risc NCRISC,  bufferEndIndex = 15996. Please either decrease the number of ops being profiled or run read device profiler more often (profiler.cpp:1271)
2026-06-04 16:46:07.834 | warning  |           Metal | Profiler DRAM buffers were full, markers were dropped! device 0, worker core 10, 8, Risc TRISC_0,  bufferEndIndex = 15996. Please either decrease the number of ops being profiled or run read device profiler more often (profiler.cpp:1271)
2026-06-04 16:46:07.835 | warning  |           Metal | Profiler DRAM buffers were full, markers were dropped! device 0, worker core 10, 8, Risc TRISC_1,  bufferEndIndex = 15996. Please either decrease the number of ops being profiled or run read device profiler more often (profiler.cpp:1271)
2026-06-04 16:46:07.837 | warning  |           Metal | Profiler DRAM buffers were full, markers were dropped! device 0, worker core 10, 8, Risc TRISC_2,  bufferEndIndex = 15996. Please either decrease the number of ops being profiled or run read device profiler more often (profiler.cpp:1271)
2026-06-04 16:46:07.839 | warning  |           Metal | Profiler DRAM buffers were full, markers were dropped! device 0, worker core 10, 9, Risc BRISC,  bufferEndIndex = 15996. Please either decrease the number of ops being profiled or run read device profiler more often (profiler.cpp:1271)
2026-06-04 16:46:07.842 | warning  |           Metal | Profiler DRAM buffers were full, markers were dropped! device 0, worker core 10, 9, Risc NCRISC,  bufferEndIndex = 15996. Please either decrease the number of ops being profiled or run read device profiler more often (profiler.cpp:1271)
2026-06-04 16:46:07.844 | warning  |           Metal | Profiler DRAM buffers were full, markers were dropped! device 0, worker core 10, 9, Risc TRISC_0,  bufferEndIndex = 15996. Please either decrease the number of ops being profiled or run read device profiler more often (profiler.cpp:1271)
2026-06-04 16:46:07.846 | warning  |           Metal | Profiler DRAM buffers were full, markers were dropped! device 0, worker core 10, 9, Risc TRISC_1,  bufferEndIndex = 15996. Please either decrease the number of ops being profiled or run read device profiler more often (profiler.cpp:1271)
2026-06-04 16:46:07.848 | warning  |           Metal | Profiler DRAM buffers were full, markers were dropped! device 0, worker core 10, 9, Risc TRISC_2,  bufferEndIndex = 15996. Please either decrease the number of ops being profiled or run read device profiler more often (profiler.cpp:1271)
2026-06-04 16:46:07.850 | warning  |           Metal | Profiler DRAM buffers were full, markers were dropped! device 0, worker core 10, 10, Risc BRISC,  bufferEndIndex = 15996. Please either decrease the number of ops being profiled or run read device profiler more often (profiler.cpp:1271)
2026-06-04 16:46:07.853 | warning  |           Metal | Profiler DRAM buffers were full, markers were dropped! device 0, worker core 10, 10, Risc NCRISC,  bufferEndIndex = 15996. Please either decrease the number of ops being profiled or run read device profiler more often (profiler.cpp:1271)
2026-06-04 16:46:07.855 | warning  |           Metal | Profiler DRAM buffers were full, markers were dropped! device 0, worker core 10, 10, Risc TRISC_0,  bufferEndIndex = 15996. Please either decrease the number of ops being profiled or run read device profiler more often (profiler.cpp:1271)
2026-06-04 16:46:07.858 | warning  |           Metal | Profiler DRAM buffers were full, markers were dropped! device 0, worker core 10, 10, Risc TRISC_1,  bufferEndIndex = 15996. Please either decrease the number of ops being profiled or run read device profiler more often (profiler.cpp:1271)
2026-06-04 16:46:07.860 | warning  |           Metal | Profiler DRAM buffers were full, markers were dropped! device 0, worker core 10, 10, Risc TRISC_2,  bufferEndIndex = 15996. Please either decrease the number of ops being profiled or run read device profiler more often (profiler.cpp:1271)
2026-06-04 16:46:07.863 | warning  |           Metal | Profiler DRAM buffers were full, markers were dropped! device 0, worker core 10, 11, Risc BRISC,  bufferEndIndex = 15996. Please either decrease the number of ops being profiled or run read device profiler more often (profiler.cpp:1271)
2026-06-04 16:46:07.865 | warning  |           Metal | Profiler DRAM buffers were full, markers were dropped! device 0, worker core 10, 11, Risc NCRISC,  bufferEndIndex = 15996. Please either decrease the number of ops being profiled or run read device profiler more often (profiler.cpp:1271)
2026-06-04 16:46:07.867 | warning  |           Metal | Profiler DRAM buffers were full, markers were dropped! device 0, worker core 10, 11, Risc TRISC_0,  bufferEndIndex = 15996. Please either decrease the number of ops being profiled or run read device profiler more often (profiler.cpp:1271)
2026-06-04 16:46:07.870 | warning  |           Metal | Profiler DRAM buffers were full, markers were dropped! device 0, worker core 10, 11, Risc TRISC_1,  bufferEndIndex = 15996. Please either decrease the number of ops being profiled or run read device profiler more often (profiler.cpp:1271)
2026-06-04 16:46:07.872 | warning  |           Metal | Profiler DRAM buffers were full, markers were dropped! device 0, worker core 10, 11, Risc TRISC_2,  bufferEndIndex = 15996. Please either decrease the number of ops being profiled or run read device profiler more often (profiler.cpp:1271)
2026-06-04 16:46:07.874 | warning  |           Metal | Profiler DRAM buffers were full, markers were dropped! device 0, worker core 11, 2, Risc BRISC,  bufferEndIndex = 15996. Please either decrease the number of ops being profiled or run read device profiler more often (profiler.cpp:1271)
2026-06-04 16:46:07.877 | warning  |           Metal | Profiler DRAM buffers were full, markers were dropped! device 0, worker core 11, 2, Risc NCRISC,  bufferEndIndex = 15996. Please either decrease the number of ops being profiled or run read device profiler more often (profiler.cpp:1271)
2026-06-04 16:46:07.879 | warning  |           Metal | Profiler DRAM buffers were full, markers were dropped! device 0, worker core 11, 2, Risc TRISC_0,  bufferEndIndex = 15996. Please either decrease the number of ops being profiled or run read device profiler more often (profiler.cpp:1271)
2026-06-04 16:46:07.881 | warning  |           Metal | Profiler DRAM buffers were full, markers were dropped! device 0, worker core 11, 2, Risc TRISC_1,  bufferEndIndex = 15996. Please either decrease the number of ops being profiled or run read device profiler more often (profiler.cpp:1271)
2026-06-04 16:46:07.883 | warning  |           Metal | Profiler DRAM buffers were full, markers were dropped! device 0, worker core 11, 2, Risc TRISC_2,  bufferEndIndex = 15996. Please either decrease the number of ops being profiled or run read device profiler more often (profiler.cpp:1271)
2026-06-04 16:46:07.885 | warning  |           Metal | Profiler DRAM buffers were full, markers were dropped! device 0, worker core 11, 3, Risc BRISC,  bufferEndIndex = 15996. Please either decrease the number of ops being profiled or run read device profiler more often (profiler.cpp:1271)
2026-06-04 16:46:07.888 | warning  |           Metal | Profiler DRAM buffers were full, markers were dropped! device 0, worker core 11, 3, Risc NCRISC,  bufferEndIndex = 15996. Please either decrease the number of ops being profiled or run read device profiler more often (profiler.cpp:1271)
2026-06-04 16:46:07.890 | warning  |           Metal | Profiler DRAM buffers were full, markers were dropped! device 0, worker core 11, 3, Risc TRISC_0,  bufferEndIndex = 15996. Please either decrease the number of ops being profiled or run read device profiler more often (profiler.cpp:1271)
2026-06-04 16:46:07.892 | warning  |           Metal | Profiler DRAM buffers were full, markers were dropped! device 0, worker core 11, 3, Risc TRISC_1,  bufferEndIndex = 15996. Please either decrease the number of ops being profiled or run read device profiler more often (profiler.cpp:1271)
2026-06-04 16:46:07.894 | warning  |           Metal | Profiler DRAM buffers were full, markers were dropped! device 0, worker core 11, 3, Risc TRISC_2,  bufferEndIndex = 15996. Please either decrease the number of ops being profiled or run read device profiler more often (profiler.cpp:1271)
2026-06-04 16:46:07.896 | warning  |           Metal | Profiler DRAM buffers were full, markers were dropped! device 0, worker core 11, 4, Risc BRISC,  bufferEndIndex = 15996. Please either decrease the number of ops being profiled or run read device profiler more often (profiler.cpp:1271)
2026-06-04 16:46:07.898 | warning  |           Metal | Profiler DRAM buffers were full, markers were dropped! device 0, worker core 11, 4, Risc NCRISC,  bufferEndIndex = 15996. Please either decrease the number of ops being profiled or run read device profiler more often (profiler.cpp:1271)
2026-06-04 16:46:07.901 | warning  |           Metal | Profiler DRAM buffers were full, markers were dropped! device 0, worker core 11, 4, Risc TRISC_0,  bufferEndIndex = 15996. Please either decrease the number of ops being profiled or run read device profiler more often (profiler.cpp:1271)
2026-06-04 16:46:07.903 | warning  |           Metal | Profiler DRAM buffers were full, markers were dropped! device 0, worker core 11, 4, Risc TRISC_1,  bufferEndIndex = 15996. Please either decrease the number of ops being profiled or run read device profiler more often (profiler.cpp:1271)
2026-06-04 16:46:07.905 | warning  |           Metal | Profiler DRAM buffers were full, markers were dropped! device 0, worker core 11, 4, Risc TRISC_2,  bufferEndIndex = 15996. Please either decrease the number of ops being profiled or run read device profiler more often (profiler.cpp:1271)
2026-06-04 16:46:07.907 | warning  |           Metal | Profiler DRAM buffers were full, markers were dropped! device 0, worker core 11, 5, Risc BRISC,  bufferEndIndex = 15996. Please either decrease the number of ops being profiled or run read device profiler more often (profiler.cpp:1271)
2026-06-04 16:46:07.909 | warning  |           Metal | Profiler DRAM buffers were full, markers were dropped! device 0, worker core 11, 5, Risc NCRISC,  bufferEndIndex = 15996. Please either decrease the number of ops being profiled or run read device profiler more often (profiler.cpp:1271)
2026-06-04 16:46:07.912 | warning  |           Metal | Profiler DRAM buffers were full, markers were dropped! device 0, worker core 11, 5, Risc TRISC_0,  bufferEndIndex = 15996. Please either decrease the number of ops being profiled or run read device profiler more often (profiler.cpp:1271)
2026-06-04 16:46:07.914 | warning  |           Metal | Profiler DRAM buffers were full, markers were dropped! device 0, worker core 11, 5, Risc TRISC_1,  bufferEndIndex = 15996. Please either decrease the number of ops being profiled or run read device profiler more often (profiler.cpp:1271)
2026-06-04 16:46:07.916 | warning  |           Metal | Profiler DRAM buffers were full, markers were dropped! device 0, worker core 11, 5, Risc TRISC_2,  bufferEndIndex = 15996. Please either decrease the number of ops being profiled or run read device profiler more often (profiler.cpp:1271)
2026-06-04 16:46:07.919 | warning  |           Metal | Profiler DRAM buffers were full, markers were dropped! device 0, worker core 11, 6, Risc BRISC,  bufferEndIndex = 15996. Please either decrease the number of ops being profiled or run read device profiler more often (profiler.cpp:1271)
2026-06-04 16:46:07.921 | warning  |           Metal | Profiler DRAM buffers were full, markers were dropped! device 0, worker core 11, 6, Risc NCRISC,  bufferEndIndex = 15996. Please either decrease the number of ops being profiled or run read device profiler more often (profiler.cpp:1271)
2026-06-04 16:46:07.924 | warning  |           Metal | Profiler DRAM buffers were full, markers were dropped! device 0, worker core 11, 6, Risc TRISC_0,  bufferEndIndex = 15996. Please either decrease the number of ops being profiled or run read device profiler more often (profiler.cpp:1271)
2026-06-04 16:46:07.926 | warning  |           Metal | Profiler DRAM buffers were full, markers were dropped! device 0, worker core 11, 6, Risc TRISC_1,  bufferEndIndex = 15996. Please either decrease the number of ops being profiled or run read device profiler more often (profiler.cpp:1271)
2026-06-04 16:46:07.928 | warning  |           Metal | Profiler DRAM buffers were full, markers were dropped! device 0, worker core 11, 6, Risc TRISC_2,  bufferEndIndex = 15996. Please either decrease the number of ops being profiled or run read device profiler more often (profiler.cpp:1271)
2026-06-04 16:46:07.930 | warning  |           Metal | Profiler DRAM buffers were full, markers were dropped! device 0, worker core 11, 7, Risc BRISC,  bufferEndIndex = 15996. Please either decrease the number of ops being profiled or run read device profiler more often (profiler.cpp:1271)
2026-06-04 16:46:07.933 | warning  |           Metal | Profiler DRAM buffers were full, markers were dropped! device 0, worker core 11, 7, Risc NCRISC,  bufferEndIndex = 15996. Please either decrease the number of ops being profiled or run read device profiler more often (profiler.cpp:1271)
2026-06-04 16:46:07.935 | warning  |           Metal | Profiler DRAM buffers were full, markers were dropped! device 0, worker core 11, 7, Risc TRISC_0,  bufferEndIndex = 15996. Please either decrease the number of ops being profiled or run read device profiler more often (profiler.cpp:1271)
2026-06-04 16:46:07.938 | warning  |           Metal | Profiler DRAM buffers were full, markers were dropped! device 0, worker core 11, 7, Risc TRISC_1,  bufferEndIndex = 15996. Please either decrease the number of ops being profiled or run read device profiler more often (profiler.cpp:1271)
2026-06-04 16:46:07.940 | warning  |           Metal | Profiler DRAM buffers were full, markers were dropped! device 0, worker core 11, 7, Risc TRISC_2,  bufferEndIndex = 15996. Please either decrease the number of ops being profiled or run read device profiler more often (profiler.cpp:1271)
2026-06-04 16:46:07.942 | warning  |           Metal | Profiler DRAM buffers were full, markers were dropped! device 0, worker core 11, 8, Risc BRISC,  bufferEndIndex = 15996. Please either decrease the number of ops being profiled or run read device profiler more often (profiler.cpp:1271)
2026-06-04 16:46:07.945 | warning  |           Metal | Profiler DRAM buffers were full, markers were dropped! device 0, worker core 11, 8, Risc NCRISC,  bufferEndIndex = 15996. Please either decrease the number of ops being profiled or run read device profiler more often (profiler.cpp:1271)
2026-06-04 16:46:07.947 | warning  |           Metal | Profiler DRAM buffers were full, markers were dropped! device 0, worker core 11, 8, Risc TRISC_0,  bufferEndIndex = 15996. Please either decrease the number of ops being profiled or run read device profiler more often (profiler.cpp:1271)
2026-06-04 16:46:07.949 | warning  |           Metal | Profiler DRAM buffers were full, markers were dropped! device 0, worker core 11, 8, Risc TRISC_1,  bufferEndIndex = 15996. Please either decrease the number of ops being profiled or run read device profiler more often (profiler.cpp:1271)
2026-06-04 16:46:07.952 | warning  |           Metal | Profiler DRAM buffers were full, markers were dropped! device 0, worker core 11, 8, Risc TRISC_2,  bufferEndIndex = 15996. Please either decrease the number of ops being profiled or run read device profiler more often (profiler.cpp:1271)
2026-06-04 16:46:07.954 | warning  |           Metal | Profiler DRAM buffers were full, markers were dropped! device 0, worker core 11, 9, Risc BRISC,  bufferEndIndex = 15996. Please either decrease the number of ops being profiled or run read device profiler more often (profiler.cpp:1271)
2026-06-04 16:46:07.956 | warning  |           Metal | Profiler DRAM buffers were full, markers were dropped! device 0, worker core 11, 9, Risc NCRISC,  bufferEndIndex = 15996. Please either decrease the number of ops being profiled or run read device profiler more often (profiler.cpp:1271)
2026-06-04 16:46:07.959 | warning  |           Metal | Profiler DRAM buffers were full, markers were dropped! device 0, worker core 11, 9, Risc TRISC_0,  bufferEndIndex = 15996. Please either decrease the number of ops being profiled or run read device profiler more often (profiler.cpp:1271)
2026-06-04 16:46:07.961 | warning  |           Metal | Profiler DRAM buffers were full, markers were dropped! device 0, worker core 11, 9, Risc TRISC_1,  bufferEndIndex = 15996. Please either decrease the number of ops being profiled or run read device profiler more often (profiler.cpp:1271)
2026-06-04 16:46:07.963 | warning  |           Metal | Profiler DRAM buffers were full, markers were dropped! device 0, worker core 11, 9, Risc TRISC_2,  bufferEndIndex = 15996. Please either decrease the number of ops being profiled or run read device profiler more often (profiler.cpp:1271)
2026-06-04 16:46:07.966 | warning  |           Metal | Profiler DRAM buffers were full, markers were dropped! device 0, worker core 11, 10, Risc BRISC,  bufferEndIndex = 15996. Please either decrease the number of ops being profiled or run read device profiler more often (profiler.cpp:1271)
2026-06-04 16:46:07.968 | warning  |           Metal | Profiler DRAM buffers were full, markers were dropped! device 0, worker core 11, 10, Risc NCRISC,  bufferEndIndex = 15996. Please either decrease the number of ops being profiled or run read device profiler more often (profiler.cpp:1271)
2026-06-04 16:46:07.971 | warning  |           Metal | Profiler DRAM buffers were full, markers were dropped! device 0, worker core 11, 10, Risc TRISC_0,  bufferEndIndex = 15996. Please either decrease the number of ops being profiled or run read device profiler more often (profiler.cpp:1271)
2026-06-04 16:46:07.973 | warning  |           Metal | Profiler DRAM buffers were full, markers were dropped! device 0, worker core 11, 10, Risc TRISC_1,  bufferEndIndex = 15996. Please either decrease the number of ops being profiled or run read device profiler more often (profiler.cpp:1271)
2026-06-04 16:46:07.975 | warning  |           Metal | Profiler DRAM buffers were full, markers were dropped! device 0, worker core 11, 10, Risc TRISC_2,  bufferEndIndex = 15996. Please either decrease the number of ops being profiled or run read device profiler more often (profiler.cpp:1271)
2026-06-04 16:46:07.978 | warning  |           Metal | Profiler DRAM buffers were full, markers were dropped! device 0, worker core 11, 11, Risc BRISC,  bufferEndIndex = 15996. Please either decrease the number of ops being profiled or run read device profiler more often (profiler.cpp:1271)
2026-06-04 16:46:07.980 | warning  |           Metal | Profiler DRAM buffers were full, markers were dropped! device 0, worker core 11, 11, Risc NCRISC,  bufferEndIndex = 15996. Please either decrease the number of ops being profiled or run read device profiler more often (profiler.cpp:1271)
2026-06-04 16:46:07.983 | warning  |           Metal | Profiler DRAM buffers were full, markers were dropped! device 0, worker core 11, 11, Risc TRISC_0,  bufferEndIndex = 15996. Please either decrease the number of ops being profiled or run read device profiler more often (profiler.cpp:1271)
2026-06-04 16:46:07.985 | warning  |           Metal | Profiler DRAM buffers were full, markers were dropped! device 0, worker core 11, 11, Risc TRISC_1,  bufferEndIndex = 15996. Please either decrease the number of ops being profiled or run read device profiler more often (profiler.cpp:1271)
2026-06-04 16:46:07.987 | warning  |           Metal | Profiler DRAM buffers were full, markers were dropped! device 0, worker core 11, 11, Risc TRISC_2,  bufferEndIndex = 15996. Please either decrease the number of ops being profiled or run read device profiler more often (profiler.cpp:1271)
2026-06-04 16:46:07.989 | warning  |           Metal | Profiler DRAM buffers were full, markers were dropped! device 0, worker core 12, 2, Risc BRISC,  bufferEndIndex = 15996. Please either decrease the number of ops being profiled or run read device profiler more often (profiler.cpp:1271)
2026-06-04 16:46:07.992 | warning  |           Metal | Profiler DRAM buffers were full, markers were dropped! device 0, worker core 12, 2, Risc NCRISC,  bufferEndIndex = 15996. Please either decrease the number of ops being profiled or run read device profiler more often (profiler.cpp:1271)
2026-06-04 16:46:07.994 | warning  |           Metal | Profiler DRAM buffers were full, markers were dropped! device 0, worker core 12, 2, Risc TRISC_0,  bufferEndIndex = 15996. Please either decrease the number of ops being profiled or run read device profiler more often (profiler.cpp:1271)
2026-06-04 16:46:07.996 | warning  |           Metal | Profiler DRAM buffers were full, markers were dropped! device 0, worker core 12, 2, Risc TRISC_1,  bufferEndIndex = 15996. Please either decrease the number of ops being profiled or run read device profiler more often (profiler.cpp:1271)
2026-06-04 16:46:07.998 | warning  |           Metal | Profiler DRAM buffers were full, markers were dropped! device 0, worker core 12, 2, Risc TRISC_2,  bufferEndIndex = 15996. Please either decrease the number of ops being profiled or run read device profiler more often (profiler.cpp:1271)
2026-06-04 16:46:08.000 | warning  |           Metal | Profiler DRAM buffers were full, markers were dropped! device 0, worker core 12, 3, Risc BRISC,  bufferEndIndex = 15996. Please either decrease the number of ops being profiled or run read device profiler more often (profiler.cpp:1271)
2026-06-04 16:46:08.003 | warning  |           Metal | Profiler DRAM buffers were full, markers were dropped! device 0, worker core 12, 3, Risc NCRISC,  bufferEndIndex = 15996. Please either decrease the number of ops being profiled or run read device profiler more often (profiler.cpp:1271)
2026-06-04 16:46:08.005 | warning  |           Metal | Profiler DRAM buffers were full, markers were dropped! device 0, worker core 12, 3, Risc TRISC_0,  bufferEndIndex = 15996. Please either decrease the number of ops being profiled or run read device profiler more often (profiler.cpp:1271)
2026-06-04 16:46:08.007 | warning  |           Metal | Profiler DRAM buffers were full, markers were dropped! device 0, worker core 12, 3, Risc TRISC_1,  bufferEndIndex = 15996. Please either decrease the number of ops being profiled or run read device profiler more often (profiler.cpp:1271)
2026-06-04 16:46:08.009 | warning  |           Metal | Profiler DRAM buffers were full, markers were dropped! device 0, worker core 12, 3, Risc TRISC_2,  bufferEndIndex = 15996. Please either decrease the number of ops being profiled or run read device profiler more often (profiler.cpp:1271)
2026-06-04 16:46:08.011 | warning  |           Metal | Profiler DRAM buffers were full, markers were dropped! device 0, worker core 12, 4, Risc BRISC,  bufferEndIndex = 15996. Please either decrease the number of ops being profiled or run read device profiler more often (profiler.cpp:1271)
2026-06-04 16:46:08.013 | warning  |           Metal | Profiler DRAM buffers were full, markers were dropped! device 0, worker core 12, 4, Risc NCRISC,  bufferEndIndex = 15996. Please either decrease the number of ops being profiled or run read device profiler more often (profiler.cpp:1271)
2026-06-04 16:46:08.016 | warning  |           Metal | Profiler DRAM buffers were full, markers were dropped! device 0, worker core 12, 4, Risc TRISC_0,  bufferEndIndex = 15996. Please either decrease the number of ops being profiled or run read device profiler more often (profiler.cpp:1271)
2026-06-04 16:46:08.018 | warning  |           Metal | Profiler DRAM buffers were full, markers were dropped! device 0, worker core 12, 4, Risc TRISC_1,  bufferEndIndex = 15996. Please either decrease the number of ops being profiled or run read device profiler more often (profiler.cpp:1271)
2026-06-04 16:46:08.020 | warning  |           Metal | Profiler DRAM buffers were full, markers were dropped! device 0, worker core 12, 4, Risc TRISC_2,  bufferEndIndex = 15996. Please either decrease the number of ops being profiled or run read device profiler more often (profiler.cpp:1271)
2026-06-04 16:46:08.022 | warning  |           Metal | Profiler DRAM buffers were full, markers were dropped! device 0, worker core 12, 5, Risc BRISC,  bufferEndIndex = 15996. Please either decrease the number of ops being profiled or run read device profiler more often (profiler.cpp:1271)
2026-06-04 16:46:08.024 | warning  |           Metal | Profiler DRAM buffers were full, markers were dropped! device 0, worker core 12, 5, Risc NCRISC,  bufferEndIndex = 15996. Please either decrease the number of ops being profiled or run read device profiler more often (profiler.cpp:1271)
2026-06-04 16:46:08.026 | warning  |           Metal | Profiler DRAM buffers were full, markers were dropped! device 0, worker core 12, 5, Risc TRISC_0,  bufferEndIndex = 15996. Please either decrease the number of ops being profiled or run read device profiler more often (profiler.cpp:1271)
2026-06-04 16:46:08.029 | warning  |           Metal | Profiler DRAM buffers were full, markers were dropped! device 0, worker core 12, 5, Risc TRISC_1,  bufferEndIndex = 15996. Please either decrease the number of ops being profiled or run read device profiler more often (profiler.cpp:1271)
2026-06-04 16:46:08.031 | warning  |           Metal | Profiler DRAM buffers were full, markers were dropped! device 0, worker core 12, 5, Risc TRISC_2,  bufferEndIndex = 15996. Please either decrease the number of ops being profiled or run read device profiler more often (profiler.cpp:1271)
2026-06-04 16:46:08.033 | warning  |           Metal | Profiler DRAM buffers were full, markers were dropped! device 0, worker core 12, 6, Risc BRISC,  bufferEndIndex = 15996. Please either decrease the number of ops being profiled or run read device profiler more often (profiler.cpp:1271)
2026-06-04 16:46:08.035 | warning  |           Metal | Profiler DRAM buffers were full, markers were dropped! device 0, worker core 12, 6, Risc NCRISC,  bufferEndIndex = 15996. Please either decrease the number of ops being profiled or run read device profiler more often (profiler.cpp:1271)
2026-06-04 16:46:08.038 | warning  |           Metal | Profiler DRAM buffers were full, markers were dropped! device 0, worker core 12, 6, Risc TRISC_0,  bufferEndIndex = 15996. Please either decrease the number of ops being profiled or run read device profiler more often (profiler.cpp:1271)
2026-06-04 16:46:08.040 | warning  |           Metal | Profiler DRAM buffers were full, markers were dropped! device 0, worker core 12, 6, Risc TRISC_1,  bufferEndIndex = 15996. Please either decrease the number of ops being profiled or run read device profiler more often (profiler.cpp:1271)
2026-06-04 16:46:08.042 | warning  |           Metal | Profiler DRAM buffers were full, markers were dropped! device 0, worker core 12, 6, Risc TRISC_2,  bufferEndIndex = 15996. Please either decrease the number of ops being profiled or run read device profiler more often (profiler.cpp:1271)
2026-06-04 16:46:08.045 | warning  |           Metal | Profiler DRAM buffers were full, markers were dropped! device 0, worker core 12, 7, Risc BRISC,  bufferEndIndex = 15996. Please either decrease the number of ops being profiled or run read device profiler more often (profiler.cpp:1271)
2026-06-04 16:46:08.047 | warning  |           Metal | Profiler DRAM buffers were full, markers were dropped! device 0, worker core 12, 7, Risc NCRISC,  bufferEndIndex = 15996. Please either decrease the number of ops being profiled or run read device profiler more often (profiler.cpp:1271)
2026-06-04 16:46:08.050 | warning  |           Metal | Profiler DRAM buffers were full, markers were dropped! device 0, worker core 12, 7, Risc TRISC_0,  bufferEndIndex = 15996. Please either decrease the number of ops being profiled or run read device profiler more often (profiler.cpp:1271)
2026-06-04 16:46:08.052 | warning  |           Metal | Profiler DRAM buffers were full, markers were dropped! device 0, worker core 12, 7, Risc TRISC_1,  bufferEndIndex = 15996. Please either decrease the number of ops being profiled or run read device profiler more often (profiler.cpp:1271)
2026-06-04 16:46:08.054 | warning  |           Metal | Profiler DRAM buffers were full, markers were dropped! device 0, worker core 12, 7, Risc TRISC_2,  bufferEndIndex = 15996. Please either decrease the number of ops being profiled or run read device profiler more often (profiler.cpp:1271)
2026-06-04 16:46:08.057 | warning  |           Metal | Profiler DRAM buffers were full, markers were dropped! device 0, worker core 12, 8, Risc BRISC,  bufferEndIndex = 15996. Please either decrease the number of ops being profiled or run read device profiler more often (profiler.cpp:1271)
2026-06-04 16:46:08.059 | warning  |           Metal | Profiler DRAM buffers were full, markers were dropped! device 0, worker core 12, 8, Risc NCRISC,  bufferEndIndex = 15996. Please either decrease the number of ops being profiled or run read device profiler more often (profiler.cpp:1271)
2026-06-04 16:46:08.061 | warning  |           Metal | Profiler DRAM buffers were full, markers were dropped! device 0, worker core 12, 8, Risc TRISC_0,  bufferEndIndex = 15996. Please either decrease the number of ops being profiled or run read device profiler more often (profiler.cpp:1271)
2026-06-04 16:46:08.064 | warning  |           Metal | Profiler DRAM buffers were full, markers were dropped! device 0, worker core 12, 8, Risc TRISC_1,  bufferEndIndex = 15996. Please either decrease the number of ops being profiled or run read device profiler more often (profiler.cpp:1271)
2026-06-04 16:46:08.066 | warning  |           Metal | Profiler DRAM buffers were full, markers were dropped! device 0, worker core 12, 8, Risc TRISC_2,  bufferEndIndex = 15996. Please either decrease the number of ops being profiled or run read device profiler more often (profiler.cpp:1271)
2026-06-04 16:46:08.068 | warning  |           Metal | Profiler DRAM buffers were full, markers were dropped! device 0, worker core 12, 9, Risc BRISC,  bufferEndIndex = 15996. Please either decrease the number of ops being profiled or run read device profiler more often (profiler.cpp:1271)
2026-06-04 16:46:08.071 | warning  |           Metal | Profiler DRAM buffers were full, markers were dropped! device 0, worker core 12, 9, Risc NCRISC,  bufferEndIndex = 15996. Please either decrease the number of ops being profiled or run read device profiler more often (profiler.cpp:1271)
2026-06-04 16:46:08.073 | warning  |           Metal | Profiler DRAM buffers were full, markers were dropped! device 0, worker core 12, 9, Risc TRISC_0,  bufferEndIndex = 15996. Please either decrease the number of ops being profiled or run read device profiler more often (profiler.cpp:1271)
2026-06-04 16:46:08.076 | warning  |           Metal | Profiler DRAM buffers were full, markers were dropped! device 0, worker core 12, 9, Risc TRISC_1,  bufferEndIndex = 15996. Please either decrease the number of ops being profiled or run read device profiler more often (profiler.cpp:1271)
2026-06-04 16:46:08.078 | warning  |           Metal | Profiler DRAM buffers were full, markers were dropped! device 0, worker core 12, 9, Risc TRISC_2,  bufferEndIndex = 15996. Please either decrease the number of ops being profiled or run read device profiler more often (profiler.cpp:1271)
2026-06-04 16:46:08.080 | warning  |           Metal | Profiler DRAM buffers were full, markers were dropped! device 0, worker core 12, 10, Risc BRISC,  bufferEndIndex = 15996. Please either decrease the number of ops being profiled or run read device profiler more often (profiler.cpp:1271)
2026-06-04 16:46:08.083 | warning  |           Metal | Profiler DRAM buffers were full, markers were dropped! device 0, worker core 12, 10, Risc NCRISC,  bufferEndIndex = 15996. Please either decrease the number of ops being profiled or run read device profiler more often (profiler.cpp:1271)
2026-06-04 16:46:08.085 | warning  |           Metal | Profiler DRAM buffers were full, markers were dropped! device 0, worker core 12, 10, Risc TRISC_0,  bufferEndIndex = 15996. Please either decrease the number of ops being profiled or run read device profiler more often (profiler.cpp:1271)
2026-06-04 16:46:08.088 | warning  |           Metal | Profiler DRAM buffers were full, markers were dropped! device 0, worker core 12, 10, Risc TRISC_1,  bufferEndIndex = 15996. Please either decrease the number of ops being profiled or run read device profiler more often (profiler.cpp:1271)
2026-06-04 16:46:08.090 | warning  |           Metal | Profiler DRAM buffers were full, markers were dropped! device 0, worker core 12, 10, Risc TRISC_2,  bufferEndIndex = 15996. Please either decrease the number of ops being profiled or run read device profiler more often (profiler.cpp:1271)
2026-06-04 16:46:08.092 | warning  |           Metal | Profiler DRAM buffers were full, markers were dropped! device 0, worker core 12, 11, Risc BRISC,  bufferEndIndex = 15996. Please either decrease the number of ops being profiled or run read device profiler more often (profiler.cpp:1271)
2026-06-04 16:46:08.095 | warning  |           Metal | Profiler DRAM buffers were full, markers were dropped! device 0, worker core 12, 11, Risc NCRISC,  bufferEndIndex = 15996. Please either decrease the number of ops being profiled or run read device profiler more often (profiler.cpp:1271)
2026-06-04 16:46:08.097 | warning  |           Metal | Profiler DRAM buffers were full, markers were dropped! device 0, worker core 12, 11, Risc TRISC_0,  bufferEndIndex = 15996. Please either decrease the number of ops being profiled or run read device profiler more often (profiler.cpp:1271)
2026-06-04 16:46:08.099 | warning  |           Metal | Profiler DRAM buffers were full, markers were dropped! device 0, worker core 12, 11, Risc TRISC_1,  bufferEndIndex = 15996. Please either decrease the number of ops being profiled or run read device profiler more often (profiler.cpp:1271)
2026-06-04 16:46:08.102 | warning  |           Metal | Profiler DRAM buffers were full, markers were dropped! device 0, worker core 12, 11, Risc TRISC_2,  bufferEndIndex = 15996. Please either decrease the number of ops being profiled or run read device profiler more often (profiler.cpp:1271)
2026-06-04 16:46:08.104 | warning  |           Metal | Profiler DRAM buffers were full, markers were dropped! device 0, worker core 13, 2, Risc BRISC,  bufferEndIndex = 15996. Please either decrease the number of ops being profiled or run read device profiler more often (profiler.cpp:1271)
2026-06-04 16:46:08.106 | warning  |           Metal | Profiler DRAM buffers were full, markers were dropped! device 0, worker core 13, 2, Risc NCRISC,  bufferEndIndex = 15996. Please either decrease the number of ops being profiled or run read device profiler more often (profiler.cpp:1271)
2026-06-04 16:46:08.109 | warning  |           Metal | Profiler DRAM buffers were full, markers were dropped! device 0, worker core 13, 2, Risc TRISC_0,  bufferEndIndex = 15996. Please either decrease the number of ops being profiled or run read device profiler more often (profiler.cpp:1271)
2026-06-04 16:46:08.111 | warning  |           Metal | Profiler DRAM buffers were full, markers were dropped! device 0, worker core 13, 2, Risc TRISC_1,  bufferEndIndex = 15996. Please either decrease the number of ops being profiled or run read device profiler more often (profiler.cpp:1271)
2026-06-04 16:46:08.113 | warning  |           Metal | Profiler DRAM buffers were full, markers were dropped! device 0, worker core 13, 2, Risc TRISC_2,  bufferEndIndex = 15996. Please either decrease the number of ops being profiled or run read device profiler more often (profiler.cpp:1271)
2026-06-04 16:46:08.115 | warning  |           Metal | Profiler DRAM buffers were full, markers were dropped! device 0, worker core 13, 3, Risc BRISC,  bufferEndIndex = 15996. Please either decrease the number of ops being profiled or run read device profiler more often (profiler.cpp:1271)
2026-06-04 16:46:08.117 | warning  |           Metal | Profiler DRAM buffers were full, markers were dropped! device 0, worker core 13, 3, Risc NCRISC,  bufferEndIndex = 15996. Please either decrease the number of ops being profiled or run read device profiler more often (profiler.cpp:1271)
2026-06-04 16:46:08.120 | warning  |           Metal | Profiler DRAM buffers were full, markers were dropped! device 0, worker core 13, 3, Risc TRISC_0,  bufferEndIndex = 15996. Please either decrease the number of ops being profiled or run read device profiler more often (profiler.cpp:1271)
2026-06-04 16:46:08.121 | warning  |           Metal | Profiler DRAM buffers were full, markers were dropped! device 0, worker core 13, 3, Risc TRISC_1,  bufferEndIndex = 15996. Please either decrease the number of ops being profiled or run read device profiler more often (profiler.cpp:1271)
2026-06-04 16:46:08.123 | warning  |           Metal | Profiler DRAM buffers were full, markers were dropped! device 0, worker core 13, 3, Risc TRISC_2,  bufferEndIndex = 15996. Please either decrease the number of ops being profiled or run read device profiler more often (profiler.cpp:1271)
2026-06-04 16:46:08.125 | warning  |           Metal | Profiler DRAM buffers were full, markers were dropped! device 0, worker core 13, 4, Risc BRISC,  bufferEndIndex = 15996. Please either decrease the number of ops being profiled or run read device profiler more often (profiler.cpp:1271)
2026-06-04 16:46:08.128 | warning  |           Metal | Profiler DRAM buffers were full, markers were dropped! device 0, worker core 13, 4, Risc NCRISC,  bufferEndIndex = 15996. Please either decrease the number of ops being profiled or run read device profiler more often (profiler.cpp:1271)
2026-06-04 16:46:08.130 | warning  |           Metal | Profiler DRAM buffers were full, markers were dropped! device 0, worker core 13, 4, Risc TRISC_0,  bufferEndIndex = 15996. Please either decrease the number of ops being profiled or run read device profiler more often (profiler.cpp:1271)
2026-06-04 16:46:08.132 | warning  |           Metal | Profiler DRAM buffers were full, markers were dropped! device 0, worker core 13, 4, Risc TRISC_1,  bufferEndIndex = 15996. Please either decrease the number of ops being profiled or run read device profiler more often (profiler.cpp:1271)
2026-06-04 16:46:08.135 | warning  |           Metal | Profiler DRAM buffers were full, markers were dropped! device 0, worker core 13, 4, Risc TRISC_2,  bufferEndIndex = 15996. Please either decrease the number of ops being profiled or run read device profiler more often (profiler.cpp:1271)
2026-06-04 16:46:08.137 | warning  |           Metal | Profiler DRAM buffers were full, markers were dropped! device 0, worker core 13, 5, Risc BRISC,  bufferEndIndex = 15996. Please either decrease the number of ops being profiled or run read device profiler more often (profiler.cpp:1271)
2026-06-04 16:46:08.139 | warning  |           Metal | Profiler DRAM buffers were full, markers were dropped! device 0, worker core 13, 5, Risc NCRISC,  bufferEndIndex = 15996. Please either decrease the number of ops being profiled or run read device profiler more often (profiler.cpp:1271)
2026-06-04 16:46:08.142 | warning  |           Metal | Profiler DRAM buffers were full, markers were dropped! device 0, worker core 13, 5, Risc TRISC_0,  bufferEndIndex = 15996. Please either decrease the number of ops being profiled or run read device profiler more often (profiler.cpp:1271)
2026-06-04 16:46:08.144 | warning  |           Metal | Profiler DRAM buffers were full, markers were dropped! device 0, worker core 13, 5, Risc TRISC_1,  bufferEndIndex = 15996. Please either decrease the number of ops being profiled or run read device profiler more often (profiler.cpp:1271)
2026-06-04 16:46:08.146 | warning  |           Metal | Profiler DRAM buffers were full, markers were dropped! device 0, worker core 13, 5, Risc TRISC_2,  bufferEndIndex = 15996. Please either decrease the number of ops being profiled or run read device profiler more often (profiler.cpp:1271)
2026-06-04 16:46:08.149 | warning  |           Metal | Profiler DRAM buffers were full, markers were dropped! device 0, worker core 13, 6, Risc BRISC,  bufferEndIndex = 15996. Please either decrease the number of ops being profiled or run read device profiler more often (profiler.cpp:1271)
2026-06-04 16:46:08.151 | warning  |           Metal | Profiler DRAM buffers were full, markers were dropped! device 0, worker core 13, 6, Risc NCRISC,  bufferEndIndex = 15996. Please either decrease the number of ops being profiled or run read device profiler more often (profiler.cpp:1271)
2026-06-04 16:46:08.153 | warning  |           Metal | Profiler DRAM buffers were full, markers were dropped! device 0, worker core 13, 6, Risc TRISC_0,  bufferEndIndex = 15996. Please either decrease the number of ops being profiled or run read device profiler more often (profiler.cpp:1271)
2026-06-04 16:46:08.156 | warning  |           Metal | Profiler DRAM buffers were full, markers were dropped! device 0, worker core 13, 6, Risc TRISC_1,  bufferEndIndex = 15996. Please either decrease the number of ops being profiled or run read device profiler more often (profiler.cpp:1271)
2026-06-04 16:46:08.158 | warning  |           Metal | Profiler DRAM buffers were full, markers were dropped! device 0, worker core 13, 6, Risc TRISC_2,  bufferEndIndex = 15996. Please either decrease the number of ops being profiled or run read device profiler more often (profiler.cpp:1271)
2026-06-04 16:46:08.160 | warning  |           Metal | Profiler DRAM buffers were full, markers were dropped! device 0, worker core 13, 7, Risc BRISC,  bufferEndIndex = 15996. Please either decrease the number of ops being profiled or run read device profiler more often (profiler.cpp:1271)
2026-06-04 16:46:08.163 | warning  |           Metal | Profiler DRAM buffers were full, markers were dropped! device 0, worker core 13, 7, Risc NCRISC,  bufferEndIndex = 15996. Please either decrease the number of ops being profiled or run read device profiler more often (profiler.cpp:1271)
2026-06-04 16:46:08.165 | warning  |           Metal | Profiler DRAM buffers were full, markers were dropped! device 0, worker core 13, 7, Risc TRISC_0,  bufferEndIndex = 15996. Please either decrease the number of ops being profiled or run read device profiler more often (profiler.cpp:1271)
2026-06-04 16:46:08.167 | warning  |           Metal | Profiler DRAM buffers were full, markers were dropped! device 0, worker core 13, 7, Risc TRISC_1,  bufferEndIndex = 15996. Please either decrease the number of ops being profiled or run read device profiler more often (profiler.cpp:1271)
2026-06-04 16:46:08.170 | warning  |           Metal | Profiler DRAM buffers were full, markers were dropped! device 0, worker core 13, 7, Risc TRISC_2,  bufferEndIndex = 15996. Please either decrease the number of ops being profiled or run read device profiler more often (profiler.cpp:1271)
2026-06-04 16:46:08.172 | warning  |           Metal | Profiler DRAM buffers were full, markers were dropped! device 0, worker core 13, 8, Risc BRISC,  bufferEndIndex = 15996. Please either decrease the number of ops being profiled or run read device profiler more often (profiler.cpp:1271)
2026-06-04 16:46:08.175 | warning  |           Metal | Profiler DRAM buffers were full, markers were dropped! device 0, worker core 13, 8, Risc NCRISC,  bufferEndIndex = 15996. Please either decrease the number of ops being profiled or run read device profiler more often (profiler.cpp:1271)
2026-06-04 16:46:08.177 | warning  |           Metal | Profiler DRAM buffers were full, markers were dropped! device 0, worker core 13, 8, Risc TRISC_0,  bufferEndIndex = 15996. Please either decrease the number of ops being profiled or run read device profiler more often (profiler.cpp:1271)
2026-06-04 16:46:08.179 | warning  |           Metal | Profiler DRAM buffers were full, markers were dropped! device 0, worker core 13, 8, Risc TRISC_1,  bufferEndIndex = 15996. Please either decrease the number of ops being profiled or run read device profiler more often (profiler.cpp:1271)
2026-06-04 16:46:08.182 | warning  |           Metal | Profiler DRAM buffers were full, markers were dropped! device 0, worker core 13, 8, Risc TRISC_2,  bufferEndIndex = 15996. Please either decrease the number of ops being profiled or run read device profiler more often (profiler.cpp:1271)
2026-06-04 16:46:08.184 | warning  |           Metal | Profiler DRAM buffers were full, markers were dropped! device 0, worker core 13, 9, Risc BRISC,  bufferEndIndex = 15996. Please either decrease the number of ops being profiled or run read device profiler more often (profiler.cpp:1271)
2026-06-04 16:46:08.187 | warning  |           Metal | Profiler DRAM buffers were full, markers were dropped! device 0, worker core 13, 9, Risc NCRISC,  bufferEndIndex = 15996. Please either decrease the number of ops being profiled or run read device profiler more often (profiler.cpp:1271)
2026-06-04 16:46:08.189 | warning  |           Metal | Profiler DRAM buffers were full, markers were dropped! device 0, worker core 13, 9, Risc TRISC_0,  bufferEndIndex = 15996. Please either decrease the number of ops being profiled or run read device profiler more often (profiler.cpp:1271)
2026-06-04 16:46:08.191 | warning  |           Metal | Profiler DRAM buffers were full, markers were dropped! device 0, worker core 13, 9, Risc TRISC_1,  bufferEndIndex = 15996. Please either decrease the number of ops being profiled or run read device profiler more often (profiler.cpp:1271)
2026-06-04 16:46:08.194 | warning  |           Metal | Profiler DRAM buffers were full, markers were dropped! device 0, worker core 13, 9, Risc TRISC_2,  bufferEndIndex = 15996. Please either decrease the number of ops being profiled or run read device profiler more often (profiler.cpp:1271)
2026-06-04 16:46:08.196 | warning  |           Metal | Profiler DRAM buffers were full, markers were dropped! device 0, worker core 13, 10, Risc BRISC,  bufferEndIndex = 15996. Please either decrease the number of ops being profiled or run read device profiler more often (profiler.cpp:1271)
2026-06-04 16:46:08.198 | warning  |           Metal | Profiler DRAM buffers were full, markers were dropped! device 0, worker core 13, 10, Risc NCRISC,  bufferEndIndex = 15996. Please either decrease the number of ops being profiled or run read device profiler more often (profiler.cpp:1271)
2026-06-04 16:46:08.201 | warning  |           Metal | Profiler DRAM buffers were full, markers were dropped! device 0, worker core 13, 10, Risc TRISC_0,  bufferEndIndex = 15996. Please either decrease the number of ops being profiled or run read device profiler more often (profiler.cpp:1271)
2026-06-04 16:46:08.203 | warning  |           Metal | Profiler DRAM buffers were full, markers were dropped! device 0, worker core 13, 10, Risc TRISC_1,  bufferEndIndex = 15996. Please either decrease the number of ops being profiled or run read device profiler more often (profiler.cpp:1271)
2026-06-04 16:46:08.206 | warning  |           Metal | Profiler DRAM buffers were full, markers were dropped! device 0, worker core 13, 10, Risc TRISC_2,  bufferEndIndex = 15996. Please either decrease the number of ops being profiled or run read device profiler more often (profiler.cpp:1271)
2026-06-04 16:46:08.208 | warning  |           Metal | Profiler DRAM buffers were full, markers were dropped! device 0, worker core 13, 11, Risc BRISC,  bufferEndIndex = 15996. Please either decrease the number of ops being profiled or run read device profiler more often (profiler.cpp:1271)
2026-06-04 16:46:08.210 | warning  |           Metal | Profiler DRAM buffers were full, markers were dropped! device 0, worker core 13, 11, Risc NCRISC,  bufferEndIndex = 15996. Please either decrease the number of ops being profiled or run read device profiler more often (profiler.cpp:1271)
2026-06-04 16:46:08.213 | warning  |           Metal | Profiler DRAM buffers were full, markers were dropped! device 0, worker core 13, 11, Risc TRISC_0,  bufferEndIndex = 15996. Please either decrease the number of ops being profiled or run read device profiler more often (profiler.cpp:1271)
2026-06-04 16:46:08.215 | warning  |           Metal | Profiler DRAM buffers were full, markers were dropped! device 0, worker core 13, 11, Risc TRISC_1,  bufferEndIndex = 15996. Please either decrease the number of ops being profiled or run read device profiler more often (profiler.cpp:1271)
2026-06-04 16:46:08.217 | warning  |           Metal | Profiler DRAM buffers were full, markers were dropped! device 0, worker core 13, 11, Risc TRISC_2,  bufferEndIndex = 15996. Please either decrease the number of ops being profiled or run read device profiler more often (profiler.cpp:1271)
2026-06-04 16:46:11.339 | critical |          Always | End marker 4095 found without a corresponding start marker (assert.hpp:103)
2026-06-04 16:46:11.358 | critical |          Always | End marker 41925 found without a corresponding start marker (assert.hpp:103)
2026-06-04 16:46:11.379 | critical |          Always | End marker 14574 found without a corresponding start marker (assert.hpp:103)
2026-06-04 16:46:11.382 | critical |          Always | End marker 41925 found without a corresponding start marker (assert.hpp:103)
2026-06-04 16:46:11.384 | critical |          Always | 2 start markers detected without corresponding end markers (assert.hpp:103)
2026-06-04 16:46:11.388 | critical |          Always | End marker 8951 found without a corresponding start marker (assert.hpp:103)
2026-06-04 16:46:11.391 | critical |          Always | Start 62392 and end 43309 markers do not match (assert.hpp:103)
2026-06-04 16:46:11.393 | critical |          Always | Start 7145 and end 36476 markers do not match (assert.hpp:103)
2026-06-04 16:46:11.395 | critical |          Always | 2 start markers detected without corresponding end markers (assert.hpp:103)
2026-06-04 16:46:11.410 | critical |          Always | End marker 22527 found without a corresponding start marker (assert.hpp:103)
2026-06-04 16:46:11.415 | critical |          Always | Start 62392 and end 43309 markers do not match (assert.hpp:103)
2026-06-04 16:46:11.420 | critical |          Always | End marker 22527 found without a corresponding start marker (assert.hpp:103)
2026-06-04 16:46:11.425 | critical |          Always | End marker 48361 found without a corresponding start marker (assert.hpp:103)
2026-06-04 16:46:11.430 | critical |          Always | End marker 22527 found without a corresponding start marker (assert.hpp:103)
2026-06-04 16:46:11.454 | critical |          Always | End marker 63510 found without a corresponding start marker (assert.hpp:103)
2026-06-04 16:46:11.459 | critical |          Always | End marker 1041 found without a corresponding start marker (assert.hpp:103)
2026-06-04 16:46:11.459 | critical |          Always | End marker 23858 found without a corresponding start marker (assert.hpp:103)
2026-06-04 16:46:11.465 | critical |          Always | End marker 48361 found without a corresponding start marker (assert.hpp:103)
2026-06-04 16:46:11.469 | critical |          Always | End marker 23858 found without a corresponding start marker (assert.hpp:103)
2026-06-04 16:46:11.477 | critical |          Always | End marker 23858 found without a corresponding start marker (assert.hpp:103)
2026-06-04 16:46:11.477 | critical |          Always | End marker 41925 found without a corresponding start marker (assert.hpp:103)
2026-06-04 16:46:11.481 | critical |          Always | End marker 2041 found without a corresponding start marker (assert.hpp:103)
2026-06-04 16:46:11.483 | critical |          Always | Start 62392 and end 43309 markers do not match (assert.hpp:103)
2026-06-04 16:46:11.484 | critical |          Always | End marker 4095 found without a corresponding start marker (assert.hpp:103)
2026-06-04 16:46:11.485 | critical |          Always | End marker 23858 found without a corresponding start marker (assert.hpp:103)
2026-06-04 16:46:11.487 | critical |          Always | End marker 46041 found without a corresponding start marker (assert.hpp:103)
2026-06-04 16:46:11.487 | critical |          Always | End marker 22527 found without a corresponding start marker (assert.hpp:103)
2026-06-04 16:46:11.488 | critical |          Always | End marker 14574 found without a corresponding start marker (assert.hpp:103)
2026-06-04 16:46:11.488 | critical |          Always | End marker 41925 found without a corresponding start marker (assert.hpp:103)
2026-06-04 16:46:11.489 | critical |          Always | Start 7145 and end 36476 markers do not match (assert.hpp:103)
2026-06-04 16:46:11.489 | critical |          Always | End marker 2041 found without a corresponding start marker (assert.hpp:103)
2026-06-04 16:46:11.491 | critical |          Always | End marker 63352 found without a corresponding start marker (assert.hpp:103)
2026-06-04 16:46:11.493 | critical |          Always | End marker 23858 found without a corresponding start marker (assert.hpp:103)
2026-06-04 16:46:11.495 | critical |          Always | End marker 2045 found without a corresponding start marker (assert.hpp:103)
2026-06-04 16:46:11.497 | critical |          Always | End marker 4095 found without a corresponding start marker (assert.hpp:103)
2026-06-04 16:46:11.498 | critical |          Always | End marker 14574 found without a corresponding start marker (assert.hpp:103)
2026-06-04 16:46:11.499 | critical |          Always | End marker 63510 found without a corresponding start marker (assert.hpp:103)
2026-06-04 16:46:11.502 | critical |          Always | End marker 41925 found without a corresponding start marker (assert.hpp:103)
2026-06-04 16:46:11.502 | critical |          Always | End marker 1041 found without a corresponding start marker (assert.hpp:103)
2026-06-04 16:46:11.503 | critical |          Always | End marker 63352 found without a corresponding start marker (assert.hpp:103)
2026-06-04 16:46:11.505 | critical |          Always | End marker 1041 found without a corresponding start marker (assert.hpp:103)
2026-06-04 16:46:11.508 | critical |          Always | End marker 39410 found without a corresponding start marker (assert.hpp:103)
2026-06-04 16:46:11.508 | critical |          Always | End marker 4095 found without a corresponding start marker (assert.hpp:103)
2026-06-04 16:46:11.512 | critical |          Always | End marker 8951 found without a corresponding start marker (assert.hpp:103)
2026-06-04 16:46:11.512 | critical |          Always | End marker 46041 found without a corresponding start marker (assert.hpp:103)
2026-06-04 16:46:11.514 | critical |          Always | End marker 63510 found without a corresponding start marker (assert.hpp:103)
2026-06-04 16:46:11.515 | critical |          Always | End marker 39410 found without a corresponding start marker (assert.hpp:103)
2026-06-04 16:46:11.516 | critical |          Always | Start 7145 and end 36476 markers do not match (assert.hpp:103)
2026-06-04 16:46:11.517 | critical |          Always | End marker 2045 found without a corresponding start marker (assert.hpp:103)
2026-06-04 16:46:11.521 | critical |          Always | End marker 8951 found without a corresponding start marker (assert.hpp:103)
2026-06-04 16:46:11.522 | critical |          Always | End marker 63510 found without a corresponding start marker (assert.hpp:103)
2026-06-04 16:46:11.526 | critical |          Always | Start 7145 and end 36476 markers do not match (assert.hpp:103)
2026-06-04 16:46:11.526 | critical |          Always | End marker 2045 found without a corresponding start marker (assert.hpp:103)
terminate called after throwing an instance of 'std::runtime_error'
  what():  TT_FATAL @ /home/masterjunmo/codes/tt-metal/tt_metal/impl/profiler/profiler.cpp:1575: !start_marker_stack.empty()
info:
End marker 23858 found without a corresponding start marker
backtrace:
 --- /home/masterjunmo/codes/tt-metal/build_Release/lib/_ttnncpp.so(+0x1172170) [0x7f6b9bb14170]
 --- tt::tt_metal::DeviceProfiler::processDeviceMarkerData(std::set<tracy::TTDeviceMarker, std::less<tracy::TTDeviceMarker>, std::allocator<tracy::TTDeviceMarker> >&)
 --- /home/masterjunmo/codes/tt-metal/build_Release/lib/libtt_metal.so(+0x5a0bec) [0x7f6b9a37cbec]
 --- /home/masterjunmo/codes/tt-metal/build_Release/lib/libtt_metal.so(+0x6f4544) [0x7f6b9a4d0544]
 --- /lib/x86_64-linux-gnu/libstdc++.so.6(+0xdc253) [0x7f6c5bb6d253]
 --- /lib/x86_64-linux-gnu/libc.so.6(+0x94ac3) [0x7f6d1434fac3]
 --- /lib/x86_64-linux-gnu/libc.so.6(+0x1268d0) [0x7f6d143e18d0]

Fatal Python error: Aborted

Thread 0x00007f5935ffe640 (most recent call first):
  File "/home/masterjunmo/.pyenv/versions/3.10.19/lib/python3.10/threading.py", line 324 in wait
  File "/home/masterjunmo/.pyenv/versions/3.10.19/lib/python3.10/threading.py", line 607 in wait
  File "/home/masterjunmo/codes/tt-metal/python_env/lib/python3.10/site-packages/tqdm/_monitor.py", line 60 in run
  File "/home/masterjunmo/.pyenv/versions/3.10.19/lib/python3.10/threading.py", line 1016 in _bootstrap_inner
  File "/home/masterjunmo/.pyenv/versions/3.10.19/lib/python3.10/threading.py", line 973 in _bootstrap

Thread 0x00007f597d96f640 (most recent call first):
  File "/home/masterjunmo/.pyenv/versions/3.10.19/lib/python3.10/threading.py", line 324 in wait
  File "/home/masterjunmo/.pyenv/versions/3.10.19/lib/python3.10/threading.py", line 607 in wait
  File "/home/masterjunmo/codes/tt-metal/python_env/lib/python3.10/site-packages/tqdm/_monitor.py", line 60 in run
  File "/home/masterjunmo/.pyenv/versions/3.10.19/lib/python3.10/threading.py", line 1016 in _bootstrap_inner
  File "/home/masterjunmo/.pyenv/versions/3.10.19/lib/python3.10/threading.py", line 973 in _bootstrap

Thread 0x00007f6d141d2c40 (most recent call first):
  File "/home/masterjunmo/codes/tt-metal/ttnn/ttnn/distributed/distributed.py", line 683 in close_mesh_device
  File "/home/masterjunmo/codes/tt-metal/conftest.py", line 418 in mesh_device
  File "/home/masterjunmo/codes/tt-metal/python_env/lib/python3.10/site-packages/_pytest/fixtures.py", line 939 in _teardown_yield_fixture
  File "/home/masterjunmo/codes/tt-metal/python_env/lib/python3.10/site-packages/_pytest/fixtures.py", line 1058 in finish
  File "/home/masterjunmo/codes/tt-metal/python_env/lib/python3.10/site-packages/_pytest/runner.py", line 546 in teardown_exact
  File "/home/masterjunmo/codes/tt-metal/python_env/lib/python3.10/site-packages/_pytest/runner.py", line 193 in pytest_runtest_teardown
  File "/home/masterjunmo/codes/tt-metal/python_env/lib/python3.10/site-packages/pluggy/_callers.py", line 121 in _multicall
  File "/home/masterjunmo/codes/tt-metal/python_env/lib/python3.10/site-packages/pluggy/_manager.py", line 120 in _hookexec
  File "/home/masterjunmo/codes/tt-metal/python_env/lib/python3.10/site-packages/pluggy/_hooks.py", line 512 in __call__
  File "/home/masterjunmo/codes/tt-metal/python_env/lib/python3.10/site-packages/_pytest/runner.py", line 246 in <lambda>
  File "/home/masterjunmo/codes/tt-metal/python_env/lib/python3.10/site-packages/_pytest/runner.py", line 344 in from_call
  File "/home/masterjunmo/codes/tt-metal/python_env/lib/python3.10/site-packages/_pytest/runner.py", line 245 in call_and_report
  File "/home/masterjunmo/codes/tt-metal/python_env/lib/python3.10/site-packages/_pytest/runner.py", line 141 in runtestprotocol
  File "/home/masterjunmo/codes/tt-metal/python_env/lib/python3.10/site-packages/_pytest/runner.py", line 117 in pytest_runtest_protocol
  File "/home/masterjunmo/codes/tt-metal/python_env/lib/python3.10/site-packages/pluggy/_callers.py", line 121 in _multicall
  File "/home/masterjunmo/codes/tt-metal/python_env/lib/python3.10/site-packages/pluggy/_manager.py", line 120 in _hookexec
  File "/home/masterjunmo/codes/tt-metal/python_env/lib/python3.10/site-packages/pluggy/_hooks.py", line 512 in __call__
  File "/home/masterjunmo/codes/tt-metal/python_env/lib/python3.10/site-packages/_pytest/main.py", line 367 in pytest_runtestloop
  File "/home/masterjunmo/codes/tt-metal/python_env/lib/python3.10/site-packages/pluggy/_callers.py", line 121 in _multicall
  File "/home/masterjunmo/codes/tt-metal/python_env/lib/python3.10/site-packages/pluggy/_manager.py", line 120 in _hookexec
  File "/home/masterjunmo/codes/tt-metal/python_env/lib/python3.10/site-packages/pluggy/_hooks.py", line 512 in __call__
  File "/home/masterjunmo/codes/tt-metal/python_env/lib/python3.10/site-packages/_pytest/main.py", line 343 in _main
  File "/home/masterjunmo/codes/tt-metal/python_env/lib/python3.10/site-packages/_pytest/main.py", line 289 in wrap_session
  File "/home/masterjunmo/codes/tt-metal/python_env/lib/python3.10/site-packages/_pytest/main.py", line 336 in pytest_cmdline_main
  File "/home/masterjunmo/codes/tt-metal/python_env/lib/python3.10/site-packages/pluggy/_callers.py", line 121 in _multicall
  File "/home/masterjunmo/codes/tt-metal/python_env/lib/python3.10/site-packages/pluggy/_manager.py", line 120 in _hookexec
  File "/home/masterjunmo/codes/tt-metal/python_env/lib/python3.10/site-packages/pluggy/_hooks.py", line 512 in __call__
  File "/home/masterjunmo/codes/tt-metal/python_env/lib/python3.10/site-packages/_pytest/config/__init__.py", line 175 in main
  File "/home/masterjunmo/codes/tt-metal/python_env/lib/python3.10/site-packages/_pytest/config/__init__.py", line 201 in console_main
  File "/home/masterjunmo/codes/tt-metal/python_env/lib/python3.10/site-packages/pytest/__main__.py", line 9 in <module>
  File "/home/masterjunmo/.pyenv/versions/3.10.19/lib/python3.10/runpy.py", line 86 in _run_code
  File "/home/masterjunmo/.pyenv/versions/3.10.19/lib/python3.10/runpy.py", line 227 in run_module
  File "<string>", line 1 in <module>
  File "/home/masterjunmo/codes/tt-metal/tools/tracy/__init__.py", line 79 in runctx
  File "/home/masterjunmo/codes/tt-metal/tools/tracy/__main__.py", line 249 in main
  File "/home/masterjunmo/codes/tt-metal/tools/tracy/__main__.py", line 312 in <module>
  File "/home/masterjunmo/.pyenv/versions/3.10.19/lib/python3.10/runpy.py", line 86 in _run_code
  File "/home/masterjunmo/.pyenv/versions/3.10.19/lib/python3.10/runpy.py", line 196 in _run_module_as_main

Extension modules: yaml._yaml, numpy.core._multiarray_umath, numpy.core._multiarray_tests, numpy.linalg._umath_linalg, numpy.fft._pocketfft_internal, numpy.random._common, numpy.random.bit_generator, numpy.random._bounded_integers, numpy.random._mt19937, numpy.random.mtrand, numpy.random._philox, numpy.random._pcg64, numpy.random._sfc64, numpy.random._generator, pandas._libs.tslibs.np_datetime, pandas._libs.tslibs.dtypes, pandas._libs.tslibs.base, pandas._libs.tslibs.nattype, pandas._libs.tslibs.timezones, pandas._libs.tslibs.ccalendar, pandas._libs.tslibs.fields, pandas._libs.tslibs.timedeltas, pandas._libs.tslibs.tzconversion, pandas._libs.tslibs.timestamps, pandas._libs.properties, pandas._libs.tslibs.offsets, pandas._libs.tslibs.strptime, pandas._libs.tslibs.parsing, pandas._libs.tslibs.conversion, pandas._libs.tslibs.period, pandas._libs.tslibs.vectorized, pandas._libs.ops_dispatch, pandas._libs.missing, pandas._libs.hashtable, pandas._libs.algos, pandas._libs.interval, pandas._libs.lib, pandas._libs.hashing, pyarrow.lib, pandas._libs.tslib, pandas._libs.ops, pyarrow._compute, pandas._libs.arrays, pandas._libs.sparse, pandas._libs.reduction, pandas._libs.indexing, pandas._libs.index, pandas._libs.internals, pandas._libs.join, pandas._libs.writers, pandas._libs.window.aggregations, pandas._libs.window.indexers, pandas._libs.reshape, pandas._libs.groupby, pandas._libs.testing, pandas._libs.parsers, pandas._libs.json, PIL._imaging, kiwisolver._cext, scipy._lib._ccallback_c, scipy.sparse._sparsetools, _csparsetools, scipy.sparse._csparsetools, scipy.linalg._fblas, scipy.linalg._flapack, scipy.linalg.cython_lapack, scipy.linalg._cythonized_array_utils, scipy.linalg._solve_toeplitz, scipy.linalg._decomp_lu_cython, scipy.linalg._matfuncs_sqrtm_triu, scipy.linalg._matfuncs_expm, scipy.linalg._linalg_pythran, scipy.linalg.cython_blas, scipy.linalg._decomp_update, scipy.sparse.linalg._dsolve._superlu, scipy.sparse.linalg._eigen.arpack._arpack, scipy.sparse.linalg._propack._spropack, scipy.sparse.linalg._propack._dpropack, scipy.sparse.linalg._propack._cpropack, scipy.sparse.linalg._propack._zpropack, scipy.sparse.csgraph._tools, scipy.sparse.csgraph._shortest_path, scipy.sparse.csgraph._traversal, scipy.sparse.csgraph._min_spanning_tree, scipy.sparse.csgraph._flow, scipy.sparse.csgraph._matching, scipy.sparse.csgraph._reordering, scipy.spatial._ckdtree, scipy._lib.messagestream, scipy.spatial._qhull, scipy.spatial._voronoi, scipy.spatial._distance_wrap, scipy.spatial._hausdorff, scipy.special._ufuncs_cxx, scipy.special._ufuncs, scipy.special._specfun, scipy.special._comb, scipy.special._ellip_harm_2, scipy.spatial.transform._rotation, scipy.optimize._group_columns, scipy.optimize._trlib._trlib, scipy.optimize._lbfgsb, _moduleTNC, scipy.optimize._moduleTNC, scipy.optimize._cobyla, scipy.optimize._slsqp, scipy.optimize._minpack, scipy.optimize._lsq.givens_elimination, scipy.optimize._zeros, scipy.optimize._cython_nnls, scipy._lib._uarray._uarray, scipy.linalg._decomp_interpolative, scipy.optimize._bglu_dense, scipy.optimize._lsap, scipy.optimize._direct, scipy.integrate._odepack, scipy.integrate._quadpack, scipy.integrate._vode, scipy.integrate._dop, scipy.integrate._lsoda, scipy.interpolate._fitpack, scipy.interpolate._dfitpack, scipy.interpolate._dierckx, scipy.interpolate._ppoly, scipy.interpolate._interpnd, scipy.interpolate._rbfinterp_pythran, scipy.interpolate._rgi_cython, scipy.interpolate._bspl, scipy.special.cython_special, scipy.stats._stats, scipy.stats._sobol, scipy.stats._qmc_cy, scipy.stats._biasedurn, scipy.stats._stats_pythran, scipy.stats._levy_stable.levyst, scipy.stats._ansari_swilk_statistics, scipy.stats._mvn, scipy.stats._rcont.rcont, scipy.ndimage._nd_image, scipy.ndimage._rank_filter_1d, _ni_label, scipy.ndimage._ni_label, scipy.cluster._vq, scipy.cluster._hierarchy, scipy.cluster._optimal_leaf_ordering, torch._C, torch._C._dynamo.autograd_compiler, torch._C._dynamo.eval_frame, torch._C._dynamo.guards, torch._C._dynamo.utils, torch._C._fft, torch._C._linalg, torch._C._nested, torch._C._nn, torch._C._sparse, torch._C._special, markupsafe._speedups, zmq.backend.cython._zmq, tornado.speedups, psutil._psutil_linux, _brotli, backports.zstd._zstd, charset_normalizer.md, simplejson._speedups, requests.packages.charset_normalizer.md, requests.packages.chardet.md, PIL._imagingft, regex._regex, sklearn.__check_build._check_build, _cyutility, sklearn._cyutility, sklearn.utils._isfinite, sklearn.utils.sparsefuncs_fast, sklearn.utils.murmurhash, sklearn.utils._openmp_helpers, sklearn.metrics.cluster._expected_mutual_info_fast, sklearn.preprocessing._csr_polynomial_expansion, sklearn.preprocessing._target_encoder_fast, sklearn.metrics._dist_metrics, sklearn.metrics._pairwise_distances_reduction._datasets_pair, sklearn.utils._cython_blas, sklearn.metrics._pairwise_distances_reduction._base, sklearn.metrics._pairwise_distances_reduction._middle_term_computer, sklearn.utils._heap, sklearn.utils._sorting, sklearn.metrics._pairwise_distances_reduction._argkmin, sklearn.metrics._pairwise_distances_reduction._argkmin_classmode, sklearn.utils._vector_sentinel, sklearn.metrics._pairwise_distances_reduction._radius_neighbors, sklearn.metrics._pairwise_distances_reduction._radius_neighbors_classmode, sklearn.metrics._pairwise_fast (total: 191)

Queue delay: 31 ns
Timer resolution: 9 ns

Frames: 2
Time span: 1:44.5
Zones: 2,630,095
Elapsed time: 1:44.5
Saving trace... done!
Trace size 15.57 MB (22.92% ratio)
Aborted (core dumped)
2026-06-04 16:46:15.167 | INFO     | tracy:generate_report:154 - Host side ops time report generated at /home/masterjunmo/codes/tt-metal/generated/profiler/.logs/tracy_ops_times.csv
2026-06-04 16:46:15.269 | INFO     | tracy:generate_report:165 - Host side ops data report generated at /home/masterjunmo/codes/tt-metal/generated/profiler/.logs/tracy_ops_data.csv
2026-06-04 16:46:15.270 | INFO     | tracy.process_ops_logs:import_tracy_op_logs:111 - Importing ops logs
2026-06-04 16:46:24.226 | INFO     | tracy.process_ops_logs:get_device_op_data:255 - Getting device ops
2026-06-04 16:46:24.230 | INFO     | tracy.process_ops_logs:append_device_data:292 - Appending device data
2026-06-04 16:46:24.230 | INFO     | tracy.process_ops_logs:generate_reports:646 - OPs' perf analysis is finished! Generating reports ...
2026-06-04 16:46:24.230 | INFO     | tracy.process_ops_logs:generate_reports:664 - Copying runtime artifacts
2026-06-04 16:46:24.258 | INFO     | tracy.process_ops_logs:generate_reports:673 - Generating OPs CSV
2026-06-04 16:46:24.788 | INFO     | tracy.process_ops_logs:generate_reports:909 - OPs csv generated at: /home/masterjunmo/codes/tt-metal/generated/profiler/reports/2026_06_04_16_46_24/ops_perf_results_2026_06_04_16_46_24.csv
