2026-06-04 16:50:08.151 | INFO     | __main__:main:206 - Using port 8086
2026-06-04 16:50:08.151 | INFO     | tracy:run_report_setup:88 - Verifying tracy profiling tools
2026-06-04 16:50:08.228 | INFO     | tracy:run_report_setup:108 - Capture command: ('/home/masterjunmo/codes/tt-metal/build/tools/profiler/bin/capture-release -o /home/masterjunmo/codes/tt-metal/generated/profiler/.logs/tracy_profile_log_host.tracy -f -p 8086',)
Connecting to 127.0.0.1:8086...2026-06-04 16:50:08.249 | INFO     | __main__:main:271 - Test process started
2026-06-04 16:50:10.319 | DEBUG    | ttnn:<module>:79 - Initial ttnn.CONFIG:
Config{cache_path=/home/masterjunmo/.cache/ttnn,model_cache_path=/home/masterjunmo/.cache/ttnn/models,tmp_dir=/tmp/ttnn,enable_model_cache=false,enable_fast_runtime_mode=true,throw_exception_on_fallback=false,enable_logging=false,enable_graph_report=false,enable_detailed_buffer_report=false,enable_detailed_tensor_report=false,enable_comparison_mode=false,comparison_mode_should_raise_exception=false,comparison_mode_pcc=0.9999,root_report_path=generated/ttnn/reports,report_name=std::nullopt,std::nullopt}
============================= test session starts ==============================
platform linux -- Python 3.10.19, pytest-8.4.2, pluggy-1.6.0 -- /home/masterjunmo/codes/tt-metal/python_env/bin/python3
cachedir: .pytest_cache
benchmark: 5.1.0 (defaults: timer=time.perf_counter disable_gc=False min_rounds=5 min_time=0.000005 max_time=1.0 calibration_precision=10 warmup=False warmup_iterations=100000)
rootdir: /home/masterjunmo/codes/tt-metal
configfile: pytest.ini
plugins: split-0.10.0, timeout-2.4.0, benchmark-5.1.0, xdist-3.8.0, dash-2.15.0, anyio-4.12.0, github-actions-annotate-failures-0.3.0
timeout: 300.0s
timeout method: signal
timeout func_only: False
collecting ... 2026-06-04 16:50:14.538 | WARNING  | models.perf.benchmarking_utils:<module>:18 - Skipping import of pydantic_models for benchmarking since not running in CI environment
2026-06-04 16:50:34.032 | info     |             UMD | Established cluster ETH FW version: 1.8.1 (topology_discovery_blackhole.cpp:295)
2026-06-04 16:50:34.032 | warning  |             UMD | Chip 1 has inconsistent Tensix harvesting information between harvest mask and number of harvested. Board p150 expects 0 units, but harvest mask indicates 2 units. (cluster_descriptor.cpp:1306)
2026-06-04 16:50:34.032 | warning  |             UMD | Chip 0 has inconsistent Tensix harvesting information between harvest mask and number of harvested. Board p150 expects 0 units, but harvest mask indicates 2 units. (cluster_descriptor.cpp:1306)
2026-06-04 16:50:34.151 | info     |          Device | Opening user mode device driver (tt_cluster.cpp:209)
2026-06-04 16:50:34.325 | info     |             UMD | Established cluster ETH FW version: 1.8.1 (topology_discovery_blackhole.cpp:295)
2026-06-04 16:50:34.325 | warning  |             UMD | Chip 1 has inconsistent Tensix harvesting information between harvest mask and number of harvested. Board p150 expects 0 units, but harvest mask indicates 2 units. (cluster_descriptor.cpp:1306)
2026-06-04 16:50:34.325 | warning  |             UMD | Chip 0 has inconsistent Tensix harvesting information between harvest mask and number of harvested. Board p150 expects 0 units, but harvest mask indicates 2 units. (cluster_descriptor.cpp:1306)
2026-06-04 16:50:34.639 | info     |             UMD | Established cluster ETH FW version: 1.8.1 (topology_discovery_blackhole.cpp:295)
2026-06-04 16:50:34.639 | warning  |             UMD | Chip 1 has inconsistent Tensix harvesting information between harvest mask and number of harvested. Board p150 expects 0 units, but harvest mask indicates 2 units. (cluster_descriptor.cpp:1306)
2026-06-04 16:50:34.639 | warning  |             UMD | Chip 0 has inconsistent Tensix harvesting information between harvest mask and number of harvested. Board p150 expects 0 units, but harvest mask indicates 2 units. (cluster_descriptor.cpp:1306)
2026-06-04 16:50:34.757 | info     |             UMD | Harvesting mask for chip 1 is 0xc0 (NOC0: 0xc0, simulated harvesting mask: 0x0). (cluster.cpp:413)
2026-06-04 16:50:34.895 | info     |             UMD | Harvesting mask for chip 0 is 0xc0 (NOC0: 0xc0, simulated harvesting mask: 0x0). (cluster.cpp:413)
2026-06-04 16:50:34.964 | info     |             UMD | Opening local chip ids/PCIe ids: {0, 1}/[0, 1] and remote chip ids {} (cluster.cpp:257)
2026-06-04 16:50:34.964 | warning  |             UMD | Firmware version 19.6.0 on the system is newer than the maximum supported version 19.0.0 for blackhole architecture. New features may not be supported. (cluster.cpp:215)
2026-06-04 16:50:34.964 | info     |             UMD | All devices in cluster running firmware version: 19.6.0 (cluster.cpp:235)
2026-06-04 16:50:34.964 | info     |             UMD | IOMMU: disabled (cluster.cpp:177)
2026-06-04 16:50:34.964 | info     |             UMD | KMD version: 2.8.1 (cluster.cpp:180)
2026-06-04 16:50:34.967 | info     |             UMD | Pinning pages for Hugepage: virtual address 0x7f39c0000000 and size 0x40000000 pinned to physical address 0x2c0000000 (pci_device.cpp:536)
2026-06-04 16:50:34.968 | info     |             UMD | Pinning pages for Hugepage: virtual address 0x7f3980000000 and size 0x40000000 pinned to physical address 0x240000000 (pci_device.cpp:536)
2026-06-04 16:50:34.968 | info     |             UMD | Device: 0 Mapped iATU region 0 from 0x0 to 0x3fffffff to 0x2c0000000 (blackhole_tt_device.cpp:95)
2026-06-04 16:50:34.968 | info     |             UMD | Device: 0 Mapped iATU region 1 from 0x40000000 to 0x7fffffff to 0x240000000 (blackhole_tt_device.cpp:95)
2026-06-04 16:50:34.970 | info     |             UMD | Pinning pages for Hugepage: virtual address 0x7f4240000000 and size 0x40000000 pinned to physical address 0x300000000 (pci_device.cpp:536)
2026-06-04 16:50:34.971 | info     |             UMD | Pinning pages for Hugepage: virtual address 0x7f4200000000 and size 0x40000000 pinned to physical address 0x280000000 (pci_device.cpp:536)
2026-06-04 16:50:34.971 | info     |             UMD | Device: 1 Mapped iATU region 0 from 0x0 to 0x3fffffff to 0x300000000 (blackhole_tt_device.cpp:95)
2026-06-04 16:50:34.971 | info     |             UMD | Device: 1 Mapped iATU region 1 from 0x40000000 to 0x7fffffff to 0x280000000 (blackhole_tt_device.cpp:95)
collected 1 item

models/tt_transformers/demo/simple_text_demo.py::test_demo_text[blackhole-mesh_device0-device_params0-performance-batch-1] 2026-06-04 16:50:35.474 | DEBUG    | ttnn.device:__init__:150 - Using default dispatch core type for this system: DispatchCoreType.WORKER
2026-06-04 16:50:35.475 | DEBUG    | ttnn.device:__init__:152 - Using default dispatch core axis for this system: DispatchCoreAxis.COL
2026-06-04 16:50:35.476 | info     |          Fabric | TopologyMapper mapping start (mesh=0): n_log=2, n_phys=2, log_deg_hist={1:2}, phys_deg_hist={1:2} (topology_mapper.cpp:574)
2026-06-04 16:50:35.476 | info     |          Fabric | Fast-path path-graph mapping succeeded for mesh 0 (topology_mapper.cpp:777)
2026-06-04 16:50:37.136 | warning  |           Metal | Opening subset of mmio devices slows down UMD read/write to remote chips. If opening more devices, consider using CreateDevices API. (device_pool.cpp:303)
2026-06-04 16:50:37.162 | info     |           Metal | Profiler started on device 0 (device_pool.cpp:203)
2026-06-04 16:50:40.396 | DEBUG    | conftest:mesh_device:412 - multidevice with 1 devices is created
2026-06-04 16:50:40.404 | INFO     | models.tt_transformers.demo.simple_text_demo:test_demo_text:1008 - Start profiler
2026-06-04 16:50:40.405 | INFO     | models.tt_transformers.demo.simple_text_demo:test_demo_text:1012 - Reading inputs...
2026-06-04 16:50:40.411 | INFO     | models.tt_transformers.tt.model_config:__init__:501 - Inferring device name: P150
2026-06-04 16:50:40.412 | INFO     | models.tt_transformers.tt.model_config:__init__:571 - Checkpoint directory: meta-llama/Llama-3.1-8B-Instruct
2026-06-04 16:50:40.412 | INFO     | models.tt_transformers.tt.model_config:__init__:572 - Tokenizer file: meta-llama/Llama-3.1-8B-Instruct/tokenizer.model
2026-06-04 16:50:40.412 | INFO     | models.tt_transformers.tt.model_config:__init__:573 - Cache directory: model_cache/meta-llama/Llama-3.1-8B-Instruct/P150
2026-06-04 16:50:40.412 | INFO     | models.tt_transformers.tt.model_config:__init__:574 - Model name: Llama-3.1-8B-Instruct
2026-06-04 16:50:40.824 | INFO     | models.tt_transformers.tt.model_config:_set_params_from_dict:1605 - Model name from config: Llama-3.1-8B-Instruct
2026-06-04 16:50:40.824 | WARNING  | models.tt_transformers.tt.model_config:__init__:639 - Unknown model Llama-3.1-8B-Instruct on device P150, setting MAX_PREFILL_CHUNK_SIZE to 4 for compatibility
2026-06-04 16:50:40.825 | WARNING  | models.tt_transformers.tt.model_config:__init__:642 - Try setting MAX_PREFILL_CHUNK_SIZE to larger powers of 2 up to e.g. 128 for faster performance (if you run out of L1 memory it was too high)
2026-06-04 16:50:40.825 | INFO     | models.tt_transformers.tt.model_config:_precision_factory:3062 - Model Llama-3.1-8B-Instruct requires specific TensorPrecision and OpFidelity configuration, using /home/masterjunmo/codes/tt-metal/models/tt_transformers/model_params/Llama-3.1-8B-Instruct/performance_decoder_config.json
2026-06-04 16:50:40.827 | INFO     | models.tt_transformers.tt.model_config:create_tokenizer:2430 - Tokenizer path: meta-llama/Llama-3.1-8B-Instruct
2026-06-04 16:50:40.827 | INFO     | models.tt_transformers.tt.model_config:create_tokenizer:2431 - Model name: Llama-3.1-8B-Instruct
2026-06-04 16:50:40.827 | INFO     | models.tt_transformers.tt.model_config:create_tokenizer:2432 - Base model name: Llama-3.1-8B
2026-06-04 16:50:41.726 | INFO     | models.tt_transformers.tt.model_config:create_tokenizer:2440 - Successfully loaded tokenizer from meta-llama/Llama-3.1-8B-Instruct
2026-06-04 16:50:43.898 | INFO     | models.tt_transformers.tt.model_config:create_processor:2512 - Successfully loaded processor from meta-llama/Llama-3.1-8B-Instruct
2026-06-04 16:50:43.899 | INFO     | models.tt_transformers.tt.model_config:__init__:1375 - Attention grid: ttnn.CoreGrid(x=8, y=4)
2026-06-04 16:50:43.899 | INFO     | models.tt_transformers.tt.model_config:__init__:1376 - MLP grid: ttnn.CoreGrid(x=8, y=8)
2026-06-04 16:50:43.899 | INFO     | models.tt_transformers.tt.model_config:__init__:1377 - MLP prefill grids @ 32: w1/w3: (8, 8), w2: (8, 8)
2026-06-04 16:50:43.900 | INFO     | models.tt_transformers.tt.model_config:__init__:1378 - MLP prefill grids @ max_seq_len(2048): w1/w3: (8, 8), w2: (8, 8)
2026-06-04 16:50:43.900 | INFO     | models.tt_transformers.tt.model_config:__init__:1381 - LM head grid: ttnn.CoreGrid(x=8, y=8)
Loading checkpoint shards:   0%|          | 0/4 [00:00<?, ?it/s]Loading checkpoint shards: 100%|██████████| 4/4 [00:00<00:00, 96.64it/s]
2026-06-04 16:50:45.410 | DEBUG    | core:as_tensor:672 - Loaded cache for model_cache/meta-llama/Llama-3.1-8B-Instruct/P150/tensor_cache_instruct_bfp8/tok_embeddings.weight_dtype_BFLOAT16_layout_ROW_MAJOR.tensorbin of shape Shape([1, 1, 128256, 4096])
  0%|          | 0/32 [00:00<?, ?it/s]2026-06-04 16:50:45.441 | DEBUG    | core:as_tensor:672 - Loaded cache for model_cache/meta-llama/Llama-3.1-8B-Instruct/P150/tensor_cache_instruct_bfp8/layers.0.attention.wqkv_sharded_2d_dtype_BFLOAT8_B_layout_TILE.tensorbin of shape Shape([1, 1, 4096, 6144])
2026-06-04 16:50:45.446 | DEBUG    | core:as_tensor:672 - Loaded cache for model_cache/meta-llama/Llama-3.1-8B-Instruct/P150/tensor_cache_instruct_bfp8/layers.0.attention.wo_dtype_BFLOAT8_B_layout_TILE.tensorbin of shape Shape([1, 1, 4096, 4096])
2026-06-04 16:50:45.448 | DEBUG    | core:as_tensor:672 - Loaded cache for model_cache/meta-llama/Llama-3.1-8B-Instruct/P150/tensor_cache_instruct_bfp8/kvcache_torch.Size([1, 8, 2048, 128])_dtype_BFLOAT8_B_layout_TILE.tensorbin of shape Shape([1, 8, 2048, 128])
2026-06-04 16:50:45.449 | DEBUG    | core:as_tensor:672 - Loaded cache for model_cache/meta-llama/Llama-3.1-8B-Instruct/P150/tensor_cache_instruct_bfp8/kvcache_torch.Size([1, 8, 2048, 128])_dtype_BFLOAT8_B_layout_TILE.tensorbin of shape Shape([1, 8, 2048, 128])
2026-06-04 16:50:45.459 | DEBUG    | core:as_tensor:672 - Loaded cache for model_cache/meta-llama/Llama-3.1-8B-Instruct/P150/tensor_cache_instruct_bfp8/layers.0.feed_forward.w1_sharded_dtype_BFLOAT4_B_layout_TILE.tensorbin of shape Shape([4096, 14336])
2026-06-04 16:50:45.471 | DEBUG    | core:as_tensor:672 - Loaded cache for model_cache/meta-llama/Llama-3.1-8B-Instruct/P150/tensor_cache_instruct_bfp8/layers.0.feed_forward.w2_sharded_dtype_BFLOAT8_B_layout_TILE.tensorbin of shape Shape([14336, 4096])
2026-06-04 16:50:45.476 | DEBUG    | core:as_tensor:672 - Loaded cache for model_cache/meta-llama/Llama-3.1-8B-Instruct/P150/tensor_cache_instruct_bfp8/layers.0.feed_forward.w3_sharded_dtype_BFLOAT4_B_layout_TILE.tensorbin of shape Shape([4096, 14336])
2026-06-04 16:50:45.476 | DEBUG    | core:as_tensor:672 - Loaded cache for model_cache/meta-llama/Llama-3.1-8B-Instruct/P150/tensor_cache_instruct_bfp8/layers.0.attention_norm.weight_dtype_BFLOAT16_layout_ROW_MAJOR.tensorbin of shape Shape([1, 1, 128, 32])
2026-06-04 16:50:45.476 | DEBUG    | core:as_tensor:672 - Loaded cache for model_cache/meta-llama/Llama-3.1-8B-Instruct/P150/tensor_cache_instruct_bfp8/layers.0.attention_norm.weight_distributed_dtype_BFLOAT16_layout_ROW_MAJOR.tensorbin of shape Shape([1, 1, 128, 32])
2026-06-04 16:50:45.476 | DEBUG    | core:as_tensor:672 - Loaded cache for model_cache/meta-llama/Llama-3.1-8B-Instruct/P150/tensor_cache_instruct_bfp8/layers.0.ffn_norm.weight_dtype_BFLOAT16_layout_ROW_MAJOR.tensorbin of shape Shape([1, 1, 128, 32])
2026-06-04 16:50:45.476 | DEBUG    | core:as_tensor:672 - Loaded cache for model_cache/meta-llama/Llama-3.1-8B-Instruct/P150/tensor_cache_instruct_bfp8/layers.0.ffn_norm.weight_distributed_dtype_BFLOAT16_layout_ROW_MAJOR.tensorbin of shape Shape([1, 1, 128, 32])
2026-06-04 16:50:45.497 | DEBUG    | core:as_tensor:672 - Loaded cache for model_cache/meta-llama/Llama-3.1-8B-Instruct/P150/tensor_cache_instruct_bfp8/layers.1.attention.wqkv_sharded_2d_dtype_BFLOAT8_B_layout_TILE.tensorbin of shape Shape([1, 1, 4096, 6144])
2026-06-04 16:50:45.501 | DEBUG    | core:as_tensor:672 - Loaded cache for model_cache/meta-llama/Llama-3.1-8B-Instruct/P150/tensor_cache_instruct_bfp8/layers.1.attention.wo_dtype_BFLOAT8_B_layout_TILE.tensorbin of shape Shape([1, 1, 4096, 4096])
2026-06-04 16:50:45.503 | DEBUG    | core:as_tensor:672 - Loaded cache for model_cache/meta-llama/Llama-3.1-8B-Instruct/P150/tensor_cache_instruct_bfp8/kvcache_torch.Size([1, 8, 2048, 128])_dtype_BFLOAT8_B_layout_TILE.tensorbin of shape Shape([1, 8, 2048, 128])
2026-06-04 16:50:45.504 | DEBUG    | core:as_tensor:672 - Loaded cache for model_cache/meta-llama/Llama-3.1-8B-Instruct/P150/tensor_cache_instruct_bfp8/kvcache_torch.Size([1, 8, 2048, 128])_dtype_BFLOAT8_B_layout_TILE.tensorbin of shape Shape([1, 8, 2048, 128])
2026-06-04 16:50:45.513 | DEBUG    | core:as_tensor:672 - Loaded cache for model_cache/meta-llama/Llama-3.1-8B-Instruct/P150/tensor_cache_instruct_bfp8/layers.1.feed_forward.w1_sharded_dtype_BFLOAT4_B_layout_TILE.tensorbin of shape Shape([4096, 14336])
2026-06-04 16:50:45.521 | DEBUG    | core:as_tensor:672 - Loaded cache for model_cache/meta-llama/Llama-3.1-8B-Instruct/P150/tensor_cache_instruct_bfp8/layers.1.feed_forward.w2_sharded_dtype_BFLOAT8_B_layout_TILE.tensorbin of shape Shape([14336, 4096])
2026-06-04 16:50:45.526 | DEBUG    | core:as_tensor:672 - Loaded cache for model_cache/meta-llama/Llama-3.1-8B-Instruct/P150/tensor_cache_instruct_bfp8/layers.1.feed_forward.w3_sharded_dtype_BFLOAT4_B_layout_TILE.tensorbin of shape Shape([4096, 14336])
2026-06-04 16:50:45.526 | DEBUG    | core:as_tensor:672 - Loaded cache for model_cache/meta-llama/Llama-3.1-8B-Instruct/P150/tensor_cache_instruct_bfp8/layers.1.attention_norm.weight_dtype_BFLOAT16_layout_ROW_MAJOR.tensorbin of shape Shape([1, 1, 128, 32])
2026-06-04 16:50:45.526 | DEBUG    | core:as_tensor:672 - Loaded cache for model_cache/meta-llama/Llama-3.1-8B-Instruct/P150/tensor_cache_instruct_bfp8/layers.1.attention_norm.weight_distributed_dtype_BFLOAT16_layout_ROW_MAJOR.tensorbin of shape Shape([1, 1, 128, 32])
2026-06-04 16:50:45.526 | DEBUG    | core:as_tensor:672 - Loaded cache for model_cache/meta-llama/Llama-3.1-8B-Instruct/P150/tensor_cache_instruct_bfp8/layers.1.ffn_norm.weight_dtype_BFLOAT16_layout_ROW_MAJOR.tensorbin of shape Shape([1, 1, 128, 32])
2026-06-04 16:50:45.527 | DEBUG    | core:as_tensor:672 - Loaded cache for model_cache/meta-llama/Llama-3.1-8B-Instruct/P150/tensor_cache_instruct_bfp8/layers.1.ffn_norm.weight_distributed_dtype_BFLOAT16_layout_ROW_MAJOR.tensorbin of shape Shape([1, 1, 128, 32])
  6%|▋         | 2/32 [00:00<00:01, 18.29it/s]2026-06-04 16:50:45.633 | DEBUG    | core:as_tensor:672 - Loaded cache for model_cache/meta-llama/Llama-3.1-8B-Instruct/P150/tensor_cache_instruct_bfp8/layers.2.attention.wqkv_sharded_2d_dtype_BFLOAT8_B_layout_TILE.tensorbin of shape Shape([1, 1, 4096, 6144])
2026-06-04 16:50:45.693 | DEBUG    | core:as_tensor:672 - Loaded cache for model_cache/meta-llama/Llama-3.1-8B-Instruct/P150/tensor_cache_instruct_bfp8/layers.2.attention.wo_dtype_BFLOAT8_B_layout_TILE.tensorbin of shape Shape([1, 1, 4096, 4096])
2026-06-04 16:50:45.695 | DEBUG    | core:as_tensor:672 - Loaded cache for model_cache/meta-llama/Llama-3.1-8B-Instruct/P150/tensor_cache_instruct_bfp8/kvcache_torch.Size([1, 8, 2048, 128])_dtype_BFLOAT8_B_layout_TILE.tensorbin of shape Shape([1, 8, 2048, 128])
2026-06-04 16:50:45.696 | DEBUG    | core:as_tensor:672 - Loaded cache for model_cache/meta-llama/Llama-3.1-8B-Instruct/P150/tensor_cache_instruct_bfp8/kvcache_torch.Size([1, 8, 2048, 128])_dtype_BFLOAT8_B_layout_TILE.tensorbin of shape Shape([1, 8, 2048, 128])
2026-06-04 16:50:45.781 | DEBUG    | core:as_tensor:672 - Loaded cache for model_cache/meta-llama/Llama-3.1-8B-Instruct/P150/tensor_cache_instruct_bfp8/layers.2.feed_forward.w1_sharded_dtype_BFLOAT4_B_layout_TILE.tensorbin of shape Shape([4096, 14336])
2026-06-04 16:50:46.016 | DEBUG    | core:as_tensor:672 - Loaded cache for model_cache/meta-llama/Llama-3.1-8B-Instruct/P150/tensor_cache_instruct_bfp8/layers.2.feed_forward.w2_sharded_dtype_BFLOAT8_B_layout_TILE.tensorbin of shape Shape([14336, 4096])
2026-06-04 16:50:46.102 | DEBUG    | core:as_tensor:672 - Loaded cache for model_cache/meta-llama/Llama-3.1-8B-Instruct/P150/tensor_cache_instruct_bfp8/layers.2.feed_forward.w3_sharded_dtype_BFLOAT4_B_layout_TILE.tensorbin of shape Shape([4096, 14336])
2026-06-04 16:50:46.103 | DEBUG    | core:as_tensor:672 - Loaded cache for model_cache/meta-llama/Llama-3.1-8B-Instruct/P150/tensor_cache_instruct_bfp8/layers.2.attention_norm.weight_dtype_BFLOAT16_layout_ROW_MAJOR.tensorbin of shape Shape([1, 1, 128, 32])
2026-06-04 16:50:46.104 | DEBUG    | core:as_tensor:672 - Loaded cache for model_cache/meta-llama/Llama-3.1-8B-Instruct/P150/tensor_cache_instruct_bfp8/layers.2.attention_norm.weight_distributed_dtype_BFLOAT16_layout_ROW_MAJOR.tensorbin of shape Shape([1, 1, 128, 32])
2026-06-04 16:50:46.104 | DEBUG    | core:as_tensor:672 - Loaded cache for model_cache/meta-llama/Llama-3.1-8B-Instruct/P150/tensor_cache_instruct_bfp8/layers.2.ffn_norm.weight_dtype_BFLOAT16_layout_ROW_MAJOR.tensorbin of shape Shape([1, 1, 128, 32])
2026-06-04 16:50:46.104 | DEBUG    | core:as_tensor:672 - Loaded cache for model_cache/meta-llama/Llama-3.1-8B-Instruct/P150/tensor_cache_instruct_bfp8/layers.2.ffn_norm.weight_distributed_dtype_BFLOAT16_layout_ROW_MAJOR.tensorbin of shape Shape([1, 1, 128, 32])
2026-06-04 16:50:46.219 | DEBUG    | core:as_tensor:672 - Loaded cache for model_cache/meta-llama/Llama-3.1-8B-Instruct/P150/tensor_cache_instruct_bfp8/layers.3.attention.wqkv_sharded_2d_dtype_BFLOAT8_B_layout_TILE.tensorbin of shape Shape([1, 1, 4096, 6144])
2026-06-04 16:50:46.279 | DEBUG    | core:as_tensor:672 - Loaded cache for model_cache/meta-llama/Llama-3.1-8B-Instruct/P150/tensor_cache_instruct_bfp8/layers.3.attention.wo_dtype_BFLOAT8_B_layout_TILE.tensorbin of shape Shape([1, 1, 4096, 4096])
2026-06-04 16:50:46.282 | DEBUG    | core:as_tensor:672 - Loaded cache for model_cache/meta-llama/Llama-3.1-8B-Instruct/P150/tensor_cache_instruct_bfp8/kvcache_torch.Size([1, 8, 2048, 128])_dtype_BFLOAT8_B_layout_TILE.tensorbin of shape Shape([1, 8, 2048, 128])
2026-06-04 16:50:46.283 | DEBUG    | core:as_tensor:672 - Loaded cache for model_cache/meta-llama/Llama-3.1-8B-Instruct/P150/tensor_cache_instruct_bfp8/kvcache_torch.Size([1, 8, 2048, 128])_dtype_BFLOAT8_B_layout_TILE.tensorbin of shape Shape([1, 8, 2048, 128])
2026-06-04 16:50:46.379 | DEBUG    | core:as_tensor:672 - Loaded cache for model_cache/meta-llama/Llama-3.1-8B-Instruct/P150/tensor_cache_instruct_bfp8/layers.3.feed_forward.w1_sharded_dtype_BFLOAT4_B_layout_TILE.tensorbin of shape Shape([4096, 14336])
2026-06-04 16:50:46.605 | DEBUG    | core:as_tensor:672 - Loaded cache for model_cache/meta-llama/Llama-3.1-8B-Instruct/P150/tensor_cache_instruct_bfp8/layers.3.feed_forward.w2_sharded_dtype_BFLOAT8_B_layout_TILE.tensorbin of shape Shape([14336, 4096])
2026-06-04 16:50:46.691 | DEBUG    | core:as_tensor:672 - Loaded cache for model_cache/meta-llama/Llama-3.1-8B-Instruct/P150/tensor_cache_instruct_bfp8/layers.3.feed_forward.w3_sharded_dtype_BFLOAT4_B_layout_TILE.tensorbin of shape Shape([4096, 14336])
2026-06-04 16:50:46.692 | DEBUG    | core:as_tensor:672 - Loaded cache for model_cache/meta-llama/Llama-3.1-8B-Instruct/P150/tensor_cache_instruct_bfp8/layers.3.attention_norm.weight_dtype_BFLOAT16_layout_ROW_MAJOR.tensorbin of shape Shape([1, 1, 128, 32])
2026-06-04 16:50:46.693 | DEBUG    | core:as_tensor:672 - Loaded cache for model_cache/meta-llama/Llama-3.1-8B-Instruct/P150/tensor_cache_instruct_bfp8/layers.3.attention_norm.weight_distributed_dtype_BFLOAT16_layout_ROW_MAJOR.tensorbin of shape Shape([1, 1, 128, 32])
2026-06-04 16:50:46.693 | DEBUG    | core:as_tensor:672 - Loaded cache for model_cache/meta-llama/Llama-3.1-8B-Instruct/P150/tensor_cache_instruct_bfp8/layers.3.ffn_norm.weight_dtype_BFLOAT16_layout_ROW_MAJOR.tensorbin of shape Shape([1, 1, 128, 32])
2026-06-04 16:50:46.694 | DEBUG    | core:as_tensor:672 - Loaded cache for model_cache/meta-llama/Llama-3.1-8B-Instruct/P150/tensor_cache_instruct_bfp8/layers.3.ffn_norm.weight_distributed_dtype_BFLOAT16_layout_ROW_MAJOR.tensorbin of shape Shape([1, 1, 128, 32])
 12%|█▎        | 4/32 [00:01<00:10,  2.73it/s]2026-06-04 16:50:46.815 | DEBUG    | core:as_tensor:672 - Loaded cache for model_cache/meta-llama/Llama-3.1-8B-Instruct/P150/tensor_cache_instruct_bfp8/layers.4.attention.wqkv_sharded_2d_dtype_BFLOAT8_B_layout_TILE.tensorbin of shape Shape([1, 1, 4096, 6144])
2026-06-04 16:50:46.879 | DEBUG    | core:as_tensor:672 - Loaded cache for model_cache/meta-llama/Llama-3.1-8B-Instruct/P150/tensor_cache_instruct_bfp8/layers.4.attention.wo_dtype_BFLOAT8_B_layout_TILE.tensorbin of shape Shape([1, 1, 4096, 4096])
2026-06-04 16:50:46.883 | DEBUG    | core:as_tensor:672 - Loaded cache for model_cache/meta-llama/Llama-3.1-8B-Instruct/P150/tensor_cache_instruct_bfp8/kvcache_torch.Size([1, 8, 2048, 128])_dtype_BFLOAT8_B_layout_TILE.tensorbin of shape Shape([1, 8, 2048, 128])
2026-06-04 16:50:46.884 | DEBUG    | core:as_tensor:672 - Loaded cache for model_cache/meta-llama/Llama-3.1-8B-Instruct/P150/tensor_cache_instruct_bfp8/kvcache_torch.Size([1, 8, 2048, 128])_dtype_BFLOAT8_B_layout_TILE.tensorbin of shape Shape([1, 8, 2048, 128])
2026-06-04 16:50:46.979 | DEBUG    | core:as_tensor:672 - Loaded cache for model_cache/meta-llama/Llama-3.1-8B-Instruct/P150/tensor_cache_instruct_bfp8/layers.4.feed_forward.w1_sharded_dtype_BFLOAT4_B_layout_TILE.tensorbin of shape Shape([4096, 14336])
2026-06-04 16:50:47.213 | DEBUG    | core:as_tensor:672 - Loaded cache for model_cache/meta-llama/Llama-3.1-8B-Instruct/P150/tensor_cache_instruct_bfp8/layers.4.feed_forward.w2_sharded_dtype_BFLOAT8_B_layout_TILE.tensorbin of shape Shape([14336, 4096])
2026-06-04 16:50:47.300 | DEBUG    | core:as_tensor:672 - Loaded cache for model_cache/meta-llama/Llama-3.1-8B-Instruct/P150/tensor_cache_instruct_bfp8/layers.4.feed_forward.w3_sharded_dtype_BFLOAT4_B_layout_TILE.tensorbin of shape Shape([4096, 14336])
2026-06-04 16:50:47.301 | DEBUG    | core:as_tensor:672 - Loaded cache for model_cache/meta-llama/Llama-3.1-8B-Instruct/P150/tensor_cache_instruct_bfp8/layers.4.attention_norm.weight_dtype_BFLOAT16_layout_ROW_MAJOR.tensorbin of shape Shape([1, 1, 128, 32])
2026-06-04 16:50:47.302 | DEBUG    | core:as_tensor:672 - Loaded cache for model_cache/meta-llama/Llama-3.1-8B-Instruct/P150/tensor_cache_instruct_bfp8/layers.4.attention_norm.weight_distributed_dtype_BFLOAT16_layout_ROW_MAJOR.tensorbin of shape Shape([1, 1, 128, 32])
2026-06-04 16:50:47.303 | DEBUG    | core:as_tensor:672 - Loaded cache for model_cache/meta-llama/Llama-3.1-8B-Instruct/P150/tensor_cache_instruct_bfp8/layers.4.ffn_norm.weight_dtype_BFLOAT16_layout_ROW_MAJOR.tensorbin of shape Shape([1, 1, 128, 32])
2026-06-04 16:50:47.303 | DEBUG    | core:as_tensor:672 - Loaded cache for model_cache/meta-llama/Llama-3.1-8B-Instruct/P150/tensor_cache_instruct_bfp8/layers.4.ffn_norm.weight_distributed_dtype_BFLOAT16_layout_ROW_MAJOR.tensorbin of shape Shape([1, 1, 128, 32])
 16%|█▌        | 5/32 [00:01<00:11,  2.28it/s]2026-06-04 16:50:47.433 | DEBUG    | core:as_tensor:672 - Loaded cache for model_cache/meta-llama/Llama-3.1-8B-Instruct/P150/tensor_cache_instruct_bfp8/layers.5.attention.wqkv_sharded_2d_dtype_BFLOAT8_B_layout_TILE.tensorbin of shape Shape([1, 1, 4096, 6144])
2026-06-04 16:50:47.509 | DEBUG    | core:as_tensor:672 - Loaded cache for model_cache/meta-llama/Llama-3.1-8B-Instruct/P150/tensor_cache_instruct_bfp8/layers.5.attention.wo_dtype_BFLOAT8_B_layout_TILE.tensorbin of shape Shape([1, 1, 4096, 4096])
2026-06-04 16:50:47.512 | DEBUG    | core:as_tensor:672 - Loaded cache for model_cache/meta-llama/Llama-3.1-8B-Instruct/P150/tensor_cache_instruct_bfp8/kvcache_torch.Size([1, 8, 2048, 128])_dtype_BFLOAT8_B_layout_TILE.tensorbin of shape Shape([1, 8, 2048, 128])
2026-06-04 16:50:47.513 | DEBUG    | core:as_tensor:672 - Loaded cache for model_cache/meta-llama/Llama-3.1-8B-Instruct/P150/tensor_cache_instruct_bfp8/kvcache_torch.Size([1, 8, 2048, 128])_dtype_BFLOAT8_B_layout_TILE.tensorbin of shape Shape([1, 8, 2048, 128])
2026-06-04 16:50:47.618 | DEBUG    | core:as_tensor:672 - Loaded cache for model_cache/meta-llama/Llama-3.1-8B-Instruct/P150/tensor_cache_instruct_bfp8/layers.5.feed_forward.w1_sharded_dtype_BFLOAT4_B_layout_TILE.tensorbin of shape Shape([4096, 14336])
2026-06-04 16:50:47.876 | DEBUG    | core:as_tensor:672 - Loaded cache for model_cache/meta-llama/Llama-3.1-8B-Instruct/P150/tensor_cache_instruct_bfp8/layers.5.feed_forward.w2_sharded_dtype_BFLOAT8_B_layout_TILE.tensorbin of shape Shape([14336, 4096])
2026-06-04 16:50:47.977 | DEBUG    | core:as_tensor:672 - Loaded cache for model_cache/meta-llama/Llama-3.1-8B-Instruct/P150/tensor_cache_instruct_bfp8/layers.5.feed_forward.w3_sharded_dtype_BFLOAT4_B_layout_TILE.tensorbin of shape Shape([4096, 14336])
2026-06-04 16:50:47.978 | DEBUG    | core:as_tensor:672 - Loaded cache for model_cache/meta-llama/Llama-3.1-8B-Instruct/P150/tensor_cache_instruct_bfp8/layers.5.attention_norm.weight_dtype_BFLOAT16_layout_ROW_MAJOR.tensorbin of shape Shape([1, 1, 128, 32])
2026-06-04 16:50:47.978 | DEBUG    | core:as_tensor:672 - Loaded cache for model_cache/meta-llama/Llama-3.1-8B-Instruct/P150/tensor_cache_instruct_bfp8/layers.5.attention_norm.weight_distributed_dtype_BFLOAT16_layout_ROW_MAJOR.tensorbin of shape Shape([1, 1, 128, 32])
2026-06-04 16:50:47.979 | DEBUG    | core:as_tensor:672 - Loaded cache for model_cache/meta-llama/Llama-3.1-8B-Instruct/P150/tensor_cache_instruct_bfp8/layers.5.ffn_norm.weight_dtype_BFLOAT16_layout_ROW_MAJOR.tensorbin of shape Shape([1, 1, 128, 32])
2026-06-04 16:50:47.979 | DEBUG    | core:as_tensor:672 - Loaded cache for model_cache/meta-llama/Llama-3.1-8B-Instruct/P150/tensor_cache_instruct_bfp8/layers.5.ffn_norm.weight_distributed_dtype_BFLOAT16_layout_ROW_MAJOR.tensorbin of shape Shape([1, 1, 128, 32])
 19%|█▉        | 6/32 [00:02<00:13,  1.97it/s]2026-06-04 16:50:48.106 | DEBUG    | core:as_tensor:672 - Loaded cache for model_cache/meta-llama/Llama-3.1-8B-Instruct/P150/tensor_cache_instruct_bfp8/layers.6.attention.wqkv_sharded_2d_dtype_BFLOAT8_B_layout_TILE.tensorbin of shape Shape([1, 1, 4096, 6144])
2026-06-04 16:50:48.170 | DEBUG    | core:as_tensor:672 - Loaded cache for model_cache/meta-llama/Llama-3.1-8B-Instruct/P150/tensor_cache_instruct_bfp8/layers.6.attention.wo_dtype_BFLOAT8_B_layout_TILE.tensorbin of shape Shape([1, 1, 4096, 4096])
2026-06-04 16:50:48.174 | DEBUG    | core:as_tensor:672 - Loaded cache for model_cache/meta-llama/Llama-3.1-8B-Instruct/P150/tensor_cache_instruct_bfp8/kvcache_torch.Size([1, 8, 2048, 128])_dtype_BFLOAT8_B_layout_TILE.tensorbin of shape Shape([1, 8, 2048, 128])
2026-06-04 16:50:48.175 | DEBUG    | core:as_tensor:672 - Loaded cache for model_cache/meta-llama/Llama-3.1-8B-Instruct/P150/tensor_cache_instruct_bfp8/kvcache_torch.Size([1, 8, 2048, 128])_dtype_BFLOAT8_B_layout_TILE.tensorbin of shape Shape([1, 8, 2048, 128])
2026-06-04 16:50:48.282 | DEBUG    | core:as_tensor:672 - Loaded cache for model_cache/meta-llama/Llama-3.1-8B-Instruct/P150/tensor_cache_instruct_bfp8/layers.6.feed_forward.w1_sharded_dtype_BFLOAT4_B_layout_TILE.tensorbin of shape Shape([4096, 14336])
2026-06-04 16:50:48.537 | DEBUG    | core:as_tensor:672 - Loaded cache for model_cache/meta-llama/Llama-3.1-8B-Instruct/P150/tensor_cache_instruct_bfp8/layers.6.feed_forward.w2_sharded_dtype_BFLOAT8_B_layout_TILE.tensorbin of shape Shape([14336, 4096])
2026-06-04 16:50:48.573 | DEBUG    | core:as_tensor:672 - Loaded cache for model_cache/meta-llama/Llama-3.1-8B-Instruct/P150/tensor_cache_instruct_bfp8/layers.6.feed_forward.w3_sharded_dtype_BFLOAT4_B_layout_TILE.tensorbin of shape Shape([4096, 14336])
2026-06-04 16:50:48.574 | DEBUG    | core:as_tensor:672 - Loaded cache for model_cache/meta-llama/Llama-3.1-8B-Instruct/P150/tensor_cache_instruct_bfp8/layers.6.attention_norm.weight_dtype_BFLOAT16_layout_ROW_MAJOR.tensorbin of shape Shape([1, 1, 128, 32])
2026-06-04 16:50:48.574 | DEBUG    | core:as_tensor:672 - Loaded cache for model_cache/meta-llama/Llama-3.1-8B-Instruct/P150/tensor_cache_instruct_bfp8/layers.6.attention_norm.weight_distributed_dtype_BFLOAT16_layout_ROW_MAJOR.tensorbin of shape Shape([1, 1, 128, 32])
2026-06-04 16:50:48.574 | DEBUG    | core:as_tensor:672 - Loaded cache for model_cache/meta-llama/Llama-3.1-8B-Instruct/P150/tensor_cache_instruct_bfp8/layers.6.ffn_norm.weight_dtype_BFLOAT16_layout_ROW_MAJOR.tensorbin of shape Shape([1, 1, 128, 32])
2026-06-04 16:50:48.575 | DEBUG    | core:as_tensor:672 - Loaded cache for model_cache/meta-llama/Llama-3.1-8B-Instruct/P150/tensor_cache_instruct_bfp8/layers.6.ffn_norm.weight_distributed_dtype_BFLOAT16_layout_ROW_MAJOR.tensorbin of shape Shape([1, 1, 128, 32])
 22%|██▏       | 7/32 [00:03<00:13,  1.87it/s]2026-06-04 16:50:48.607 | DEBUG    | core:as_tensor:672 - Loaded cache for model_cache/meta-llama/Llama-3.1-8B-Instruct/P150/tensor_cache_instruct_bfp8/layers.7.attention.wqkv_sharded_2d_dtype_BFLOAT8_B_layout_TILE.tensorbin of shape Shape([1, 1, 4096, 6144])
2026-06-04 16:50:48.613 | DEBUG    | core:as_tensor:672 - Loaded cache for model_cache/meta-llama/Llama-3.1-8B-Instruct/P150/tensor_cache_instruct_bfp8/layers.7.attention.wo_dtype_BFLOAT8_B_layout_TILE.tensorbin of shape Shape([1, 1, 4096, 4096])
2026-06-04 16:50:48.616 | DEBUG    | core:as_tensor:672 - Loaded cache for model_cache/meta-llama/Llama-3.1-8B-Instruct/P150/tensor_cache_instruct_bfp8/kvcache_torch.Size([1, 8, 2048, 128])_dtype_BFLOAT8_B_layout_TILE.tensorbin of shape Shape([1, 8, 2048, 128])
2026-06-04 16:50:48.617 | DEBUG    | core:as_tensor:672 - Loaded cache for model_cache/meta-llama/Llama-3.1-8B-Instruct/P150/tensor_cache_instruct_bfp8/kvcache_torch.Size([1, 8, 2048, 128])_dtype_BFLOAT8_B_layout_TILE.tensorbin of shape Shape([1, 8, 2048, 128])
2026-06-04 16:50:48.632 | DEBUG    | core:as_tensor:672 - Loaded cache for model_cache/meta-llama/Llama-3.1-8B-Instruct/P150/tensor_cache_instruct_bfp8/layers.7.feed_forward.w1_sharded_dtype_BFLOAT4_B_layout_TILE.tensorbin of shape Shape([4096, 14336])
2026-06-04 16:50:48.649 | DEBUG    | core:as_tensor:672 - Loaded cache for model_cache/meta-llama/Llama-3.1-8B-Instruct/P150/tensor_cache_instruct_bfp8/layers.7.feed_forward.w2_sharded_dtype_BFLOAT8_B_layout_TILE.tensorbin of shape Shape([14336, 4096])
2026-06-04 16:50:48.659 | DEBUG    | core:as_tensor:672 - Loaded cache for model_cache/meta-llama/Llama-3.1-8B-Instruct/P150/tensor_cache_instruct_bfp8/layers.7.feed_forward.w3_sharded_dtype_BFLOAT4_B_layout_TILE.tensorbin of shape Shape([4096, 14336])
2026-06-04 16:50:48.659 | DEBUG    | core:as_tensor:672 - Loaded cache for model_cache/meta-llama/Llama-3.1-8B-Instruct/P150/tensor_cache_instruct_bfp8/layers.7.attention_norm.weight_dtype_BFLOAT16_layout_ROW_MAJOR.tensorbin of shape Shape([1, 1, 128, 32])
2026-06-04 16:50:48.660 | DEBUG    | core:as_tensor:672 - Loaded cache for model_cache/meta-llama/Llama-3.1-8B-Instruct/P150/tensor_cache_instruct_bfp8/layers.7.attention_norm.weight_distributed_dtype_BFLOAT16_layout_ROW_MAJOR.tensorbin of shape Shape([1, 1, 128, 32])
2026-06-04 16:50:48.660 | DEBUG    | core:as_tensor:672 - Loaded cache for model_cache/meta-llama/Llama-3.1-8B-Instruct/P150/tensor_cache_instruct_bfp8/layers.7.ffn_norm.weight_dtype_BFLOAT16_layout_ROW_MAJOR.tensorbin of shape Shape([1, 1, 128, 32])
2026-06-04 16:50:48.660 | DEBUG    | core:as_tensor:672 - Loaded cache for model_cache/meta-llama/Llama-3.1-8B-Instruct/P150/tensor_cache_instruct_bfp8/layers.7.ffn_norm.weight_distributed_dtype_BFLOAT16_layout_ROW_MAJOR.tensorbin of shape Shape([1, 1, 128, 32])
2026-06-04 16:50:48.689 | DEBUG    | core:as_tensor:672 - Loaded cache for model_cache/meta-llama/Llama-3.1-8B-Instruct/P150/tensor_cache_instruct_bfp8/layers.8.attention.wqkv_sharded_2d_dtype_BFLOAT8_B_layout_TILE.tensorbin of shape Shape([1, 1, 4096, 6144])
2026-06-04 16:50:48.695 | DEBUG    | core:as_tensor:672 - Loaded cache for model_cache/meta-llama/Llama-3.1-8B-Instruct/P150/tensor_cache_instruct_bfp8/layers.8.attention.wo_dtype_BFLOAT8_B_layout_TILE.tensorbin of shape Shape([1, 1, 4096, 4096])
2026-06-04 16:50:48.697 | DEBUG    | core:as_tensor:672 - Loaded cache for model_cache/meta-llama/Llama-3.1-8B-Instruct/P150/tensor_cache_instruct_bfp8/kvcache_torch.Size([1, 8, 2048, 128])_dtype_BFLOAT8_B_layout_TILE.tensorbin of shape Shape([1, 8, 2048, 128])
2026-06-04 16:50:48.698 | DEBUG    | core:as_tensor:672 - Loaded cache for model_cache/meta-llama/Llama-3.1-8B-Instruct/P150/tensor_cache_instruct_bfp8/kvcache_torch.Size([1, 8, 2048, 128])_dtype_BFLOAT8_B_layout_TILE.tensorbin of shape Shape([1, 8, 2048, 128])
2026-06-04 16:50:48.713 | DEBUG    | core:as_tensor:672 - Loaded cache for model_cache/meta-llama/Llama-3.1-8B-Instruct/P150/tensor_cache_instruct_bfp8/layers.8.feed_forward.w1_sharded_dtype_BFLOAT4_B_layout_TILE.tensorbin of shape Shape([4096, 14336])
2026-06-04 16:50:48.729 | DEBUG    | core:as_tensor:672 - Loaded cache for model_cache/meta-llama/Llama-3.1-8B-Instruct/P150/tensor_cache_instruct_bfp8/layers.8.feed_forward.w2_sharded_dtype_BFLOAT8_B_layout_TILE.tensorbin of shape Shape([14336, 4096])
2026-06-04 16:50:48.738 | DEBUG    | core:as_tensor:672 - Loaded cache for model_cache/meta-llama/Llama-3.1-8B-Instruct/P150/tensor_cache_instruct_bfp8/layers.8.feed_forward.w3_sharded_dtype_BFLOAT4_B_layout_TILE.tensorbin of shape Shape([4096, 14336])
2026-06-04 16:50:48.738 | DEBUG    | core:as_tensor:672 - Loaded cache for model_cache/meta-llama/Llama-3.1-8B-Instruct/P150/tensor_cache_instruct_bfp8/layers.8.attention_norm.weight_dtype_BFLOAT16_layout_ROW_MAJOR.tensorbin of shape Shape([1, 1, 128, 32])
2026-06-04 16:50:48.738 | DEBUG    | core:as_tensor:672 - Loaded cache for model_cache/meta-llama/Llama-3.1-8B-Instruct/P150/tensor_cache_instruct_bfp8/layers.8.attention_norm.weight_distributed_dtype_BFLOAT16_layout_ROW_MAJOR.tensorbin of shape Shape([1, 1, 128, 32])
2026-06-04 16:50:48.739 | DEBUG    | core:as_tensor:672 - Loaded cache for model_cache/meta-llama/Llama-3.1-8B-Instruct/P150/tensor_cache_instruct_bfp8/layers.8.ffn_norm.weight_dtype_BFLOAT16_layout_ROW_MAJOR.tensorbin of shape Shape([1, 1, 128, 32])
2026-06-04 16:50:48.739 | DEBUG    | core:as_tensor:672 - Loaded cache for model_cache/meta-llama/Llama-3.1-8B-Instruct/P150/tensor_cache_instruct_bfp8/layers.8.ffn_norm.weight_distributed_dtype_BFLOAT16_layout_ROW_MAJOR.tensorbin of shape Shape([1, 1, 128, 32])
 28%|██▊       | 9/32 [00:03<00:07,  3.06it/s]2026-06-04 16:50:48.767 | DEBUG    | core:as_tensor:672 - Loaded cache for model_cache/meta-llama/Llama-3.1-8B-Instruct/P150/tensor_cache_instruct_bfp8/layers.9.attention.wqkv_sharded_2d_dtype_BFLOAT8_B_layout_TILE.tensorbin of shape Shape([1, 1, 4096, 6144])
2026-06-04 16:50:48.772 | DEBUG    | core:as_tensor:672 - Loaded cache for model_cache/meta-llama/Llama-3.1-8B-Instruct/P150/tensor_cache_instruct_bfp8/layers.9.attention.wo_dtype_BFLOAT8_B_layout_TILE.tensorbin of shape Shape([1, 1, 4096, 4096])
2026-06-04 16:50:48.775 | DEBUG    | core:as_tensor:672 - Loaded cache for model_cache/meta-llama/Llama-3.1-8B-Instruct/P150/tensor_cache_instruct_bfp8/kvcache_torch.Size([1, 8, 2048, 128])_dtype_BFLOAT8_B_layout_TILE.tensorbin of shape Shape([1, 8, 2048, 128])
2026-06-04 16:50:48.776 | DEBUG    | core:as_tensor:672 - Loaded cache for model_cache/meta-llama/Llama-3.1-8B-Instruct/P150/tensor_cache_instruct_bfp8/kvcache_torch.Size([1, 8, 2048, 128])_dtype_BFLOAT8_B_layout_TILE.tensorbin of shape Shape([1, 8, 2048, 128])
2026-06-04 16:50:48.792 | DEBUG    | core:as_tensor:672 - Loaded cache for model_cache/meta-llama/Llama-3.1-8B-Instruct/P150/tensor_cache_instruct_bfp8/layers.9.feed_forward.w1_sharded_dtype_BFLOAT4_B_layout_TILE.tensorbin of shape Shape([4096, 14336])
2026-06-04 16:50:48.807 | DEBUG    | core:as_tensor:672 - Loaded cache for model_cache/meta-llama/Llama-3.1-8B-Instruct/P150/tensor_cache_instruct_bfp8/layers.9.feed_forward.w2_sharded_dtype_BFLOAT8_B_layout_TILE.tensorbin of shape Shape([14336, 4096])
2026-06-04 16:50:48.815 | DEBUG    | core:as_tensor:672 - Loaded cache for model_cache/meta-llama/Llama-3.1-8B-Instruct/P150/tensor_cache_instruct_bfp8/layers.9.feed_forward.w3_sharded_dtype_BFLOAT4_B_layout_TILE.tensorbin of shape Shape([4096, 14336])
2026-06-04 16:50:48.815 | DEBUG    | core:as_tensor:672 - Loaded cache for model_cache/meta-llama/Llama-3.1-8B-Instruct/P150/tensor_cache_instruct_bfp8/layers.9.attention_norm.weight_dtype_BFLOAT16_layout_ROW_MAJOR.tensorbin of shape Shape([1, 1, 128, 32])
2026-06-04 16:50:48.816 | DEBUG    | core:as_tensor:672 - Loaded cache for model_cache/meta-llama/Llama-3.1-8B-Instruct/P150/tensor_cache_instruct_bfp8/layers.9.attention_norm.weight_distributed_dtype_BFLOAT16_layout_ROW_MAJOR.tensorbin of shape Shape([1, 1, 128, 32])
2026-06-04 16:50:48.816 | DEBUG    | core:as_tensor:672 - Loaded cache for model_cache/meta-llama/Llama-3.1-8B-Instruct/P150/tensor_cache_instruct_bfp8/layers.9.ffn_norm.weight_dtype_BFLOAT16_layout_ROW_MAJOR.tensorbin of shape Shape([1, 1, 128, 32])
2026-06-04 16:50:48.816 | DEBUG    | core:as_tensor:672 - Loaded cache for model_cache/meta-llama/Llama-3.1-8B-Instruct/P150/tensor_cache_instruct_bfp8/layers.9.ffn_norm.weight_distributed_dtype_BFLOAT16_layout_ROW_MAJOR.tensorbin of shape Shape([1, 1, 128, 32])
2026-06-04 16:50:48.840 | DEBUG    | core:as_tensor:672 - Loaded cache for model_cache/meta-llama/Llama-3.1-8B-Instruct/P150/tensor_cache_instruct_bfp8/layers.10.attention.wqkv_sharded_2d_dtype_BFLOAT8_B_layout_TILE.tensorbin of shape Shape([1, 1, 4096, 6144])
2026-06-04 16:50:48.845 | DEBUG    | core:as_tensor:672 - Loaded cache for model_cache/meta-llama/Llama-3.1-8B-Instruct/P150/tensor_cache_instruct_bfp8/layers.10.attention.wo_dtype_BFLOAT8_B_layout_TILE.tensorbin of shape Shape([1, 1, 4096, 4096])
2026-06-04 16:50:48.847 | DEBUG    | core:as_tensor:672 - Loaded cache for model_cache/meta-llama/Llama-3.1-8B-Instruct/P150/tensor_cache_instruct_bfp8/kvcache_torch.Size([1, 8, 2048, 128])_dtype_BFLOAT8_B_layout_TILE.tensorbin of shape Shape([1, 8, 2048, 128])
2026-06-04 16:50:48.848 | DEBUG    | core:as_tensor:672 - Loaded cache for model_cache/meta-llama/Llama-3.1-8B-Instruct/P150/tensor_cache_instruct_bfp8/kvcache_torch.Size([1, 8, 2048, 128])_dtype_BFLOAT8_B_layout_TILE.tensorbin of shape Shape([1, 8, 2048, 128])
2026-06-04 16:50:48.861 | DEBUG    | core:as_tensor:672 - Loaded cache for model_cache/meta-llama/Llama-3.1-8B-Instruct/P150/tensor_cache_instruct_bfp8/layers.10.feed_forward.w1_sharded_dtype_BFLOAT4_B_layout_TILE.tensorbin of shape Shape([4096, 14336])
2026-06-04 16:50:48.875 | DEBUG    | core:as_tensor:672 - Loaded cache for model_cache/meta-llama/Llama-3.1-8B-Instruct/P150/tensor_cache_instruct_bfp8/layers.10.feed_forward.w2_sharded_dtype_BFLOAT8_B_layout_TILE.tensorbin of shape Shape([14336, 4096])
2026-06-04 16:50:48.883 | DEBUG    | core:as_tensor:672 - Loaded cache for model_cache/meta-llama/Llama-3.1-8B-Instruct/P150/tensor_cache_instruct_bfp8/layers.10.feed_forward.w3_sharded_dtype_BFLOAT4_B_layout_TILE.tensorbin of shape Shape([4096, 14336])
2026-06-04 16:50:48.884 | DEBUG    | core:as_tensor:672 - Loaded cache for model_cache/meta-llama/Llama-3.1-8B-Instruct/P150/tensor_cache_instruct_bfp8/layers.10.attention_norm.weight_dtype_BFLOAT16_layout_ROW_MAJOR.tensorbin of shape Shape([1, 1, 128, 32])
2026-06-04 16:50:48.884 | DEBUG    | core:as_tensor:672 - Loaded cache for model_cache/meta-llama/Llama-3.1-8B-Instruct/P150/tensor_cache_instruct_bfp8/layers.10.attention_norm.weight_distributed_dtype_BFLOAT16_layout_ROW_MAJOR.tensorbin of shape Shape([1, 1, 128, 32])
2026-06-04 16:50:48.884 | DEBUG    | core:as_tensor:672 - Loaded cache for model_cache/meta-llama/Llama-3.1-8B-Instruct/P150/tensor_cache_instruct_bfp8/layers.10.ffn_norm.weight_dtype_BFLOAT16_layout_ROW_MAJOR.tensorbin of shape Shape([1, 1, 128, 32])
2026-06-04 16:50:48.885 | DEBUG    | core:as_tensor:672 - Loaded cache for model_cache/meta-llama/Llama-3.1-8B-Instruct/P150/tensor_cache_instruct_bfp8/layers.10.ffn_norm.weight_distributed_dtype_BFLOAT16_layout_ROW_MAJOR.tensorbin of shape Shape([1, 1, 128, 32])
 34%|███▍      | 11/32 [00:03<00:04,  4.43it/s]2026-06-04 16:50:48.914 | DEBUG    | core:as_tensor:672 - Loaded cache for model_cache/meta-llama/Llama-3.1-8B-Instruct/P150/tensor_cache_instruct_bfp8/layers.11.attention.wqkv_sharded_2d_dtype_BFLOAT8_B_layout_TILE.tensorbin of shape Shape([1, 1, 4096, 6144])
2026-06-04 16:50:48.919 | DEBUG    | core:as_tensor:672 - Loaded cache for model_cache/meta-llama/Llama-3.1-8B-Instruct/P150/tensor_cache_instruct_bfp8/layers.11.attention.wo_dtype_BFLOAT8_B_layout_TILE.tensorbin of shape Shape([1, 1, 4096, 4096])
2026-06-04 16:50:48.923 | DEBUG    | core:as_tensor:672 - Loaded cache for model_cache/meta-llama/Llama-3.1-8B-Instruct/P150/tensor_cache_instruct_bfp8/kvcache_torch.Size([1, 8, 2048, 128])_dtype_BFLOAT8_B_layout_TILE.tensorbin of shape Shape([1, 8, 2048, 128])
2026-06-04 16:50:48.924 | DEBUG    | core:as_tensor:672 - Loaded cache for model_cache/meta-llama/Llama-3.1-8B-Instruct/P150/tensor_cache_instruct_bfp8/kvcache_torch.Size([1, 8, 2048, 128])_dtype_BFLOAT8_B_layout_TILE.tensorbin of shape Shape([1, 8, 2048, 128])
2026-06-04 16:50:48.938 | DEBUG    | core:as_tensor:672 - Loaded cache for model_cache/meta-llama/Llama-3.1-8B-Instruct/P150/tensor_cache_instruct_bfp8/layers.11.feed_forward.w1_sharded_dtype_BFLOAT4_B_layout_TILE.tensorbin of shape Shape([4096, 14336])
2026-06-04 16:50:48.952 | DEBUG    | core:as_tensor:672 - Loaded cache for model_cache/meta-llama/Llama-3.1-8B-Instruct/P150/tensor_cache_instruct_bfp8/layers.11.feed_forward.w2_sharded_dtype_BFLOAT8_B_layout_TILE.tensorbin of shape Shape([14336, 4096])
2026-06-04 16:50:48.960 | DEBUG    | core:as_tensor:672 - Loaded cache for model_cache/meta-llama/Llama-3.1-8B-Instruct/P150/tensor_cache_instruct_bfp8/layers.11.feed_forward.w3_sharded_dtype_BFLOAT4_B_layout_TILE.tensorbin of shape Shape([4096, 14336])
2026-06-04 16:50:48.960 | DEBUG    | core:as_tensor:672 - Loaded cache for model_cache/meta-llama/Llama-3.1-8B-Instruct/P150/tensor_cache_instruct_bfp8/layers.11.attention_norm.weight_dtype_BFLOAT16_layout_ROW_MAJOR.tensorbin of shape Shape([1, 1, 128, 32])
2026-06-04 16:50:48.961 | DEBUG    | core:as_tensor:672 - Loaded cache for model_cache/meta-llama/Llama-3.1-8B-Instruct/P150/tensor_cache_instruct_bfp8/layers.11.attention_norm.weight_distributed_dtype_BFLOAT16_layout_ROW_MAJOR.tensorbin of shape Shape([1, 1, 128, 32])
2026-06-04 16:50:48.961 | DEBUG    | core:as_tensor:672 - Loaded cache for model_cache/meta-llama/Llama-3.1-8B-Instruct/P150/tensor_cache_instruct_bfp8/layers.11.ffn_norm.weight_dtype_BFLOAT16_layout_ROW_MAJOR.tensorbin of shape Shape([1, 1, 128, 32])
2026-06-04 16:50:48.961 | DEBUG    | core:as_tensor:672 - Loaded cache for model_cache/meta-llama/Llama-3.1-8B-Instruct/P150/tensor_cache_instruct_bfp8/layers.11.ffn_norm.weight_distributed_dtype_BFLOAT16_layout_ROW_MAJOR.tensorbin of shape Shape([1, 1, 128, 32])
2026-06-04 16:50:48.987 | DEBUG    | core:as_tensor:672 - Loaded cache for model_cache/meta-llama/Llama-3.1-8B-Instruct/P150/tensor_cache_instruct_bfp8/layers.12.attention.wqkv_sharded_2d_dtype_BFLOAT8_B_layout_TILE.tensorbin of shape Shape([1, 1, 4096, 6144])
2026-06-04 16:50:48.992 | DEBUG    | core:as_tensor:672 - Loaded cache for model_cache/meta-llama/Llama-3.1-8B-Instruct/P150/tensor_cache_instruct_bfp8/layers.12.attention.wo_dtype_BFLOAT8_B_layout_TILE.tensorbin of shape Shape([1, 1, 4096, 4096])
2026-06-04 16:50:48.994 | DEBUG    | core:as_tensor:672 - Loaded cache for model_cache/meta-llama/Llama-3.1-8B-Instruct/P150/tensor_cache_instruct_bfp8/kvcache_torch.Size([1, 8, 2048, 128])_dtype_BFLOAT8_B_layout_TILE.tensorbin of shape Shape([1, 8, 2048, 128])
2026-06-04 16:50:48.995 | DEBUG    | core:as_tensor:672 - Loaded cache for model_cache/meta-llama/Llama-3.1-8B-Instruct/P150/tensor_cache_instruct_bfp8/kvcache_torch.Size([1, 8, 2048, 128])_dtype_BFLOAT8_B_layout_TILE.tensorbin of shape Shape([1, 8, 2048, 128])
2026-06-04 16:50:49.008 | DEBUG    | core:as_tensor:672 - Loaded cache for model_cache/meta-llama/Llama-3.1-8B-Instruct/P150/tensor_cache_instruct_bfp8/layers.12.feed_forward.w1_sharded_dtype_BFLOAT4_B_layout_TILE.tensorbin of shape Shape([4096, 14336])
2026-06-04 16:50:49.022 | DEBUG    | core:as_tensor:672 - Loaded cache for model_cache/meta-llama/Llama-3.1-8B-Instruct/P150/tensor_cache_instruct_bfp8/layers.12.feed_forward.w2_sharded_dtype_BFLOAT8_B_layout_TILE.tensorbin of shape Shape([14336, 4096])
2026-06-04 16:50:49.030 | DEBUG    | core:as_tensor:672 - Loaded cache for model_cache/meta-llama/Llama-3.1-8B-Instruct/P150/tensor_cache_instruct_bfp8/layers.12.feed_forward.w3_sharded_dtype_BFLOAT4_B_layout_TILE.tensorbin of shape Shape([4096, 14336])
2026-06-04 16:50:49.030 | DEBUG    | core:as_tensor:672 - Loaded cache for model_cache/meta-llama/Llama-3.1-8B-Instruct/P150/tensor_cache_instruct_bfp8/layers.12.attention_norm.weight_dtype_BFLOAT16_layout_ROW_MAJOR.tensorbin of shape Shape([1, 1, 128, 32])
2026-06-04 16:50:49.030 | DEBUG    | core:as_tensor:672 - Loaded cache for model_cache/meta-llama/Llama-3.1-8B-Instruct/P150/tensor_cache_instruct_bfp8/layers.12.attention_norm.weight_distributed_dtype_BFLOAT16_layout_ROW_MAJOR.tensorbin of shape Shape([1, 1, 128, 32])
2026-06-04 16:50:49.031 | DEBUG    | core:as_tensor:672 - Loaded cache for model_cache/meta-llama/Llama-3.1-8B-Instruct/P150/tensor_cache_instruct_bfp8/layers.12.ffn_norm.weight_dtype_BFLOAT16_layout_ROW_MAJOR.tensorbin of shape Shape([1, 1, 128, 32])
2026-06-04 16:50:49.031 | DEBUG    | core:as_tensor:672 - Loaded cache for model_cache/meta-llama/Llama-3.1-8B-Instruct/P150/tensor_cache_instruct_bfp8/layers.12.ffn_norm.weight_distributed_dtype_BFLOAT16_layout_ROW_MAJOR.tensorbin of shape Shape([1, 1, 128, 32])
 41%|████      | 13/32 [00:03<00:03,  5.86it/s]2026-06-04 16:50:49.059 | DEBUG    | core:as_tensor:672 - Loaded cache for model_cache/meta-llama/Llama-3.1-8B-Instruct/P150/tensor_cache_instruct_bfp8/layers.13.attention.wqkv_sharded_2d_dtype_BFLOAT8_B_layout_TILE.tensorbin of shape Shape([1, 1, 4096, 6144])
2026-06-04 16:50:49.065 | DEBUG    | core:as_tensor:672 - Loaded cache for model_cache/meta-llama/Llama-3.1-8B-Instruct/P150/tensor_cache_instruct_bfp8/layers.13.attention.wo_dtype_BFLOAT8_B_layout_TILE.tensorbin of shape Shape([1, 1, 4096, 4096])
2026-06-04 16:50:49.067 | DEBUG    | core:as_tensor:672 - Loaded cache for model_cache/meta-llama/Llama-3.1-8B-Instruct/P150/tensor_cache_instruct_bfp8/kvcache_torch.Size([1, 8, 2048, 128])_dtype_BFLOAT8_B_layout_TILE.tensorbin of shape Shape([1, 8, 2048, 128])
2026-06-04 16:50:49.068 | DEBUG    | core:as_tensor:672 - Loaded cache for model_cache/meta-llama/Llama-3.1-8B-Instruct/P150/tensor_cache_instruct_bfp8/kvcache_torch.Size([1, 8, 2048, 128])_dtype_BFLOAT8_B_layout_TILE.tensorbin of shape Shape([1, 8, 2048, 128])
2026-06-04 16:50:49.081 | DEBUG    | core:as_tensor:672 - Loaded cache for model_cache/meta-llama/Llama-3.1-8B-Instruct/P150/tensor_cache_instruct_bfp8/layers.13.feed_forward.w1_sharded_dtype_BFLOAT4_B_layout_TILE.tensorbin of shape Shape([4096, 14336])
2026-06-04 16:50:49.094 | DEBUG    | core:as_tensor:672 - Loaded cache for model_cache/meta-llama/Llama-3.1-8B-Instruct/P150/tensor_cache_instruct_bfp8/layers.13.feed_forward.w2_sharded_dtype_BFLOAT8_B_layout_TILE.tensorbin of shape Shape([14336, 4096])
2026-06-04 16:50:49.102 | DEBUG    | core:as_tensor:672 - Loaded cache for model_cache/meta-llama/Llama-3.1-8B-Instruct/P150/tensor_cache_instruct_bfp8/layers.13.feed_forward.w3_sharded_dtype_BFLOAT4_B_layout_TILE.tensorbin of shape Shape([4096, 14336])
2026-06-04 16:50:49.102 | DEBUG    | core:as_tensor:672 - Loaded cache for model_cache/meta-llama/Llama-3.1-8B-Instruct/P150/tensor_cache_instruct_bfp8/layers.13.attention_norm.weight_dtype_BFLOAT16_layout_ROW_MAJOR.tensorbin of shape Shape([1, 1, 128, 32])
2026-06-04 16:50:49.103 | DEBUG    | core:as_tensor:672 - Loaded cache for model_cache/meta-llama/Llama-3.1-8B-Instruct/P150/tensor_cache_instruct_bfp8/layers.13.attention_norm.weight_distributed_dtype_BFLOAT16_layout_ROW_MAJOR.tensorbin of shape Shape([1, 1, 128, 32])
2026-06-04 16:50:49.103 | DEBUG    | core:as_tensor:672 - Loaded cache for model_cache/meta-llama/Llama-3.1-8B-Instruct/P150/tensor_cache_instruct_bfp8/layers.13.ffn_norm.weight_dtype_BFLOAT16_layout_ROW_MAJOR.tensorbin of shape Shape([1, 1, 128, 32])
2026-06-04 16:50:49.103 | DEBUG    | core:as_tensor:672 - Loaded cache for model_cache/meta-llama/Llama-3.1-8B-Instruct/P150/tensor_cache_instruct_bfp8/layers.13.ffn_norm.weight_distributed_dtype_BFLOAT16_layout_ROW_MAJOR.tensorbin of shape Shape([1, 1, 128, 32])
2026-06-04 16:50:49.129 | DEBUG    | core:as_tensor:672 - Loaded cache for model_cache/meta-llama/Llama-3.1-8B-Instruct/P150/tensor_cache_instruct_bfp8/layers.14.attention.wqkv_sharded_2d_dtype_BFLOAT8_B_layout_TILE.tensorbin of shape Shape([1, 1, 4096, 6144])
2026-06-04 16:50:49.134 | DEBUG    | core:as_tensor:672 - Loaded cache for model_cache/meta-llama/Llama-3.1-8B-Instruct/P150/tensor_cache_instruct_bfp8/layers.14.attention.wo_dtype_BFLOAT8_B_layout_TILE.tensorbin of shape Shape([1, 1, 4096, 4096])
2026-06-04 16:50:49.136 | DEBUG    | core:as_tensor:672 - Loaded cache for model_cache/meta-llama/Llama-3.1-8B-Instruct/P150/tensor_cache_instruct_bfp8/kvcache_torch.Size([1, 8, 2048, 128])_dtype_BFLOAT8_B_layout_TILE.tensorbin of shape Shape([1, 8, 2048, 128])
2026-06-04 16:50:49.137 | DEBUG    | core:as_tensor:672 - Loaded cache for model_cache/meta-llama/Llama-3.1-8B-Instruct/P150/tensor_cache_instruct_bfp8/kvcache_torch.Size([1, 8, 2048, 128])_dtype_BFLOAT8_B_layout_TILE.tensorbin of shape Shape([1, 8, 2048, 128])
2026-06-04 16:50:49.151 | DEBUG    | core:as_tensor:672 - Loaded cache for model_cache/meta-llama/Llama-3.1-8B-Instruct/P150/tensor_cache_instruct_bfp8/layers.14.feed_forward.w1_sharded_dtype_BFLOAT4_B_layout_TILE.tensorbin of shape Shape([4096, 14336])
2026-06-04 16:50:49.164 | DEBUG    | core:as_tensor:672 - Loaded cache for model_cache/meta-llama/Llama-3.1-8B-Instruct/P150/tensor_cache_instruct_bfp8/layers.14.feed_forward.w2_sharded_dtype_BFLOAT8_B_layout_TILE.tensorbin of shape Shape([14336, 4096])
2026-06-04 16:50:49.171 | DEBUG    | core:as_tensor:672 - Loaded cache for model_cache/meta-llama/Llama-3.1-8B-Instruct/P150/tensor_cache_instruct_bfp8/layers.14.feed_forward.w3_sharded_dtype_BFLOAT4_B_layout_TILE.tensorbin of shape Shape([4096, 14336])
2026-06-04 16:50:49.172 | DEBUG    | core:as_tensor:672 - Loaded cache for model_cache/meta-llama/Llama-3.1-8B-Instruct/P150/tensor_cache_instruct_bfp8/layers.14.attention_norm.weight_dtype_BFLOAT16_layout_ROW_MAJOR.tensorbin of shape Shape([1, 1, 128, 32])
2026-06-04 16:50:49.172 | DEBUG    | core:as_tensor:672 - Loaded cache for model_cache/meta-llama/Llama-3.1-8B-Instruct/P150/tensor_cache_instruct_bfp8/layers.14.attention_norm.weight_distributed_dtype_BFLOAT16_layout_ROW_MAJOR.tensorbin of shape Shape([1, 1, 128, 32])
2026-06-04 16:50:49.172 | DEBUG    | core:as_tensor:672 - Loaded cache for model_cache/meta-llama/Llama-3.1-8B-Instruct/P150/tensor_cache_instruct_bfp8/layers.14.ffn_norm.weight_dtype_BFLOAT16_layout_ROW_MAJOR.tensorbin of shape Shape([1, 1, 128, 32])
2026-06-04 16:50:49.173 | DEBUG    | core:as_tensor:672 - Loaded cache for model_cache/meta-llama/Llama-3.1-8B-Instruct/P150/tensor_cache_instruct_bfp8/layers.14.ffn_norm.weight_distributed_dtype_BFLOAT16_layout_ROW_MAJOR.tensorbin of shape Shape([1, 1, 128, 32])
 47%|████▋     | 15/32 [00:03<00:02,  7.32it/s]2026-06-04 16:50:49.198 | DEBUG    | core:as_tensor:672 - Loaded cache for model_cache/meta-llama/Llama-3.1-8B-Instruct/P150/tensor_cache_instruct_bfp8/layers.15.attention.wqkv_sharded_2d_dtype_BFLOAT8_B_layout_TILE.tensorbin of shape Shape([1, 1, 4096, 6144])
2026-06-04 16:50:49.204 | DEBUG    | core:as_tensor:672 - Loaded cache for model_cache/meta-llama/Llama-3.1-8B-Instruct/P150/tensor_cache_instruct_bfp8/layers.15.attention.wo_dtype_BFLOAT8_B_layout_TILE.tensorbin of shape Shape([1, 1, 4096, 4096])
2026-06-04 16:50:49.206 | DEBUG    | core:as_tensor:672 - Loaded cache for model_cache/meta-llama/Llama-3.1-8B-Instruct/P150/tensor_cache_instruct_bfp8/kvcache_torch.Size([1, 8, 2048, 128])_dtype_BFLOAT8_B_layout_TILE.tensorbin of shape Shape([1, 8, 2048, 128])
2026-06-04 16:50:49.206 | DEBUG    | core:as_tensor:672 - Loaded cache for model_cache/meta-llama/Llama-3.1-8B-Instruct/P150/tensor_cache_instruct_bfp8/kvcache_torch.Size([1, 8, 2048, 128])_dtype_BFLOAT8_B_layout_TILE.tensorbin of shape Shape([1, 8, 2048, 128])
2026-06-04 16:50:49.218 | DEBUG    | core:as_tensor:672 - Loaded cache for model_cache/meta-llama/Llama-3.1-8B-Instruct/P150/tensor_cache_instruct_bfp8/layers.15.feed_forward.w1_sharded_dtype_BFLOAT4_B_layout_TILE.tensorbin of shape Shape([4096, 14336])
2026-06-04 16:50:49.231 | DEBUG    | core:as_tensor:672 - Loaded cache for model_cache/meta-llama/Llama-3.1-8B-Instruct/P150/tensor_cache_instruct_bfp8/layers.15.feed_forward.w2_sharded_dtype_BFLOAT8_B_layout_TILE.tensorbin of shape Shape([14336, 4096])
2026-06-04 16:50:49.239 | DEBUG    | core:as_tensor:672 - Loaded cache for model_cache/meta-llama/Llama-3.1-8B-Instruct/P150/tensor_cache_instruct_bfp8/layers.15.feed_forward.w3_sharded_dtype_BFLOAT4_B_layout_TILE.tensorbin of shape Shape([4096, 14336])
2026-06-04 16:50:49.239 | DEBUG    | core:as_tensor:672 - Loaded cache for model_cache/meta-llama/Llama-3.1-8B-Instruct/P150/tensor_cache_instruct_bfp8/layers.15.attention_norm.weight_dtype_BFLOAT16_layout_ROW_MAJOR.tensorbin of shape Shape([1, 1, 128, 32])
2026-06-04 16:50:49.240 | DEBUG    | core:as_tensor:672 - Loaded cache for model_cache/meta-llama/Llama-3.1-8B-Instruct/P150/tensor_cache_instruct_bfp8/layers.15.attention_norm.weight_distributed_dtype_BFLOAT16_layout_ROW_MAJOR.tensorbin of shape Shape([1, 1, 128, 32])
2026-06-04 16:50:49.240 | DEBUG    | core:as_tensor:672 - Loaded cache for model_cache/meta-llama/Llama-3.1-8B-Instruct/P150/tensor_cache_instruct_bfp8/layers.15.ffn_norm.weight_dtype_BFLOAT16_layout_ROW_MAJOR.tensorbin of shape Shape([1, 1, 128, 32])
2026-06-04 16:50:49.240 | DEBUG    | core:as_tensor:672 - Loaded cache for model_cache/meta-llama/Llama-3.1-8B-Instruct/P150/tensor_cache_instruct_bfp8/layers.15.ffn_norm.weight_distributed_dtype_BFLOAT16_layout_ROW_MAJOR.tensorbin of shape Shape([1, 1, 128, 32])
2026-06-04 16:50:49.268 | DEBUG    | core:as_tensor:672 - Loaded cache for model_cache/meta-llama/Llama-3.1-8B-Instruct/P150/tensor_cache_instruct_bfp8/layers.16.attention.wqkv_sharded_2d_dtype_BFLOAT8_B_layout_TILE.tensorbin of shape Shape([1, 1, 4096, 6144])
2026-06-04 16:50:49.273 | DEBUG    | core:as_tensor:672 - Loaded cache for model_cache/meta-llama/Llama-3.1-8B-Instruct/P150/tensor_cache_instruct_bfp8/layers.16.attention.wo_dtype_BFLOAT8_B_layout_TILE.tensorbin of shape Shape([1, 1, 4096, 4096])
2026-06-04 16:50:49.275 | DEBUG    | core:as_tensor:672 - Loaded cache for model_cache/meta-llama/Llama-3.1-8B-Instruct/P150/tensor_cache_instruct_bfp8/kvcache_torch.Size([1, 8, 2048, 128])_dtype_BFLOAT8_B_layout_TILE.tensorbin of shape Shape([1, 8, 2048, 128])
2026-06-04 16:50:49.276 | DEBUG    | core:as_tensor:672 - Loaded cache for model_cache/meta-llama/Llama-3.1-8B-Instruct/P150/tensor_cache_instruct_bfp8/kvcache_torch.Size([1, 8, 2048, 128])_dtype_BFLOAT8_B_layout_TILE.tensorbin of shape Shape([1, 8, 2048, 128])
2026-06-04 16:50:49.289 | DEBUG    | core:as_tensor:672 - Loaded cache for model_cache/meta-llama/Llama-3.1-8B-Instruct/P150/tensor_cache_instruct_bfp8/layers.16.feed_forward.w1_sharded_dtype_BFLOAT4_B_layout_TILE.tensorbin of shape Shape([4096, 14336])
2026-06-04 16:50:49.303 | DEBUG    | core:as_tensor:672 - Loaded cache for model_cache/meta-llama/Llama-3.1-8B-Instruct/P150/tensor_cache_instruct_bfp8/layers.16.feed_forward.w2_sharded_dtype_BFLOAT8_B_layout_TILE.tensorbin of shape Shape([14336, 4096])
2026-06-04 16:50:49.310 | DEBUG    | core:as_tensor:672 - Loaded cache for model_cache/meta-llama/Llama-3.1-8B-Instruct/P150/tensor_cache_instruct_bfp8/layers.16.feed_forward.w3_sharded_dtype_BFLOAT4_B_layout_TILE.tensorbin of shape Shape([4096, 14336])
2026-06-04 16:50:49.310 | DEBUG    | core:as_tensor:672 - Loaded cache for model_cache/meta-llama/Llama-3.1-8B-Instruct/P150/tensor_cache_instruct_bfp8/layers.16.attention_norm.weight_dtype_BFLOAT16_layout_ROW_MAJOR.tensorbin of shape Shape([1, 1, 128, 32])
2026-06-04 16:50:49.311 | DEBUG    | core:as_tensor:672 - Loaded cache for model_cache/meta-llama/Llama-3.1-8B-Instruct/P150/tensor_cache_instruct_bfp8/layers.16.attention_norm.weight_distributed_dtype_BFLOAT16_layout_ROW_MAJOR.tensorbin of shape Shape([1, 1, 128, 32])
2026-06-04 16:50:49.311 | DEBUG    | core:as_tensor:672 - Loaded cache for model_cache/meta-llama/Llama-3.1-8B-Instruct/P150/tensor_cache_instruct_bfp8/layers.16.ffn_norm.weight_dtype_BFLOAT16_layout_ROW_MAJOR.tensorbin of shape Shape([1, 1, 128, 32])
2026-06-04 16:50:49.311 | DEBUG    | core:as_tensor:672 - Loaded cache for model_cache/meta-llama/Llama-3.1-8B-Instruct/P150/tensor_cache_instruct_bfp8/layers.16.ffn_norm.weight_distributed_dtype_BFLOAT16_layout_ROW_MAJOR.tensorbin of shape Shape([1, 1, 128, 32])
 53%|█████▎    | 17/32 [00:03<00:01,  8.72it/s]2026-06-04 16:50:49.339 | DEBUG    | core:as_tensor:672 - Loaded cache for model_cache/meta-llama/Llama-3.1-8B-Instruct/P150/tensor_cache_instruct_bfp8/layers.17.attention.wqkv_sharded_2d_dtype_BFLOAT8_B_layout_TILE.tensorbin of shape Shape([1, 1, 4096, 6144])
2026-06-04 16:50:49.345 | DEBUG    | core:as_tensor:672 - Loaded cache for model_cache/meta-llama/Llama-3.1-8B-Instruct/P150/tensor_cache_instruct_bfp8/layers.17.attention.wo_dtype_BFLOAT8_B_layout_TILE.tensorbin of shape Shape([1, 1, 4096, 4096])
2026-06-04 16:50:49.347 | DEBUG    | core:as_tensor:672 - Loaded cache for model_cache/meta-llama/Llama-3.1-8B-Instruct/P150/tensor_cache_instruct_bfp8/kvcache_torch.Size([1, 8, 2048, 128])_dtype_BFLOAT8_B_layout_TILE.tensorbin of shape Shape([1, 8, 2048, 128])
2026-06-04 16:50:49.347 | DEBUG    | core:as_tensor:672 - Loaded cache for model_cache/meta-llama/Llama-3.1-8B-Instruct/P150/tensor_cache_instruct_bfp8/kvcache_torch.Size([1, 8, 2048, 128])_dtype_BFLOAT8_B_layout_TILE.tensorbin of shape Shape([1, 8, 2048, 128])
2026-06-04 16:50:49.361 | DEBUG    | core:as_tensor:672 - Loaded cache for model_cache/meta-llama/Llama-3.1-8B-Instruct/P150/tensor_cache_instruct_bfp8/layers.17.feed_forward.w1_sharded_dtype_BFLOAT4_B_layout_TILE.tensorbin of shape Shape([4096, 14336])
2026-06-04 16:50:49.374 | DEBUG    | core:as_tensor:672 - Loaded cache for model_cache/meta-llama/Llama-3.1-8B-Instruct/P150/tensor_cache_instruct_bfp8/layers.17.feed_forward.w2_sharded_dtype_BFLOAT8_B_layout_TILE.tensorbin of shape Shape([14336, 4096])
2026-06-04 16:50:49.381 | DEBUG    | core:as_tensor:672 - Loaded cache for model_cache/meta-llama/Llama-3.1-8B-Instruct/P150/tensor_cache_instruct_bfp8/layers.17.feed_forward.w3_sharded_dtype_BFLOAT4_B_layout_TILE.tensorbin of shape Shape([4096, 14336])
2026-06-04 16:50:49.382 | DEBUG    | core:as_tensor:672 - Loaded cache for model_cache/meta-llama/Llama-3.1-8B-Instruct/P150/tensor_cache_instruct_bfp8/layers.17.attention_norm.weight_dtype_BFLOAT16_layout_ROW_MAJOR.tensorbin of shape Shape([1, 1, 128, 32])
2026-06-04 16:50:49.382 | DEBUG    | core:as_tensor:672 - Loaded cache for model_cache/meta-llama/Llama-3.1-8B-Instruct/P150/tensor_cache_instruct_bfp8/layers.17.attention_norm.weight_distributed_dtype_BFLOAT16_layout_ROW_MAJOR.tensorbin of shape Shape([1, 1, 128, 32])
2026-06-04 16:50:49.382 | DEBUG    | core:as_tensor:672 - Loaded cache for model_cache/meta-llama/Llama-3.1-8B-Instruct/P150/tensor_cache_instruct_bfp8/layers.17.ffn_norm.weight_dtype_BFLOAT16_layout_ROW_MAJOR.tensorbin of shape Shape([1, 1, 128, 32])
2026-06-04 16:50:49.382 | DEBUG    | core:as_tensor:672 - Loaded cache for model_cache/meta-llama/Llama-3.1-8B-Instruct/P150/tensor_cache_instruct_bfp8/layers.17.ffn_norm.weight_distributed_dtype_BFLOAT16_layout_ROW_MAJOR.tensorbin of shape Shape([1, 1, 128, 32])
2026-06-04 16:50:49.410 | DEBUG    | core:as_tensor:672 - Loaded cache for model_cache/meta-llama/Llama-3.1-8B-Instruct/P150/tensor_cache_instruct_bfp8/layers.18.attention.wqkv_sharded_2d_dtype_BFLOAT8_B_layout_TILE.tensorbin of shape Shape([1, 1, 4096, 6144])
2026-06-04 16:50:49.415 | DEBUG    | core:as_tensor:672 - Loaded cache for model_cache/meta-llama/Llama-3.1-8B-Instruct/P150/tensor_cache_instruct_bfp8/layers.18.attention.wo_dtype_BFLOAT8_B_layout_TILE.tensorbin of shape Shape([1, 1, 4096, 4096])
2026-06-04 16:50:49.417 | DEBUG    | core:as_tensor:672 - Loaded cache for model_cache/meta-llama/Llama-3.1-8B-Instruct/P150/tensor_cache_instruct_bfp8/kvcache_torch.Size([1, 8, 2048, 128])_dtype_BFLOAT8_B_layout_TILE.tensorbin of shape Shape([1, 8, 2048, 128])
2026-06-04 16:50:49.418 | DEBUG    | core:as_tensor:672 - Loaded cache for model_cache/meta-llama/Llama-3.1-8B-Instruct/P150/tensor_cache_instruct_bfp8/kvcache_torch.Size([1, 8, 2048, 128])_dtype_BFLOAT8_B_layout_TILE.tensorbin of shape Shape([1, 8, 2048, 128])
2026-06-04 16:50:49.431 | DEBUG    | core:as_tensor:672 - Loaded cache for model_cache/meta-llama/Llama-3.1-8B-Instruct/P150/tensor_cache_instruct_bfp8/layers.18.feed_forward.w1_sharded_dtype_BFLOAT4_B_layout_TILE.tensorbin of shape Shape([4096, 14336])
2026-06-04 16:50:49.444 | DEBUG    | core:as_tensor:672 - Loaded cache for model_cache/meta-llama/Llama-3.1-8B-Instruct/P150/tensor_cache_instruct_bfp8/layers.18.feed_forward.w2_sharded_dtype_BFLOAT8_B_layout_TILE.tensorbin of shape Shape([14336, 4096])
2026-06-04 16:50:49.452 | DEBUG    | core:as_tensor:672 - Loaded cache for model_cache/meta-llama/Llama-3.1-8B-Instruct/P150/tensor_cache_instruct_bfp8/layers.18.feed_forward.w3_sharded_dtype_BFLOAT4_B_layout_TILE.tensorbin of shape Shape([4096, 14336])
2026-06-04 16:50:49.452 | DEBUG    | core:as_tensor:672 - Loaded cache for model_cache/meta-llama/Llama-3.1-8B-Instruct/P150/tensor_cache_instruct_bfp8/layers.18.attention_norm.weight_dtype_BFLOAT16_layout_ROW_MAJOR.tensorbin of shape Shape([1, 1, 128, 32])
2026-06-04 16:50:49.452 | DEBUG    | core:as_tensor:672 - Loaded cache for model_cache/meta-llama/Llama-3.1-8B-Instruct/P150/tensor_cache_instruct_bfp8/layers.18.attention_norm.weight_distributed_dtype_BFLOAT16_layout_ROW_MAJOR.tensorbin of shape Shape([1, 1, 128, 32])
2026-06-04 16:50:49.453 | DEBUG    | core:as_tensor:672 - Loaded cache for model_cache/meta-llama/Llama-3.1-8B-Instruct/P150/tensor_cache_instruct_bfp8/layers.18.ffn_norm.weight_dtype_BFLOAT16_layout_ROW_MAJOR.tensorbin of shape Shape([1, 1, 128, 32])
2026-06-04 16:50:49.453 | DEBUG    | core:as_tensor:672 - Loaded cache for model_cache/meta-llama/Llama-3.1-8B-Instruct/P150/tensor_cache_instruct_bfp8/layers.18.ffn_norm.weight_distributed_dtype_BFLOAT16_layout_ROW_MAJOR.tensorbin of shape Shape([1, 1, 128, 32])
 59%|█████▉    | 19/32 [00:04<00:01,  9.93it/s]2026-06-04 16:50:49.481 | DEBUG    | core:as_tensor:672 - Loaded cache for model_cache/meta-llama/Llama-3.1-8B-Instruct/P150/tensor_cache_instruct_bfp8/layers.19.attention.wqkv_sharded_2d_dtype_BFLOAT8_B_layout_TILE.tensorbin of shape Shape([1, 1, 4096, 6144])
2026-06-04 16:50:49.486 | DEBUG    | core:as_tensor:672 - Loaded cache for model_cache/meta-llama/Llama-3.1-8B-Instruct/P150/tensor_cache_instruct_bfp8/layers.19.attention.wo_dtype_BFLOAT8_B_layout_TILE.tensorbin of shape Shape([1, 1, 4096, 4096])
2026-06-04 16:50:49.488 | DEBUG    | core:as_tensor:672 - Loaded cache for model_cache/meta-llama/Llama-3.1-8B-Instruct/P150/tensor_cache_instruct_bfp8/kvcache_torch.Size([1, 8, 2048, 128])_dtype_BFLOAT8_B_layout_TILE.tensorbin of shape Shape([1, 8, 2048, 128])
2026-06-04 16:50:49.489 | DEBUG    | core:as_tensor:672 - Loaded cache for model_cache/meta-llama/Llama-3.1-8B-Instruct/P150/tensor_cache_instruct_bfp8/kvcache_torch.Size([1, 8, 2048, 128])_dtype_BFLOAT8_B_layout_TILE.tensorbin of shape Shape([1, 8, 2048, 128])
2026-06-04 16:50:49.502 | DEBUG    | core:as_tensor:672 - Loaded cache for model_cache/meta-llama/Llama-3.1-8B-Instruct/P150/tensor_cache_instruct_bfp8/layers.19.feed_forward.w1_sharded_dtype_BFLOAT4_B_layout_TILE.tensorbin of shape Shape([4096, 14336])
2026-06-04 16:50:49.516 | DEBUG    | core:as_tensor:672 - Loaded cache for model_cache/meta-llama/Llama-3.1-8B-Instruct/P150/tensor_cache_instruct_bfp8/layers.19.feed_forward.w2_sharded_dtype_BFLOAT8_B_layout_TILE.tensorbin of shape Shape([14336, 4096])
2026-06-04 16:50:49.523 | DEBUG    | core:as_tensor:672 - Loaded cache for model_cache/meta-llama/Llama-3.1-8B-Instruct/P150/tensor_cache_instruct_bfp8/layers.19.feed_forward.w3_sharded_dtype_BFLOAT4_B_layout_TILE.tensorbin of shape Shape([4096, 14336])
2026-06-04 16:50:49.523 | DEBUG    | core:as_tensor:672 - Loaded cache for model_cache/meta-llama/Llama-3.1-8B-Instruct/P150/tensor_cache_instruct_bfp8/layers.19.attention_norm.weight_dtype_BFLOAT16_layout_ROW_MAJOR.tensorbin of shape Shape([1, 1, 128, 32])
2026-06-04 16:50:49.524 | DEBUG    | core:as_tensor:672 - Loaded cache for model_cache/meta-llama/Llama-3.1-8B-Instruct/P150/tensor_cache_instruct_bfp8/layers.19.attention_norm.weight_distributed_dtype_BFLOAT16_layout_ROW_MAJOR.tensorbin of shape Shape([1, 1, 128, 32])
2026-06-04 16:50:49.524 | DEBUG    | core:as_tensor:672 - Loaded cache for model_cache/meta-llama/Llama-3.1-8B-Instruct/P150/tensor_cache_instruct_bfp8/layers.19.ffn_norm.weight_dtype_BFLOAT16_layout_ROW_MAJOR.tensorbin of shape Shape([1, 1, 128, 32])
2026-06-04 16:50:49.524 | DEBUG    | core:as_tensor:672 - Loaded cache for model_cache/meta-llama/Llama-3.1-8B-Instruct/P150/tensor_cache_instruct_bfp8/layers.19.ffn_norm.weight_distributed_dtype_BFLOAT16_layout_ROW_MAJOR.tensorbin of shape Shape([1, 1, 128, 32])
2026-06-04 16:50:49.554 | DEBUG    | core:as_tensor:672 - Loaded cache for model_cache/meta-llama/Llama-3.1-8B-Instruct/P150/tensor_cache_instruct_bfp8/layers.20.attention.wqkv_sharded_2d_dtype_BFLOAT8_B_layout_TILE.tensorbin of shape Shape([1, 1, 4096, 6144])
2026-06-04 16:50:49.559 | DEBUG    | core:as_tensor:672 - Loaded cache for model_cache/meta-llama/Llama-3.1-8B-Instruct/P150/tensor_cache_instruct_bfp8/layers.20.attention.wo_dtype_BFLOAT8_B_layout_TILE.tensorbin of shape Shape([1, 1, 4096, 4096])
2026-06-04 16:50:49.561 | DEBUG    | core:as_tensor:672 - Loaded cache for model_cache/meta-llama/Llama-3.1-8B-Instruct/P150/tensor_cache_instruct_bfp8/kvcache_torch.Size([1, 8, 2048, 128])_dtype_BFLOAT8_B_layout_TILE.tensorbin of shape Shape([1, 8, 2048, 128])
2026-06-04 16:50:49.562 | DEBUG    | core:as_tensor:672 - Loaded cache for model_cache/meta-llama/Llama-3.1-8B-Instruct/P150/tensor_cache_instruct_bfp8/kvcache_torch.Size([1, 8, 2048, 128])_dtype_BFLOAT8_B_layout_TILE.tensorbin of shape Shape([1, 8, 2048, 128])
2026-06-04 16:50:49.575 | DEBUG    | core:as_tensor:672 - Loaded cache for model_cache/meta-llama/Llama-3.1-8B-Instruct/P150/tensor_cache_instruct_bfp8/layers.20.feed_forward.w1_sharded_dtype_BFLOAT4_B_layout_TILE.tensorbin of shape Shape([4096, 14336])
2026-06-04 16:50:49.589 | DEBUG    | core:as_tensor:672 - Loaded cache for model_cache/meta-llama/Llama-3.1-8B-Instruct/P150/tensor_cache_instruct_bfp8/layers.20.feed_forward.w2_sharded_dtype_BFLOAT8_B_layout_TILE.tensorbin of shape Shape([14336, 4096])
2026-06-04 16:50:49.596 | DEBUG    | core:as_tensor:672 - Loaded cache for model_cache/meta-llama/Llama-3.1-8B-Instruct/P150/tensor_cache_instruct_bfp8/layers.20.feed_forward.w3_sharded_dtype_BFLOAT4_B_layout_TILE.tensorbin of shape Shape([4096, 14336])
2026-06-04 16:50:49.596 | DEBUG    | core:as_tensor:672 - Loaded cache for model_cache/meta-llama/Llama-3.1-8B-Instruct/P150/tensor_cache_instruct_bfp8/layers.20.attention_norm.weight_dtype_BFLOAT16_layout_ROW_MAJOR.tensorbin of shape Shape([1, 1, 128, 32])
2026-06-04 16:50:49.597 | DEBUG    | core:as_tensor:672 - Loaded cache for model_cache/meta-llama/Llama-3.1-8B-Instruct/P150/tensor_cache_instruct_bfp8/layers.20.attention_norm.weight_distributed_dtype_BFLOAT16_layout_ROW_MAJOR.tensorbin of shape Shape([1, 1, 128, 32])
2026-06-04 16:50:49.597 | DEBUG    | core:as_tensor:672 - Loaded cache for model_cache/meta-llama/Llama-3.1-8B-Instruct/P150/tensor_cache_instruct_bfp8/layers.20.ffn_norm.weight_dtype_BFLOAT16_layout_ROW_MAJOR.tensorbin of shape Shape([1, 1, 128, 32])
2026-06-04 16:50:49.597 | DEBUG    | core:as_tensor:672 - Loaded cache for model_cache/meta-llama/Llama-3.1-8B-Instruct/P150/tensor_cache_instruct_bfp8/layers.20.ffn_norm.weight_distributed_dtype_BFLOAT16_layout_ROW_MAJOR.tensorbin of shape Shape([1, 1, 128, 32])
 66%|██████▌   | 21/32 [00:04<00:01, 10.90it/s]2026-06-04 16:50:49.625 | DEBUG    | core:as_tensor:672 - Loaded cache for model_cache/meta-llama/Llama-3.1-8B-Instruct/P150/tensor_cache_instruct_bfp8/layers.21.attention.wqkv_sharded_2d_dtype_BFLOAT8_B_layout_TILE.tensorbin of shape Shape([1, 1, 4096, 6144])
2026-06-04 16:50:49.631 | DEBUG    | core:as_tensor:672 - Loaded cache for model_cache/meta-llama/Llama-3.1-8B-Instruct/P150/tensor_cache_instruct_bfp8/layers.21.attention.wo_dtype_BFLOAT8_B_layout_TILE.tensorbin of shape Shape([1, 1, 4096, 4096])
2026-06-04 16:50:49.633 | DEBUG    | core:as_tensor:672 - Loaded cache for model_cache/meta-llama/Llama-3.1-8B-Instruct/P150/tensor_cache_instruct_bfp8/kvcache_torch.Size([1, 8, 2048, 128])_dtype_BFLOAT8_B_layout_TILE.tensorbin of shape Shape([1, 8, 2048, 128])
2026-06-04 16:50:49.634 | DEBUG    | core:as_tensor:672 - Loaded cache for model_cache/meta-llama/Llama-3.1-8B-Instruct/P150/tensor_cache_instruct_bfp8/kvcache_torch.Size([1, 8, 2048, 128])_dtype_BFLOAT8_B_layout_TILE.tensorbin of shape Shape([1, 8, 2048, 128])
2026-06-04 16:50:49.647 | DEBUG    | core:as_tensor:672 - Loaded cache for model_cache/meta-llama/Llama-3.1-8B-Instruct/P150/tensor_cache_instruct_bfp8/layers.21.feed_forward.w1_sharded_dtype_BFLOAT4_B_layout_TILE.tensorbin of shape Shape([4096, 14336])
2026-06-04 16:50:49.660 | DEBUG    | core:as_tensor:672 - Loaded cache for model_cache/meta-llama/Llama-3.1-8B-Instruct/P150/tensor_cache_instruct_bfp8/layers.21.feed_forward.w2_sharded_dtype_BFLOAT8_B_layout_TILE.tensorbin of shape Shape([14336, 4096])
2026-06-04 16:50:49.668 | DEBUG    | core:as_tensor:672 - Loaded cache for model_cache/meta-llama/Llama-3.1-8B-Instruct/P150/tensor_cache_instruct_bfp8/layers.21.feed_forward.w3_sharded_dtype_BFLOAT4_B_layout_TILE.tensorbin of shape Shape([4096, 14336])
2026-06-04 16:50:49.668 | DEBUG    | core:as_tensor:672 - Loaded cache for model_cache/meta-llama/Llama-3.1-8B-Instruct/P150/tensor_cache_instruct_bfp8/layers.21.attention_norm.weight_dtype_BFLOAT16_layout_ROW_MAJOR.tensorbin of shape Shape([1, 1, 128, 32])
2026-06-04 16:50:49.668 | DEBUG    | core:as_tensor:672 - Loaded cache for model_cache/meta-llama/Llama-3.1-8B-Instruct/P150/tensor_cache_instruct_bfp8/layers.21.attention_norm.weight_distributed_dtype_BFLOAT16_layout_ROW_MAJOR.tensorbin of shape Shape([1, 1, 128, 32])
2026-06-04 16:50:49.669 | DEBUG    | core:as_tensor:672 - Loaded cache for model_cache/meta-llama/Llama-3.1-8B-Instruct/P150/tensor_cache_instruct_bfp8/layers.21.ffn_norm.weight_dtype_BFLOAT16_layout_ROW_MAJOR.tensorbin of shape Shape([1, 1, 128, 32])
2026-06-04 16:50:49.670 | DEBUG    | core:as_tensor:672 - Loaded cache for model_cache/meta-llama/Llama-3.1-8B-Instruct/P150/tensor_cache_instruct_bfp8/layers.21.ffn_norm.weight_distributed_dtype_BFLOAT16_layout_ROW_MAJOR.tensorbin of shape Shape([1, 1, 128, 32])
2026-06-04 16:50:49.698 | DEBUG    | core:as_tensor:672 - Loaded cache for model_cache/meta-llama/Llama-3.1-8B-Instruct/P150/tensor_cache_instruct_bfp8/layers.22.attention.wqkv_sharded_2d_dtype_BFLOAT8_B_layout_TILE.tensorbin of shape Shape([1, 1, 4096, 6144])
2026-06-04 16:50:49.703 | DEBUG    | core:as_tensor:672 - Loaded cache for model_cache/meta-llama/Llama-3.1-8B-Instruct/P150/tensor_cache_instruct_bfp8/layers.22.attention.wo_dtype_BFLOAT8_B_layout_TILE.tensorbin of shape Shape([1, 1, 4096, 4096])
2026-06-04 16:50:49.705 | DEBUG    | core:as_tensor:672 - Loaded cache for model_cache/meta-llama/Llama-3.1-8B-Instruct/P150/tensor_cache_instruct_bfp8/kvcache_torch.Size([1, 8, 2048, 128])_dtype_BFLOAT8_B_layout_TILE.tensorbin of shape Shape([1, 8, 2048, 128])
2026-06-04 16:50:49.706 | DEBUG    | core:as_tensor:672 - Loaded cache for model_cache/meta-llama/Llama-3.1-8B-Instruct/P150/tensor_cache_instruct_bfp8/kvcache_torch.Size([1, 8, 2048, 128])_dtype_BFLOAT8_B_layout_TILE.tensorbin of shape Shape([1, 8, 2048, 128])
2026-06-04 16:50:49.719 | DEBUG    | core:as_tensor:672 - Loaded cache for model_cache/meta-llama/Llama-3.1-8B-Instruct/P150/tensor_cache_instruct_bfp8/layers.22.feed_forward.w1_sharded_dtype_BFLOAT4_B_layout_TILE.tensorbin of shape Shape([4096, 14336])
2026-06-04 16:50:49.733 | DEBUG    | core:as_tensor:672 - Loaded cache for model_cache/meta-llama/Llama-3.1-8B-Instruct/P150/tensor_cache_instruct_bfp8/layers.22.feed_forward.w2_sharded_dtype_BFLOAT8_B_layout_TILE.tensorbin of shape Shape([14336, 4096])
2026-06-04 16:50:49.740 | DEBUG    | core:as_tensor:672 - Loaded cache for model_cache/meta-llama/Llama-3.1-8B-Instruct/P150/tensor_cache_instruct_bfp8/layers.22.feed_forward.w3_sharded_dtype_BFLOAT4_B_layout_TILE.tensorbin of shape Shape([4096, 14336])
2026-06-04 16:50:49.741 | DEBUG    | core:as_tensor:672 - Loaded cache for model_cache/meta-llama/Llama-3.1-8B-Instruct/P150/tensor_cache_instruct_bfp8/layers.22.attention_norm.weight_dtype_BFLOAT16_layout_ROW_MAJOR.tensorbin of shape Shape([1, 1, 128, 32])
2026-06-04 16:50:49.741 | DEBUG    | core:as_tensor:672 - Loaded cache for model_cache/meta-llama/Llama-3.1-8B-Instruct/P150/tensor_cache_instruct_bfp8/layers.22.attention_norm.weight_distributed_dtype_BFLOAT16_layout_ROW_MAJOR.tensorbin of shape Shape([1, 1, 128, 32])
2026-06-04 16:50:49.741 | DEBUG    | core:as_tensor:672 - Loaded cache for model_cache/meta-llama/Llama-3.1-8B-Instruct/P150/tensor_cache_instruct_bfp8/layers.22.ffn_norm.weight_dtype_BFLOAT16_layout_ROW_MAJOR.tensorbin of shape Shape([1, 1, 128, 32])
2026-06-04 16:50:49.742 | DEBUG    | core:as_tensor:672 - Loaded cache for model_cache/meta-llama/Llama-3.1-8B-Instruct/P150/tensor_cache_instruct_bfp8/layers.22.ffn_norm.weight_distributed_dtype_BFLOAT16_layout_ROW_MAJOR.tensorbin of shape Shape([1, 1, 128, 32])
 72%|███████▏  | 23/32 [00:04<00:00, 11.66it/s]2026-06-04 16:50:49.777 | DEBUG    | core:as_tensor:672 - Loaded cache for model_cache/meta-llama/Llama-3.1-8B-Instruct/P150/tensor_cache_instruct_bfp8/layers.23.attention.wqkv_sharded_2d_dtype_BFLOAT8_B_layout_TILE.tensorbin of shape Shape([1, 1, 4096, 6144])
2026-06-04 16:50:49.782 | DEBUG    | core:as_tensor:672 - Loaded cache for model_cache/meta-llama/Llama-3.1-8B-Instruct/P150/tensor_cache_instruct_bfp8/layers.23.attention.wo_dtype_BFLOAT8_B_layout_TILE.tensorbin of shape Shape([1, 1, 4096, 4096])
2026-06-04 16:50:49.784 | DEBUG    | core:as_tensor:672 - Loaded cache for model_cache/meta-llama/Llama-3.1-8B-Instruct/P150/tensor_cache_instruct_bfp8/kvcache_torch.Size([1, 8, 2048, 128])_dtype_BFLOAT8_B_layout_TILE.tensorbin of shape Shape([1, 8, 2048, 128])
2026-06-04 16:50:49.785 | DEBUG    | core:as_tensor:672 - Loaded cache for model_cache/meta-llama/Llama-3.1-8B-Instruct/P150/tensor_cache_instruct_bfp8/kvcache_torch.Size([1, 8, 2048, 128])_dtype_BFLOAT8_B_layout_TILE.tensorbin of shape Shape([1, 8, 2048, 128])
2026-06-04 16:50:49.799 | DEBUG    | core:as_tensor:672 - Loaded cache for model_cache/meta-llama/Llama-3.1-8B-Instruct/P150/tensor_cache_instruct_bfp8/layers.23.feed_forward.w1_sharded_dtype_BFLOAT4_B_layout_TILE.tensorbin of shape Shape([4096, 14336])
2026-06-04 16:50:49.812 | DEBUG    | core:as_tensor:672 - Loaded cache for model_cache/meta-llama/Llama-3.1-8B-Instruct/P150/tensor_cache_instruct_bfp8/layers.23.feed_forward.w2_sharded_dtype_BFLOAT8_B_layout_TILE.tensorbin of shape Shape([14336, 4096])
2026-06-04 16:50:49.819 | DEBUG    | core:as_tensor:672 - Loaded cache for model_cache/meta-llama/Llama-3.1-8B-Instruct/P150/tensor_cache_instruct_bfp8/layers.23.feed_forward.w3_sharded_dtype_BFLOAT4_B_layout_TILE.tensorbin of shape Shape([4096, 14336])
2026-06-04 16:50:49.820 | DEBUG    | core:as_tensor:672 - Loaded cache for model_cache/meta-llama/Llama-3.1-8B-Instruct/P150/tensor_cache_instruct_bfp8/layers.23.attention_norm.weight_dtype_BFLOAT16_layout_ROW_MAJOR.tensorbin of shape Shape([1, 1, 128, 32])
2026-06-04 16:50:49.820 | DEBUG    | core:as_tensor:672 - Loaded cache for model_cache/meta-llama/Llama-3.1-8B-Instruct/P150/tensor_cache_instruct_bfp8/layers.23.attention_norm.weight_distributed_dtype_BFLOAT16_layout_ROW_MAJOR.tensorbin of shape Shape([1, 1, 128, 32])
2026-06-04 16:50:49.820 | DEBUG    | core:as_tensor:672 - Loaded cache for model_cache/meta-llama/Llama-3.1-8B-Instruct/P150/tensor_cache_instruct_bfp8/layers.23.ffn_norm.weight_dtype_BFLOAT16_layout_ROW_MAJOR.tensorbin of shape Shape([1, 1, 128, 32])
2026-06-04 16:50:49.821 | DEBUG    | core:as_tensor:672 - Loaded cache for model_cache/meta-llama/Llama-3.1-8B-Instruct/P150/tensor_cache_instruct_bfp8/layers.23.ffn_norm.weight_distributed_dtype_BFLOAT16_layout_ROW_MAJOR.tensorbin of shape Shape([1, 1, 128, 32])
2026-06-04 16:50:49.855 | DEBUG    | core:as_tensor:672 - Loaded cache for model_cache/meta-llama/Llama-3.1-8B-Instruct/P150/tensor_cache_instruct_bfp8/layers.24.attention.wqkv_sharded_2d_dtype_BFLOAT8_B_layout_TILE.tensorbin of shape Shape([1, 1, 4096, 6144])
2026-06-04 16:50:49.860 | DEBUG    | core:as_tensor:672 - Loaded cache for model_cache/meta-llama/Llama-3.1-8B-Instruct/P150/tensor_cache_instruct_bfp8/layers.24.attention.wo_dtype_BFLOAT8_B_layout_TILE.tensorbin of shape Shape([1, 1, 4096, 4096])
2026-06-04 16:50:49.863 | DEBUG    | core:as_tensor:672 - Loaded cache for model_cache/meta-llama/Llama-3.1-8B-Instruct/P150/tensor_cache_instruct_bfp8/kvcache_torch.Size([1, 8, 2048, 128])_dtype_BFLOAT8_B_layout_TILE.tensorbin of shape Shape([1, 8, 2048, 128])
2026-06-04 16:50:49.863 | DEBUG    | core:as_tensor:672 - Loaded cache for model_cache/meta-llama/Llama-3.1-8B-Instruct/P150/tensor_cache_instruct_bfp8/kvcache_torch.Size([1, 8, 2048, 128])_dtype_BFLOAT8_B_layout_TILE.tensorbin of shape Shape([1, 8, 2048, 128])
2026-06-04 16:50:49.876 | DEBUG    | core:as_tensor:672 - Loaded cache for model_cache/meta-llama/Llama-3.1-8B-Instruct/P150/tensor_cache_instruct_bfp8/layers.24.feed_forward.w1_sharded_dtype_BFLOAT4_B_layout_TILE.tensorbin of shape Shape([4096, 14336])
2026-06-04 16:50:49.889 | DEBUG    | core:as_tensor:672 - Loaded cache for model_cache/meta-llama/Llama-3.1-8B-Instruct/P150/tensor_cache_instruct_bfp8/layers.24.feed_forward.w2_sharded_dtype_BFLOAT8_B_layout_TILE.tensorbin of shape Shape([14336, 4096])
2026-06-04 16:50:49.897 | DEBUG    | core:as_tensor:672 - Loaded cache for model_cache/meta-llama/Llama-3.1-8B-Instruct/P150/tensor_cache_instruct_bfp8/layers.24.feed_forward.w3_sharded_dtype_BFLOAT4_B_layout_TILE.tensorbin of shape Shape([4096, 14336])
2026-06-04 16:50:49.897 | DEBUG    | core:as_tensor:672 - Loaded cache for model_cache/meta-llama/Llama-3.1-8B-Instruct/P150/tensor_cache_instruct_bfp8/layers.24.attention_norm.weight_dtype_BFLOAT16_layout_ROW_MAJOR.tensorbin of shape Shape([1, 1, 128, 32])
2026-06-04 16:50:49.898 | DEBUG    | core:as_tensor:672 - Loaded cache for model_cache/meta-llama/Llama-3.1-8B-Instruct/P150/tensor_cache_instruct_bfp8/layers.24.attention_norm.weight_distributed_dtype_BFLOAT16_layout_ROW_MAJOR.tensorbin of shape Shape([1, 1, 128, 32])
2026-06-04 16:50:49.898 | DEBUG    | core:as_tensor:672 - Loaded cache for model_cache/meta-llama/Llama-3.1-8B-Instruct/P150/tensor_cache_instruct_bfp8/layers.24.ffn_norm.weight_dtype_BFLOAT16_layout_ROW_MAJOR.tensorbin of shape Shape([1, 1, 128, 32])
2026-06-04 16:50:49.898 | DEBUG    | core:as_tensor:672 - Loaded cache for model_cache/meta-llama/Llama-3.1-8B-Instruct/P150/tensor_cache_instruct_bfp8/layers.24.ffn_norm.weight_distributed_dtype_BFLOAT16_layout_ROW_MAJOR.tensorbin of shape Shape([1, 1, 128, 32])
 78%|███████▊  | 25/32 [00:04<00:00, 11.99it/s]2026-06-04 16:50:49.932 | DEBUG    | core:as_tensor:672 - Loaded cache for model_cache/meta-llama/Llama-3.1-8B-Instruct/P150/tensor_cache_instruct_bfp8/layers.25.attention.wqkv_sharded_2d_dtype_BFLOAT8_B_layout_TILE.tensorbin of shape Shape([1, 1, 4096, 6144])
2026-06-04 16:50:49.938 | DEBUG    | core:as_tensor:672 - Loaded cache for model_cache/meta-llama/Llama-3.1-8B-Instruct/P150/tensor_cache_instruct_bfp8/layers.25.attention.wo_dtype_BFLOAT8_B_layout_TILE.tensorbin of shape Shape([1, 1, 4096, 4096])
2026-06-04 16:50:49.940 | DEBUG    | core:as_tensor:672 - Loaded cache for model_cache/meta-llama/Llama-3.1-8B-Instruct/P150/tensor_cache_instruct_bfp8/kvcache_torch.Size([1, 8, 2048, 128])_dtype_BFLOAT8_B_layout_TILE.tensorbin of shape Shape([1, 8, 2048, 128])
2026-06-04 16:50:49.941 | DEBUG    | core:as_tensor:672 - Loaded cache for model_cache/meta-llama/Llama-3.1-8B-Instruct/P150/tensor_cache_instruct_bfp8/kvcache_torch.Size([1, 8, 2048, 128])_dtype_BFLOAT8_B_layout_TILE.tensorbin of shape Shape([1, 8, 2048, 128])
2026-06-04 16:50:49.954 | DEBUG    | core:as_tensor:672 - Loaded cache for model_cache/meta-llama/Llama-3.1-8B-Instruct/P150/tensor_cache_instruct_bfp8/layers.25.feed_forward.w1_sharded_dtype_BFLOAT4_B_layout_TILE.tensorbin of shape Shape([4096, 14336])
2026-06-04 16:50:49.969 | DEBUG    | core:as_tensor:672 - Loaded cache for model_cache/meta-llama/Llama-3.1-8B-Instruct/P150/tensor_cache_instruct_bfp8/layers.25.feed_forward.w2_sharded_dtype_BFLOAT8_B_layout_TILE.tensorbin of shape Shape([14336, 4096])
2026-06-04 16:50:49.977 | DEBUG    | core:as_tensor:672 - Loaded cache for model_cache/meta-llama/Llama-3.1-8B-Instruct/P150/tensor_cache_instruct_bfp8/layers.25.feed_forward.w3_sharded_dtype_BFLOAT4_B_layout_TILE.tensorbin of shape Shape([4096, 14336])
2026-06-04 16:50:49.977 | DEBUG    | core:as_tensor:672 - Loaded cache for model_cache/meta-llama/Llama-3.1-8B-Instruct/P150/tensor_cache_instruct_bfp8/layers.25.attention_norm.weight_dtype_BFLOAT16_layout_ROW_MAJOR.tensorbin of shape Shape([1, 1, 128, 32])
2026-06-04 16:50:49.977 | DEBUG    | core:as_tensor:672 - Loaded cache for model_cache/meta-llama/Llama-3.1-8B-Instruct/P150/tensor_cache_instruct_bfp8/layers.25.attention_norm.weight_distributed_dtype_BFLOAT16_layout_ROW_MAJOR.tensorbin of shape Shape([1, 1, 128, 32])
2026-06-04 16:50:49.978 | DEBUG    | core:as_tensor:672 - Loaded cache for model_cache/meta-llama/Llama-3.1-8B-Instruct/P150/tensor_cache_instruct_bfp8/layers.25.ffn_norm.weight_dtype_BFLOAT16_layout_ROW_MAJOR.tensorbin of shape Shape([1, 1, 128, 32])
2026-06-04 16:50:49.978 | DEBUG    | core:as_tensor:672 - Loaded cache for model_cache/meta-llama/Llama-3.1-8B-Instruct/P150/tensor_cache_instruct_bfp8/layers.25.ffn_norm.weight_distributed_dtype_BFLOAT16_layout_ROW_MAJOR.tensorbin of shape Shape([1, 1, 128, 32])
2026-06-04 16:50:50.013 | DEBUG    | core:as_tensor:672 - Loaded cache for model_cache/meta-llama/Llama-3.1-8B-Instruct/P150/tensor_cache_instruct_bfp8/layers.26.attention.wqkv_sharded_2d_dtype_BFLOAT8_B_layout_TILE.tensorbin of shape Shape([1, 1, 4096, 6144])
2026-06-04 16:50:50.019 | DEBUG    | core:as_tensor:672 - Loaded cache for model_cache/meta-llama/Llama-3.1-8B-Instruct/P150/tensor_cache_instruct_bfp8/layers.26.attention.wo_dtype_BFLOAT8_B_layout_TILE.tensorbin of shape Shape([1, 1, 4096, 4096])
2026-06-04 16:50:50.021 | DEBUG    | core:as_tensor:672 - Loaded cache for model_cache/meta-llama/Llama-3.1-8B-Instruct/P150/tensor_cache_instruct_bfp8/kvcache_torch.Size([1, 8, 2048, 128])_dtype_BFLOAT8_B_layout_TILE.tensorbin of shape Shape([1, 8, 2048, 128])
2026-06-04 16:50:50.022 | DEBUG    | core:as_tensor:672 - Loaded cache for model_cache/meta-llama/Llama-3.1-8B-Instruct/P150/tensor_cache_instruct_bfp8/kvcache_torch.Size([1, 8, 2048, 128])_dtype_BFLOAT8_B_layout_TILE.tensorbin of shape Shape([1, 8, 2048, 128])
2026-06-04 16:50:50.037 | DEBUG    | core:as_tensor:672 - Loaded cache for model_cache/meta-llama/Llama-3.1-8B-Instruct/P150/tensor_cache_instruct_bfp8/layers.26.feed_forward.w1_sharded_dtype_BFLOAT4_B_layout_TILE.tensorbin of shape Shape([4096, 14336])
2026-06-04 16:50:50.051 | DEBUG    | core:as_tensor:672 - Loaded cache for model_cache/meta-llama/Llama-3.1-8B-Instruct/P150/tensor_cache_instruct_bfp8/layers.26.feed_forward.w2_sharded_dtype_BFLOAT8_B_layout_TILE.tensorbin of shape Shape([14336, 4096])
2026-06-04 16:50:50.059 | DEBUG    | core:as_tensor:672 - Loaded cache for model_cache/meta-llama/Llama-3.1-8B-Instruct/P150/tensor_cache_instruct_bfp8/layers.26.feed_forward.w3_sharded_dtype_BFLOAT4_B_layout_TILE.tensorbin of shape Shape([4096, 14336])
2026-06-04 16:50:50.060 | DEBUG    | core:as_tensor:672 - Loaded cache for model_cache/meta-llama/Llama-3.1-8B-Instruct/P150/tensor_cache_instruct_bfp8/layers.26.attention_norm.weight_dtype_BFLOAT16_layout_ROW_MAJOR.tensorbin of shape Shape([1, 1, 128, 32])
2026-06-04 16:50:50.060 | DEBUG    | core:as_tensor:672 - Loaded cache for model_cache/meta-llama/Llama-3.1-8B-Instruct/P150/tensor_cache_instruct_bfp8/layers.26.attention_norm.weight_distributed_dtype_BFLOAT16_layout_ROW_MAJOR.tensorbin of shape Shape([1, 1, 128, 32])
2026-06-04 16:50:50.060 | DEBUG    | core:as_tensor:672 - Loaded cache for model_cache/meta-llama/Llama-3.1-8B-Instruct/P150/tensor_cache_instruct_bfp8/layers.26.ffn_norm.weight_dtype_BFLOAT16_layout_ROW_MAJOR.tensorbin of shape Shape([1, 1, 128, 32])
2026-06-04 16:50:50.060 | DEBUG    | core:as_tensor:672 - Loaded cache for model_cache/meta-llama/Llama-3.1-8B-Instruct/P150/tensor_cache_instruct_bfp8/layers.26.ffn_norm.weight_distributed_dtype_BFLOAT16_layout_ROW_MAJOR.tensorbin of shape Shape([1, 1, 128, 32])
 84%|████████▍ | 27/32 [00:04<00:00, 12.09it/s]2026-06-04 16:50:50.101 | DEBUG    | core:as_tensor:672 - Loaded cache for model_cache/meta-llama/Llama-3.1-8B-Instruct/P150/tensor_cache_instruct_bfp8/layers.27.attention.wqkv_sharded_2d_dtype_BFLOAT8_B_layout_TILE.tensorbin of shape Shape([1, 1, 4096, 6144])
2026-06-04 16:50:50.107 | DEBUG    | core:as_tensor:672 - Loaded cache for model_cache/meta-llama/Llama-3.1-8B-Instruct/P150/tensor_cache_instruct_bfp8/layers.27.attention.wo_dtype_BFLOAT8_B_layout_TILE.tensorbin of shape Shape([1, 1, 4096, 4096])
2026-06-04 16:50:50.109 | DEBUG    | core:as_tensor:672 - Loaded cache for model_cache/meta-llama/Llama-3.1-8B-Instruct/P150/tensor_cache_instruct_bfp8/kvcache_torch.Size([1, 8, 2048, 128])_dtype_BFLOAT8_B_layout_TILE.tensorbin of shape Shape([1, 8, 2048, 128])
2026-06-04 16:50:50.110 | DEBUG    | core:as_tensor:672 - Loaded cache for model_cache/meta-llama/Llama-3.1-8B-Instruct/P150/tensor_cache_instruct_bfp8/kvcache_torch.Size([1, 8, 2048, 128])_dtype_BFLOAT8_B_layout_TILE.tensorbin of shape Shape([1, 8, 2048, 128])
2026-06-04 16:50:50.125 | DEBUG    | core:as_tensor:672 - Loaded cache for model_cache/meta-llama/Llama-3.1-8B-Instruct/P150/tensor_cache_instruct_bfp8/layers.27.feed_forward.w1_sharded_dtype_BFLOAT4_B_layout_TILE.tensorbin of shape Shape([4096, 14336])
2026-06-04 16:50:50.140 | DEBUG    | core:as_tensor:672 - Loaded cache for model_cache/meta-llama/Llama-3.1-8B-Instruct/P150/tensor_cache_instruct_bfp8/layers.27.feed_forward.w2_sharded_dtype_BFLOAT8_B_layout_TILE.tensorbin of shape Shape([14336, 4096])
2026-06-04 16:50:50.148 | DEBUG    | core:as_tensor:672 - Loaded cache for model_cache/meta-llama/Llama-3.1-8B-Instruct/P150/tensor_cache_instruct_bfp8/layers.27.feed_forward.w3_sharded_dtype_BFLOAT4_B_layout_TILE.tensorbin of shape Shape([4096, 14336])
2026-06-04 16:50:50.148 | DEBUG    | core:as_tensor:672 - Loaded cache for model_cache/meta-llama/Llama-3.1-8B-Instruct/P150/tensor_cache_instruct_bfp8/layers.27.attention_norm.weight_dtype_BFLOAT16_layout_ROW_MAJOR.tensorbin of shape Shape([1, 1, 128, 32])
2026-06-04 16:50:50.149 | DEBUG    | core:as_tensor:672 - Loaded cache for model_cache/meta-llama/Llama-3.1-8B-Instruct/P150/tensor_cache_instruct_bfp8/layers.27.attention_norm.weight_distributed_dtype_BFLOAT16_layout_ROW_MAJOR.tensorbin of shape Shape([1, 1, 128, 32])
2026-06-04 16:50:50.149 | DEBUG    | core:as_tensor:672 - Loaded cache for model_cache/meta-llama/Llama-3.1-8B-Instruct/P150/tensor_cache_instruct_bfp8/layers.27.ffn_norm.weight_dtype_BFLOAT16_layout_ROW_MAJOR.tensorbin of shape Shape([1, 1, 128, 32])
2026-06-04 16:50:50.149 | DEBUG    | core:as_tensor:672 - Loaded cache for model_cache/meta-llama/Llama-3.1-8B-Instruct/P150/tensor_cache_instruct_bfp8/layers.27.ffn_norm.weight_distributed_dtype_BFLOAT16_layout_ROW_MAJOR.tensorbin of shape Shape([1, 1, 128, 32])
2026-06-04 16:50:50.191 | DEBUG    | core:as_tensor:672 - Loaded cache for model_cache/meta-llama/Llama-3.1-8B-Instruct/P150/tensor_cache_instruct_bfp8/layers.28.attention.wqkv_sharded_2d_dtype_BFLOAT8_B_layout_TILE.tensorbin of shape Shape([1, 1, 4096, 6144])
2026-06-04 16:50:50.196 | DEBUG    | core:as_tensor:672 - Loaded cache for model_cache/meta-llama/Llama-3.1-8B-Instruct/P150/tensor_cache_instruct_bfp8/layers.28.attention.wo_dtype_BFLOAT8_B_layout_TILE.tensorbin of shape Shape([1, 1, 4096, 4096])
2026-06-04 16:50:50.199 | DEBUG    | core:as_tensor:672 - Loaded cache for model_cache/meta-llama/Llama-3.1-8B-Instruct/P150/tensor_cache_instruct_bfp8/kvcache_torch.Size([1, 8, 2048, 128])_dtype_BFLOAT8_B_layout_TILE.tensorbin of shape Shape([1, 8, 2048, 128])
2026-06-04 16:50:50.200 | DEBUG    | core:as_tensor:672 - Loaded cache for model_cache/meta-llama/Llama-3.1-8B-Instruct/P150/tensor_cache_instruct_bfp8/kvcache_torch.Size([1, 8, 2048, 128])_dtype_BFLOAT8_B_layout_TILE.tensorbin of shape Shape([1, 8, 2048, 128])
2026-06-04 16:50:50.216 | DEBUG    | core:as_tensor:672 - Loaded cache for model_cache/meta-llama/Llama-3.1-8B-Instruct/P150/tensor_cache_instruct_bfp8/layers.28.feed_forward.w1_sharded_dtype_BFLOAT4_B_layout_TILE.tensorbin of shape Shape([4096, 14336])
2026-06-04 16:50:50.232 | DEBUG    | core:as_tensor:672 - Loaded cache for model_cache/meta-llama/Llama-3.1-8B-Instruct/P150/tensor_cache_instruct_bfp8/layers.28.feed_forward.w2_sharded_dtype_BFLOAT8_B_layout_TILE.tensorbin of shape Shape([14336, 4096])
2026-06-04 16:50:50.242 | DEBUG    | core:as_tensor:672 - Loaded cache for model_cache/meta-llama/Llama-3.1-8B-Instruct/P150/tensor_cache_instruct_bfp8/layers.28.feed_forward.w3_sharded_dtype_BFLOAT4_B_layout_TILE.tensorbin of shape Shape([4096, 14336])
2026-06-04 16:50:50.242 | DEBUG    | core:as_tensor:672 - Loaded cache for model_cache/meta-llama/Llama-3.1-8B-Instruct/P150/tensor_cache_instruct_bfp8/layers.28.attention_norm.weight_dtype_BFLOAT16_layout_ROW_MAJOR.tensorbin of shape Shape([1, 1, 128, 32])
2026-06-04 16:50:50.242 | DEBUG    | core:as_tensor:672 - Loaded cache for model_cache/meta-llama/Llama-3.1-8B-Instruct/P150/tensor_cache_instruct_bfp8/layers.28.attention_norm.weight_distributed_dtype_BFLOAT16_layout_ROW_MAJOR.tensorbin of shape Shape([1, 1, 128, 32])
2026-06-04 16:50:50.243 | DEBUG    | core:as_tensor:672 - Loaded cache for model_cache/meta-llama/Llama-3.1-8B-Instruct/P150/tensor_cache_instruct_bfp8/layers.28.ffn_norm.weight_dtype_BFLOAT16_layout_ROW_MAJOR.tensorbin of shape Shape([1, 1, 128, 32])
2026-06-04 16:50:50.243 | DEBUG    | core:as_tensor:672 - Loaded cache for model_cache/meta-llama/Llama-3.1-8B-Instruct/P150/tensor_cache_instruct_bfp8/layers.28.ffn_norm.weight_distributed_dtype_BFLOAT16_layout_ROW_MAJOR.tensorbin of shape Shape([1, 1, 128, 32])
 91%|█████████ | 29/32 [00:04<00:00, 11.72it/s]2026-06-04 16:50:50.290 | DEBUG    | core:as_tensor:672 - Loaded cache for model_cache/meta-llama/Llama-3.1-8B-Instruct/P150/tensor_cache_instruct_bfp8/layers.29.attention.wqkv_sharded_2d_dtype_BFLOAT8_B_layout_TILE.tensorbin of shape Shape([1, 1, 4096, 6144])
2026-06-04 16:50:50.297 | DEBUG    | core:as_tensor:672 - Loaded cache for model_cache/meta-llama/Llama-3.1-8B-Instruct/P150/tensor_cache_instruct_bfp8/layers.29.attention.wo_dtype_BFLOAT8_B_layout_TILE.tensorbin of shape Shape([1, 1, 4096, 4096])
2026-06-04 16:50:50.300 | DEBUG    | core:as_tensor:672 - Loaded cache for model_cache/meta-llama/Llama-3.1-8B-Instruct/P150/tensor_cache_instruct_bfp8/kvcache_torch.Size([1, 8, 2048, 128])_dtype_BFLOAT8_B_layout_TILE.tensorbin of shape Shape([1, 8, 2048, 128])
2026-06-04 16:50:50.301 | DEBUG    | core:as_tensor:672 - Loaded cache for model_cache/meta-llama/Llama-3.1-8B-Instruct/P150/tensor_cache_instruct_bfp8/kvcache_torch.Size([1, 8, 2048, 128])_dtype_BFLOAT8_B_layout_TILE.tensorbin of shape Shape([1, 8, 2048, 128])
2026-06-04 16:50:50.321 | DEBUG    | core:as_tensor:672 - Loaded cache for model_cache/meta-llama/Llama-3.1-8B-Instruct/P150/tensor_cache_instruct_bfp8/layers.29.feed_forward.w1_sharded_dtype_BFLOAT4_B_layout_TILE.tensorbin of shape Shape([4096, 14336])
2026-06-04 16:50:50.342 | DEBUG    | core:as_tensor:672 - Loaded cache for model_cache/meta-llama/Llama-3.1-8B-Instruct/P150/tensor_cache_instruct_bfp8/layers.29.feed_forward.w2_sharded_dtype_BFLOAT8_B_layout_TILE.tensorbin of shape Shape([14336, 4096])
2026-06-04 16:50:50.352 | DEBUG    | core:as_tensor:672 - Loaded cache for model_cache/meta-llama/Llama-3.1-8B-Instruct/P150/tensor_cache_instruct_bfp8/layers.29.feed_forward.w3_sharded_dtype_BFLOAT4_B_layout_TILE.tensorbin of shape Shape([4096, 14336])
2026-06-04 16:50:50.352 | DEBUG    | core:as_tensor:672 - Loaded cache for model_cache/meta-llama/Llama-3.1-8B-Instruct/P150/tensor_cache_instruct_bfp8/layers.29.attention_norm.weight_dtype_BFLOAT16_layout_ROW_MAJOR.tensorbin of shape Shape([1, 1, 128, 32])
2026-06-04 16:50:50.353 | DEBUG    | core:as_tensor:672 - Loaded cache for model_cache/meta-llama/Llama-3.1-8B-Instruct/P150/tensor_cache_instruct_bfp8/layers.29.attention_norm.weight_distributed_dtype_BFLOAT16_layout_ROW_MAJOR.tensorbin of shape Shape([1, 1, 128, 32])
2026-06-04 16:50:50.353 | DEBUG    | core:as_tensor:672 - Loaded cache for model_cache/meta-llama/Llama-3.1-8B-Instruct/P150/tensor_cache_instruct_bfp8/layers.29.ffn_norm.weight_dtype_BFLOAT16_layout_ROW_MAJOR.tensorbin of shape Shape([1, 1, 128, 32])
2026-06-04 16:50:50.353 | DEBUG    | core:as_tensor:672 - Loaded cache for model_cache/meta-llama/Llama-3.1-8B-Instruct/P150/tensor_cache_instruct_bfp8/layers.29.ffn_norm.weight_distributed_dtype_BFLOAT16_layout_ROW_MAJOR.tensorbin of shape Shape([1, 1, 128, 32])
2026-06-04 16:50:50.411 | DEBUG    | core:as_tensor:672 - Loaded cache for model_cache/meta-llama/Llama-3.1-8B-Instruct/P150/tensor_cache_instruct_bfp8/layers.30.attention.wqkv_sharded_2d_dtype_BFLOAT8_B_layout_TILE.tensorbin of shape Shape([1, 1, 4096, 6144])
2026-06-04 16:50:50.484 | DEBUG    | core:as_tensor:672 - Loaded cache for model_cache/meta-llama/Llama-3.1-8B-Instruct/P150/tensor_cache_instruct_bfp8/layers.30.attention.wo_dtype_BFLOAT8_B_layout_TILE.tensorbin of shape Shape([1, 1, 4096, 4096])
2026-06-04 16:50:50.493 | DEBUG    | core:as_tensor:672 - Loaded cache for model_cache/meta-llama/Llama-3.1-8B-Instruct/P150/tensor_cache_instruct_bfp8/kvcache_torch.Size([1, 8, 2048, 128])_dtype_BFLOAT8_B_layout_TILE.tensorbin of shape Shape([1, 8, 2048, 128])
2026-06-04 16:50:50.494 | DEBUG    | core:as_tensor:672 - Loaded cache for model_cache/meta-llama/Llama-3.1-8B-Instruct/P150/tensor_cache_instruct_bfp8/kvcache_torch.Size([1, 8, 2048, 128])_dtype_BFLOAT8_B_layout_TILE.tensorbin of shape Shape([1, 8, 2048, 128])
2026-06-04 16:50:50.517 | DEBUG    | core:as_tensor:672 - Loaded cache for model_cache/meta-llama/Llama-3.1-8B-Instruct/P150/tensor_cache_instruct_bfp8/layers.30.feed_forward.w1_sharded_dtype_BFLOAT4_B_layout_TILE.tensorbin of shape Shape([4096, 14336])
2026-06-04 16:50:50.653 | DEBUG    | core:as_tensor:672 - Loaded cache for model_cache/meta-llama/Llama-3.1-8B-Instruct/P150/tensor_cache_instruct_bfp8/layers.30.feed_forward.w2_sharded_dtype_BFLOAT8_B_layout_TILE.tensorbin of shape Shape([14336, 4096])
2026-06-04 16:50:50.737 | DEBUG    | core:as_tensor:672 - Loaded cache for model_cache/meta-llama/Llama-3.1-8B-Instruct/P150/tensor_cache_instruct_bfp8/layers.30.feed_forward.w3_sharded_dtype_BFLOAT4_B_layout_TILE.tensorbin of shape Shape([4096, 14336])
2026-06-04 16:50:50.738 | DEBUG    | core:as_tensor:672 - Loaded cache for model_cache/meta-llama/Llama-3.1-8B-Instruct/P150/tensor_cache_instruct_bfp8/layers.30.attention_norm.weight_dtype_BFLOAT16_layout_ROW_MAJOR.tensorbin of shape Shape([1, 1, 128, 32])
2026-06-04 16:50:50.739 | DEBUG    | core:as_tensor:672 - Loaded cache for model_cache/meta-llama/Llama-3.1-8B-Instruct/P150/tensor_cache_instruct_bfp8/layers.30.attention_norm.weight_distributed_dtype_BFLOAT16_layout_ROW_MAJOR.tensorbin of shape Shape([1, 1, 128, 32])
2026-06-04 16:50:50.740 | DEBUG    | core:as_tensor:672 - Loaded cache for model_cache/meta-llama/Llama-3.1-8B-Instruct/P150/tensor_cache_instruct_bfp8/layers.30.ffn_norm.weight_dtype_BFLOAT16_layout_ROW_MAJOR.tensorbin of shape Shape([1, 1, 128, 32])
2026-06-04 16:50:50.740 | DEBUG    | core:as_tensor:672 - Loaded cache for model_cache/meta-llama/Llama-3.1-8B-Instruct/P150/tensor_cache_instruct_bfp8/layers.30.ffn_norm.weight_distributed_dtype_BFLOAT16_layout_ROW_MAJOR.tensorbin of shape Shape([1, 1, 128, 32])
 97%|█████████▋| 31/32 [00:05<00:00,  7.43it/s]2026-06-04 16:50:50.799 | DEBUG    | core:as_tensor:672 - Loaded cache for model_cache/meta-llama/Llama-3.1-8B-Instruct/P150/tensor_cache_instruct_bfp8/layers.31.attention.wqkv_sharded_2d_dtype_BFLOAT8_B_layout_TILE.tensorbin of shape Shape([1, 1, 4096, 6144])
2026-06-04 16:50:50.806 | DEBUG    | core:as_tensor:672 - Loaded cache for model_cache/meta-llama/Llama-3.1-8B-Instruct/P150/tensor_cache_instruct_bfp8/layers.31.attention.wo_dtype_BFLOAT8_B_layout_TILE.tensorbin of shape Shape([1, 1, 4096, 4096])
2026-06-04 16:50:50.809 | DEBUG    | core:as_tensor:672 - Loaded cache for model_cache/meta-llama/Llama-3.1-8B-Instruct/P150/tensor_cache_instruct_bfp8/kvcache_torch.Size([1, 8, 2048, 128])_dtype_BFLOAT8_B_layout_TILE.tensorbin of shape Shape([1, 8, 2048, 128])
2026-06-04 16:50:50.811 | DEBUG    | core:as_tensor:672 - Loaded cache for model_cache/meta-llama/Llama-3.1-8B-Instruct/P150/tensor_cache_instruct_bfp8/kvcache_torch.Size([1, 8, 2048, 128])_dtype_BFLOAT8_B_layout_TILE.tensorbin of shape Shape([1, 8, 2048, 128])
2026-06-04 16:50:50.909 | DEBUG    | core:as_tensor:672 - Loaded cache for model_cache/meta-llama/Llama-3.1-8B-Instruct/P150/tensor_cache_instruct_bfp8/layers.31.feed_forward.w1_sharded_dtype_BFLOAT8_B_layout_TILE.tensorbin of shape Shape([4096, 14336])
2026-06-04 16:50:51.174 | DEBUG    | core:as_tensor:672 - Loaded cache for model_cache/meta-llama/Llama-3.1-8B-Instruct/P150/tensor_cache_instruct_bfp8/layers.31.feed_forward.w2_sharded_dtype_BFLOAT8_B_layout_TILE.tensorbin of shape Shape([14336, 4096])
2026-06-04 16:50:51.336 | DEBUG    | core:as_tensor:672 - Loaded cache for model_cache/meta-llama/Llama-3.1-8B-Instruct/P150/tensor_cache_instruct_bfp8/layers.31.feed_forward.w3_sharded_dtype_BFLOAT8_B_layout_TILE.tensorbin of shape Shape([4096, 14336])
2026-06-04 16:50:51.337 | DEBUG    | core:as_tensor:672 - Loaded cache for model_cache/meta-llama/Llama-3.1-8B-Instruct/P150/tensor_cache_instruct_bfp8/layers.31.attention_norm.weight_dtype_BFLOAT16_layout_ROW_MAJOR.tensorbin of shape Shape([1, 1, 128, 32])
2026-06-04 16:50:51.338 | DEBUG    | core:as_tensor:672 - Loaded cache for model_cache/meta-llama/Llama-3.1-8B-Instruct/P150/tensor_cache_instruct_bfp8/layers.31.attention_norm.weight_distributed_dtype_BFLOAT16_layout_ROW_MAJOR.tensorbin of shape Shape([1, 1, 128, 32])
2026-06-04 16:50:51.338 | DEBUG    | core:as_tensor:672 - Loaded cache for model_cache/meta-llama/Llama-3.1-8B-Instruct/P150/tensor_cache_instruct_bfp8/layers.31.ffn_norm.weight_dtype_BFLOAT16_layout_ROW_MAJOR.tensorbin of shape Shape([1, 1, 128, 32])
2026-06-04 16:50:51.339 | DEBUG    | core:as_tensor:672 - Loaded cache for model_cache/meta-llama/Llama-3.1-8B-Instruct/P150/tensor_cache_instruct_bfp8/layers.31.ffn_norm.weight_distributed_dtype_BFLOAT16_layout_ROW_MAJOR.tensorbin of shape Shape([1, 1, 128, 32])
100%|██████████| 32/32 [00:05<00:00,  4.61it/s]100%|██████████| 32/32 [00:05<00:00,  5.40it/s]
2026-06-04 16:50:51.340 | DEBUG    | core:as_tensor:672 - Loaded cache for model_cache/meta-llama/Llama-3.1-8B-Instruct/P150/tensor_cache_instruct_bfp8/norm.weight_dtype_BFLOAT16_layout_ROW_MAJOR.tensorbin of shape Shape([1, 1, 128, 32])
2026-06-04 16:50:51.340 | DEBUG    | core:as_tensor:672 - Loaded cache for model_cache/meta-llama/Llama-3.1-8B-Instruct/P150/tensor_cache_instruct_bfp8/norm.weight_distributed_dtype_BFLOAT16_layout_ROW_MAJOR.tensorbin of shape Shape([1, 1, 128, 32])
2026-06-04 16:50:51.482 | DEBUG    | core:as_tensor:672 - Loaded cache for model_cache/meta-llama/Llama-3.1-8B-Instruct/P150/tensor_cache_instruct_bfp8/output_lm_head_8_split_shard_0_16032_dtype_BFLOAT8_B_layout_TILE.tensorbin of shape Shape([4096, 16032])
2026-06-04 16:50:51.624 | DEBUG    | core:as_tensor:672 - Loaded cache for model_cache/meta-llama/Llama-3.1-8B-Instruct/P150/tensor_cache_instruct_bfp8/output_lm_head_8_split_shard_1_16032_dtype_BFLOAT8_B_layout_TILE.tensorbin of shape Shape([4096, 16032])
2026-06-04 16:50:51.755 | DEBUG    | core:as_tensor:672 - Loaded cache for model_cache/meta-llama/Llama-3.1-8B-Instruct/P150/tensor_cache_instruct_bfp8/output_lm_head_8_split_shard_2_16032_dtype_BFLOAT8_B_layout_TILE.tensorbin of shape Shape([4096, 16032])
2026-06-04 16:50:51.929 | DEBUG    | core:as_tensor:672 - Loaded cache for model_cache/meta-llama/Llama-3.1-8B-Instruct/P150/tensor_cache_instruct_bfp8/output_lm_head_8_split_shard_3_16032_dtype_BFLOAT8_B_layout_TILE.tensorbin of shape Shape([4096, 16032])
2026-06-04 16:50:52.095 | DEBUG    | core:as_tensor:672 - Loaded cache for model_cache/meta-llama/Llama-3.1-8B-Instruct/P150/tensor_cache_instruct_bfp8/output_lm_head_8_split_shard_4_16032_dtype_BFLOAT8_B_layout_TILE.tensorbin of shape Shape([4096, 16032])
2026-06-04 16:50:52.234 | DEBUG    | core:as_tensor:672 - Loaded cache for model_cache/meta-llama/Llama-3.1-8B-Instruct/P150/tensor_cache_instruct_bfp8/output_lm_head_8_split_shard_5_16032_dtype_BFLOAT8_B_layout_TILE.tensorbin of shape Shape([4096, 16032])
2026-06-04 16:50:52.382 | DEBUG    | core:as_tensor:672 - Loaded cache for model_cache/meta-llama/Llama-3.1-8B-Instruct/P150/tensor_cache_instruct_bfp8/output_lm_head_8_split_shard_6_16032_dtype_BFLOAT8_B_layout_TILE.tensorbin of shape Shape([4096, 16032])
2026-06-04 16:50:52.542 | DEBUG    | core:as_tensor:672 - Loaded cache for model_cache/meta-llama/Llama-3.1-8B-Instruct/P150/tensor_cache_instruct_bfp8/output_lm_head_8_split_shard_7_16032_dtype_BFLOAT8_B_layout_TILE.tensorbin of shape Shape([4096, 16032])
2026-06-04 16:50:53.324 | INFO     | models.tt_transformers.demo.simple_text_demo:test_demo_text:1080 - Starting inference...
2026-06-04 16:50:53.324 | INFO     | models.tt_transformers.demo.simple_text_demo:test_demo_text:1082 - Processing batch 0
2026-06-04 16:50:53.355 | INFO     | models.tt_transformers.tt.common:preprocess_inputs_prefill:165 - Encoded prompt lengths:896
2026-06-04 16:50:53.355 | INFO     | models.tt_transformers.tt.common:preprocess_inputs_prefill:217 - # of users: 1
2026-06-04 16:50:53.356 | INFO     | models.tt_transformers.demo.simple_text_demo:test_demo_text:1120 - Starting prefill warmup...
2026-06-04 16:50:53.357 | INFO     | models.tt_transformers.tt.generator:prefill_forward_text:242 - Prefilling User 1 up to 896 tokens
2026-06-04 16:50:53.357 | INFO     | models.tt_transformers.tt.generator:prefill_forward_text:252 - Prefill seq len: 1024, max_prefill_chunk_size: 4096, trace: False
2026-06-04 16:51:18.381 | INFO     | models.tt_transformers.tt.generator:prefill_forward_text:325 - Finished prefill for all users up to 896 tokens, Starting decode...
2026-06-04 16:51:18.382 | INFO     | models.tt_transformers.demo.simple_text_demo:test_demo_text:1131 - Finished prefill warmup
2026-06-04 16:51:18.383 | INFO     | models.tt_transformers.demo.simple_text_demo:test_demo_text:1133 - Starting prefill...
2026-06-04 16:51:18.383 | INFO     | models.tt_transformers.tt.generator:prefill_forward_text:242 - Prefilling User 1 up to 896 tokens
2026-06-04 16:51:18.383 | INFO     | models.tt_transformers.tt.generator:prefill_forward_text:252 - Prefill seq len: 1024, max_prefill_chunk_size: 4096, trace: False
2026-06-04 16:51:18.522 | INFO     | models.tt_transformers.tt.generator:prefill_forward_text:325 - Finished prefill for all users up to 896 tokens, Starting decode...
2026-06-04 16:51:18.523 | INFO     | models.tt_transformers.demo.simple_text_demo:test_demo_text:1144 - Prefill finished
2026-06-04 16:51:18.523 | INFO     | models.tt_transformers.demo.simple_text_demo:test_demo_text:1189 - Starting decode loop...
2026-06-04 16:51:54.690 | DEBUG    | models.tt_transformers.demo.simple_text_demo:test_demo_text:1244 - Iteration 0: 36167ms @ 0.0 tok/s/user (0.0 tok/s throughput)
2026-06-04 16:51:54.693 | DEBUG    | models.tt_transformers.demo.simple_text_demo:test_demo_text:1272 - [User 0] ...y access behind useful computation often mattered more than raw access speed. Caches, prefetchers
2026-06-04 16:51:54.786 | DEBUG    | models.tt_transformers.demo.simple_text_demo:test_demo_text:1244 - Iteration 1: 92ms @ 10.9 tok/s/user (10.9 tok/s throughput)
2026-06-04 16:51:54.788 | DEBUG    | models.tt_transformers.demo.simple_text_demo:test_demo_text:1272 - [User 0] ... access behind useful computation often mattered more than raw access speed. Caches, prefetchers,
2026-06-04 16:51:54.884 | DEBUG    | models.tt_transformers.demo.simple_text_demo:test_demo_text:1244 - Iteration 2: 96ms @ 10.5 tok/s/user (10.5 tok/s throughput)
2026-06-04 16:51:54.885 | DEBUG    | models.tt_transformers.demo.simple_text_demo:test_demo_text:1272 - [User 0] ...ess behind useful computation often mattered more than raw access speed. Caches, prefetchers, and
2026-06-04 16:51:54.976 | DEBUG    | models.tt_transformers.demo.simple_text_demo:test_demo_text:1244 - Iteration 3: 91ms @ 11.0 tok/s/user (11.0 tok/s throughput)
2026-06-04 16:51:54.978 | DEBUG    | models.tt_transformers.demo.simple_text_demo:test_demo_text:1272 - [User 0] ...ind useful computation often mattered more than raw access speed. Caches, prefetchers, and double
2026-06-04 16:51:55.075 | DEBUG    | models.tt_transformers.demo.simple_text_demo:test_demo_text:1244 - Iteration 4: 97ms @ 10.3 tok/s/user (10.3 tok/s throughput)
2026-06-04 16:51:55.077 | DEBUG    | models.tt_transformers.demo.simple_text_demo:test_demo_text:1272 - [User 0] ... computation often mattered more than raw access speed. Caches, prefetchers, and double buffering
2026-06-04 16:51:55.168 | DEBUG    | models.tt_transformers.demo.simple_text_demo:test_demo_text:1244 - Iteration 5: 91ms @ 10.9 tok/s/user (10.9 tok/s throughput)
2026-06-04 16:51:55.170 | DEBUG    | models.tt_transformers.demo.simple_text_demo:test_demo_text:1272 - [User 0] ...putation often mattered more than raw access speed. Caches, prefetchers, and double buffering all
2026-06-04 16:51:55.264 | DEBUG    | models.tt_transformers.demo.simple_text_demo:test_demo_text:1244 - Iteration 6: 94ms @ 10.6 tok/s/user (10.6 tok/s throughput)
2026-06-04 16:51:55.266 | DEBUG    | models.tt_transformers.demo.simple_text_demo:test_demo_text:1272 - [User 0] ...on often mattered more than raw access speed. Caches, prefetchers, and double buffering all serve
2026-06-04 16:51:55.357 | DEBUG    | models.tt_transformers.demo.simple_text_demo:test_demo_text:1244 - Iteration 7: 91ms @ 10.9 tok/s/user (10.9 tok/s throughput)
2026-06-04 16:51:55.359 | DEBUG    | models.tt_transformers.demo.simple_text_demo:test_demo_text:1272 - [User 0] ...ten mattered more than raw access speed. Caches, prefetchers, and double buffering all serve that
2026-06-04 16:51:55.359 | INFO     | models.tt_transformers.demo.simple_text_demo:test_demo_text:1283 - Finished decoding, printing the final outputs...

2026-06-04 16:51:55.366 | INFO     | models.tt_transformers.demo.simple_text_demo:test_demo_text:1300 -
==REPEAT BATCH 0
==USER 0 - PROMPT
The history of computing hardware spans developments from early mechanical calculating devices to mo
<long prompt not printed in full>
at hiding memory access behind useful computation often mattered more than raw access speed. Caches,
==USER 0 - OUTPUT
prefetchers, and double buffering all serve that

2026-06-04 16:51:55.366 | INFO     | models.tt_transformers.demo.simple_text_demo:test_demo_text:1404 -
2026-06-04 16:51:55.366 | INFO     | models.tt_transformers.demo.simple_text_demo:test_demo_text:1405 - === Performance metrics ===
2026-06-04 16:51:55.367 | INFO     | models.tt_transformers.demo.simple_text_demo:test_demo_text:1407 - 1st token decode time: 91.92ms [10.88 t/s/u, 10.88 t/s]
2026-06-04 16:51:55.367 | INFO     | models.tt_transformers.demo.simple_text_demo:test_demo_text:1424 - ==
2026-06-04 16:51:55.367 | INFO     | models.tt_transformers.demo.simple_text_demo:test_demo_text:1425 - Prefill compile time: 25.03s
2026-06-04 16:51:55.367 | INFO     | models.tt_transformers.demo.simple_text_demo:test_demo_text:1426 - Decode compile time: 36.17s
2026-06-04 16:51:55.367 | INFO     | models.tt_transformers.demo.simple_text_demo:test_demo_text:1427 -
2026-06-04 16:51:55.367 | INFO     | models.tt_transformers.demo.simple_text_demo:test_demo_text:1428 - Average Time to First Token (TTFT): 140.13ms
2026-06-04 16:51:55.367 | INFO     | models.tt_transformers.demo.simple_text_demo:test_demo_text:1429 - Average speed: 93.25ms @ 10.72 tok/s/user (10.72 tok/s throughput)
2026-06-04 16:51:55.368 | INFO     | models.tt_transformers.demo.simple_text_demo:test_demo_text:1450 - Model Llama-3.1-8B does not have prefill targets set for device P150
PASSED2026-06-04 16:51:55.447 | warning  |           Metal | Profiler DRAM buffers were full, markers were dropped! device 0, worker core 1, 2, Risc BRISC,  bufferEndIndex = 15996. Please either decrease the number of ops being profiled or run read device profiler more often (profiler.cpp:1271)
2026-06-04 16:51:55.454 | warning  |           Metal | Profiler DRAM buffers were full, markers were dropped! device 0, worker core 1, 2, Risc NCRISC,  bufferEndIndex = 15996. Please either decrease the number of ops being profiled or run read device profiler more often (profiler.cpp:1271)
2026-06-04 16:51:55.459 | warning  |           Metal | Profiler DRAM buffers were full, markers were dropped! device 0, worker core 1, 2, Risc TRISC_0,  bufferEndIndex = 15996. Please either decrease the number of ops being profiled or run read device profiler more often (profiler.cpp:1271)
2026-06-04 16:51:55.461 | warning  |           Metal | Profiler DRAM buffers were full, markers were dropped! device 0, worker core 1, 2, Risc TRISC_1,  bufferEndIndex = 15996. Please either decrease the number of ops being profiled or run read device profiler more often (profiler.cpp:1271)
2026-06-04 16:51:55.464 | warning  |           Metal | Profiler DRAM buffers were full, markers were dropped! device 0, worker core 1, 2, Risc TRISC_2,  bufferEndIndex = 15996. Please either decrease the number of ops being profiled or run read device profiler more often (profiler.cpp:1271)
2026-06-04 16:51:55.465 | warning  |           Metal | Profiler DRAM buffers were full, markers were dropped! device 0, worker core 1, 3, Risc BRISC,  bufferEndIndex = 15996. Please either decrease the number of ops being profiled or run read device profiler more often (profiler.cpp:1271)
2026-06-04 16:51:55.468 | warning  |           Metal | Profiler DRAM buffers were full, markers were dropped! device 0, worker core 1, 3, Risc NCRISC,  bufferEndIndex = 15996. Please either decrease the number of ops being profiled or run read device profiler more often (profiler.cpp:1271)
2026-06-04 16:51:55.470 | warning  |           Metal | Profiler DRAM buffers were full, markers were dropped! device 0, worker core 1, 3, Risc TRISC_0,  bufferEndIndex = 15996. Please either decrease the number of ops being profiled or run read device profiler more often (profiler.cpp:1271)
2026-06-04 16:51:55.471 | warning  |           Metal | Profiler DRAM buffers were full, markers were dropped! device 0, worker core 1, 3, Risc TRISC_1,  bufferEndIndex = 15996. Please either decrease the number of ops being profiled or run read device profiler more often (profiler.cpp:1271)
2026-06-04 16:51:55.473 | warning  |           Metal | Profiler DRAM buffers were full, markers were dropped! device 0, worker core 1, 3, Risc TRISC_2,  bufferEndIndex = 15996. Please either decrease the number of ops being profiled or run read device profiler more often (profiler.cpp:1271)
2026-06-04 16:51:55.474 | warning  |           Metal | Profiler DRAM buffers were full, markers were dropped! device 0, worker core 1, 4, Risc BRISC,  bufferEndIndex = 15996. Please either decrease the number of ops being profiled or run read device profiler more often (profiler.cpp:1271)
2026-06-04 16:51:55.477 | warning  |           Metal | Profiler DRAM buffers were full, markers were dropped! device 0, worker core 1, 4, Risc NCRISC,  bufferEndIndex = 15996. Please either decrease the number of ops being profiled or run read device profiler more often (profiler.cpp:1271)
2026-06-04 16:51:55.479 | warning  |           Metal | Profiler DRAM buffers were full, markers were dropped! device 0, worker core 1, 4, Risc TRISC_0,  bufferEndIndex = 15996. Please either decrease the number of ops being profiled or run read device profiler more often (profiler.cpp:1271)
2026-06-04 16:51:55.481 | warning  |           Metal | Profiler DRAM buffers were full, markers were dropped! device 0, worker core 1, 4, Risc TRISC_1,  bufferEndIndex = 15996. Please either decrease the number of ops being profiled or run read device profiler more often (profiler.cpp:1271)
2026-06-04 16:51:55.482 | warning  |           Metal | Profiler DRAM buffers were full, markers were dropped! device 0, worker core 1, 4, Risc TRISC_2,  bufferEndIndex = 15996. Please either decrease the number of ops being profiled or run read device profiler more often (profiler.cpp:1271)
2026-06-04 16:51:55.484 | warning  |           Metal | Profiler DRAM buffers were full, markers were dropped! device 0, worker core 1, 5, Risc BRISC,  bufferEndIndex = 15996. Please either decrease the number of ops being profiled or run read device profiler more often (profiler.cpp:1271)
2026-06-04 16:51:55.486 | warning  |           Metal | Profiler DRAM buffers were full, markers were dropped! device 0, worker core 1, 5, Risc NCRISC,  bufferEndIndex = 15996. Please either decrease the number of ops being profiled or run read device profiler more often (profiler.cpp:1271)
2026-06-04 16:51:55.488 | warning  |           Metal | Profiler DRAM buffers were full, markers were dropped! device 0, worker core 1, 5, Risc TRISC_0,  bufferEndIndex = 15996. Please either decrease the number of ops being profiled or run read device profiler more often (profiler.cpp:1271)
2026-06-04 16:51:55.490 | warning  |           Metal | Profiler DRAM buffers were full, markers were dropped! device 0, worker core 1, 5, Risc TRISC_1,  bufferEndIndex = 15996. Please either decrease the number of ops being profiled or run read device profiler more often (profiler.cpp:1271)
2026-06-04 16:51:55.491 | warning  |           Metal | Profiler DRAM buffers were full, markers were dropped! device 0, worker core 1, 5, Risc TRISC_2,  bufferEndIndex = 15996. Please either decrease the number of ops being profiled or run read device profiler more often (profiler.cpp:1271)
2026-06-04 16:51:55.493 | warning  |           Metal | Profiler DRAM buffers were full, markers were dropped! device 0, worker core 1, 6, Risc BRISC,  bufferEndIndex = 15996. Please either decrease the number of ops being profiled or run read device profiler more often (profiler.cpp:1271)
2026-06-04 16:51:55.495 | warning  |           Metal | Profiler DRAM buffers were full, markers were dropped! device 0, worker core 1, 6, Risc NCRISC,  bufferEndIndex = 15996. Please either decrease the number of ops being profiled or run read device profiler more often (profiler.cpp:1271)
2026-06-04 16:51:55.497 | warning  |           Metal | Profiler DRAM buffers were full, markers were dropped! device 0, worker core 1, 6, Risc TRISC_0,  bufferEndIndex = 15996. Please either decrease the number of ops being profiled or run read device profiler more often (profiler.cpp:1271)
2026-06-04 16:51:55.499 | warning  |           Metal | Profiler DRAM buffers were full, markers were dropped! device 0, worker core 1, 6, Risc TRISC_1,  bufferEndIndex = 15996. Please either decrease the number of ops being profiled or run read device profiler more often (profiler.cpp:1271)
2026-06-04 16:51:55.501 | warning  |           Metal | Profiler DRAM buffers were full, markers were dropped! device 0, worker core 1, 6, Risc TRISC_2,  bufferEndIndex = 15996. Please either decrease the number of ops being profiled or run read device profiler more often (profiler.cpp:1271)
2026-06-04 16:51:55.502 | warning  |           Metal | Profiler DRAM buffers were full, markers were dropped! device 0, worker core 1, 7, Risc BRISC,  bufferEndIndex = 15996. Please either decrease the number of ops being profiled or run read device profiler more often (profiler.cpp:1271)
2026-06-04 16:51:55.504 | warning  |           Metal | Profiler DRAM buffers were full, markers were dropped! device 0, worker core 1, 7, Risc NCRISC,  bufferEndIndex = 15996. Please either decrease the number of ops being profiled or run read device profiler more often (profiler.cpp:1271)
2026-06-04 16:51:55.506 | warning  |           Metal | Profiler DRAM buffers were full, markers were dropped! device 0, worker core 1, 7, Risc TRISC_0,  bufferEndIndex = 15996. Please either decrease the number of ops being profiled or run read device profiler more often (profiler.cpp:1271)
2026-06-04 16:51:55.508 | warning  |           Metal | Profiler DRAM buffers were full, markers were dropped! device 0, worker core 1, 7, Risc TRISC_1,  bufferEndIndex = 15996. Please either decrease the number of ops being profiled or run read device profiler more often (profiler.cpp:1271)
2026-06-04 16:51:55.510 | warning  |           Metal | Profiler DRAM buffers were full, markers were dropped! device 0, worker core 1, 7, Risc TRISC_2,  bufferEndIndex = 15996. Please either decrease the number of ops being profiled or run read device profiler more often (profiler.cpp:1271)
2026-06-04 16:51:55.511 | warning  |           Metal | Profiler DRAM buffers were full, markers were dropped! device 0, worker core 1, 8, Risc BRISC,  bufferEndIndex = 15996. Please either decrease the number of ops being profiled or run read device profiler more often (profiler.cpp:1271)
2026-06-04 16:51:55.513 | warning  |           Metal | Profiler DRAM buffers were full, markers were dropped! device 0, worker core 1, 8, Risc NCRISC,  bufferEndIndex = 16000. Please either decrease the number of ops being profiled or run read device profiler more often (profiler.cpp:1271)
2026-06-04 16:51:55.516 | warning  |           Metal | Profiler DRAM buffers were full, markers were dropped! device 0, worker core 1, 8, Risc TRISC_0,  bufferEndIndex = 15992. Please either decrease the number of ops being profiled or run read device profiler more often (profiler.cpp:1271)
2026-06-04 16:51:55.517 | warning  |           Metal | Profiler DRAM buffers were full, markers were dropped! device 0, worker core 1, 8, Risc TRISC_1,  bufferEndIndex = 15992. Please either decrease the number of ops being profiled or run read device profiler more often (profiler.cpp:1271)
2026-06-04 16:51:55.519 | warning  |           Metal | Profiler DRAM buffers were full, markers were dropped! device 0, worker core 1, 8, Risc TRISC_2,  bufferEndIndex = 15992. Please either decrease the number of ops being profiled or run read device profiler more often (profiler.cpp:1271)
2026-06-04 16:51:55.520 | warning  |           Metal | Profiler DRAM buffers were full, markers were dropped! device 0, worker core 1, 9, Risc BRISC,  bufferEndIndex = 15996. Please either decrease the number of ops being profiled or run read device profiler more often (profiler.cpp:1271)
2026-06-04 16:51:55.523 | warning  |           Metal | Profiler DRAM buffers were full, markers were dropped! device 0, worker core 1, 9, Risc NCRISC,  bufferEndIndex = 16000. Please either decrease the number of ops being profiled or run read device profiler more often (profiler.cpp:1271)
2026-06-04 16:51:55.525 | warning  |           Metal | Profiler DRAM buffers were full, markers were dropped! device 0, worker core 1, 9, Risc TRISC_0,  bufferEndIndex = 15992. Please either decrease the number of ops being profiled or run read device profiler more often (profiler.cpp:1271)
2026-06-04 16:51:55.527 | warning  |           Metal | Profiler DRAM buffers were full, markers were dropped! device 0, worker core 1, 9, Risc TRISC_1,  bufferEndIndex = 15992. Please either decrease the number of ops being profiled or run read device profiler more often (profiler.cpp:1271)
2026-06-04 16:51:55.529 | warning  |           Metal | Profiler DRAM buffers were full, markers were dropped! device 0, worker core 1, 9, Risc TRISC_2,  bufferEndIndex = 15992. Please either decrease the number of ops being profiled or run read device profiler more often (profiler.cpp:1271)
2026-06-04 16:51:55.531 | warning  |           Metal | Profiler DRAM buffers were full, markers were dropped! device 0, worker core 1, 10, Risc BRISC,  bufferEndIndex = 15996. Please either decrease the number of ops being profiled or run read device profiler more often (profiler.cpp:1271)
2026-06-04 16:51:55.533 | warning  |           Metal | Profiler DRAM buffers were full, markers were dropped! device 0, worker core 1, 10, Risc NCRISC,  bufferEndIndex = 15996. Please either decrease the number of ops being profiled or run read device profiler more often (profiler.cpp:1271)
2026-06-04 16:51:55.536 | warning  |           Metal | Profiler DRAM buffers were full, markers were dropped! device 0, worker core 1, 10, Risc TRISC_0,  bufferEndIndex = 15996. Please either decrease the number of ops being profiled or run read device profiler more often (profiler.cpp:1271)
2026-06-04 16:51:55.538 | warning  |           Metal | Profiler DRAM buffers were full, markers were dropped! device 0, worker core 1, 10, Risc TRISC_1,  bufferEndIndex = 15996. Please either decrease the number of ops being profiled or run read device profiler more often (profiler.cpp:1271)
2026-06-04 16:51:55.540 | warning  |           Metal | Profiler DRAM buffers were full, markers were dropped! device 0, worker core 1, 10, Risc TRISC_2,  bufferEndIndex = 15996. Please either decrease the number of ops being profiled or run read device profiler more often (profiler.cpp:1271)
2026-06-04 16:51:55.542 | warning  |           Metal | Profiler DRAM buffers were full, markers were dropped! device 0, worker core 1, 11, Risc BRISC,  bufferEndIndex = 15996. Please either decrease the number of ops being profiled or run read device profiler more often (profiler.cpp:1271)
2026-06-04 16:51:55.544 | warning  |           Metal | Profiler DRAM buffers were full, markers were dropped! device 0, worker core 1, 11, Risc NCRISC,  bufferEndIndex = 15996. Please either decrease the number of ops being profiled or run read device profiler more often (profiler.cpp:1271)
2026-06-04 16:51:55.547 | warning  |           Metal | Profiler DRAM buffers were full, markers were dropped! device 0, worker core 1, 11, Risc TRISC_0,  bufferEndIndex = 15996. Please either decrease the number of ops being profiled or run read device profiler more often (profiler.cpp:1271)
2026-06-04 16:51:55.549 | warning  |           Metal | Profiler DRAM buffers were full, markers were dropped! device 0, worker core 1, 11, Risc TRISC_1,  bufferEndIndex = 15996. Please either decrease the number of ops being profiled or run read device profiler more often (profiler.cpp:1271)
2026-06-04 16:51:55.551 | warning  |           Metal | Profiler DRAM buffers were full, markers were dropped! device 0, worker core 1, 11, Risc TRISC_2,  bufferEndIndex = 15996. Please either decrease the number of ops being profiled or run read device profiler more often (profiler.cpp:1271)
2026-06-04 16:51:55.553 | warning  |           Metal | Profiler DRAM buffers were full, markers were dropped! device 0, worker core 2, 2, Risc BRISC,  bufferEndIndex = 15996. Please either decrease the number of ops being profiled or run read device profiler more often (profiler.cpp:1271)
2026-06-04 16:51:55.556 | warning  |           Metal | Profiler DRAM buffers were full, markers were dropped! device 0, worker core 2, 2, Risc NCRISC,  bufferEndIndex = 15996. Please either decrease the number of ops being profiled or run read device profiler more often (profiler.cpp:1271)
2026-06-04 16:51:55.558 | warning  |           Metal | Profiler DRAM buffers were full, markers were dropped! device 0, worker core 2, 2, Risc TRISC_0,  bufferEndIndex = 15996. Please either decrease the number of ops being profiled or run read device profiler more often (profiler.cpp:1271)
2026-06-04 16:51:55.560 | warning  |           Metal | Profiler DRAM buffers were full, markers were dropped! device 0, worker core 2, 2, Risc TRISC_1,  bufferEndIndex = 15996. Please either decrease the number of ops being profiled or run read device profiler more often (profiler.cpp:1271)
2026-06-04 16:51:55.562 | warning  |           Metal | Profiler DRAM buffers were full, markers were dropped! device 0, worker core 2, 2, Risc TRISC_2,  bufferEndIndex = 15996. Please either decrease the number of ops being profiled or run read device profiler more often (profiler.cpp:1271)
2026-06-04 16:51:55.564 | warning  |           Metal | Profiler DRAM buffers were full, markers were dropped! device 0, worker core 2, 3, Risc BRISC,  bufferEndIndex = 15996. Please either decrease the number of ops being profiled or run read device profiler more often (profiler.cpp:1271)
2026-06-04 16:51:55.567 | warning  |           Metal | Profiler DRAM buffers were full, markers were dropped! device 0, worker core 2, 3, Risc NCRISC,  bufferEndIndex = 15996. Please either decrease the number of ops being profiled or run read device profiler more often (profiler.cpp:1271)
2026-06-04 16:51:55.569 | warning  |           Metal | Profiler DRAM buffers were full, markers were dropped! device 0, worker core 2, 3, Risc TRISC_0,  bufferEndIndex = 15996. Please either decrease the number of ops being profiled or run read device profiler more often (profiler.cpp:1271)
2026-06-04 16:51:55.571 | warning  |           Metal | Profiler DRAM buffers were full, markers were dropped! device 0, worker core 2, 3, Risc TRISC_1,  bufferEndIndex = 15996. Please either decrease the number of ops being profiled or run read device profiler more often (profiler.cpp:1271)
2026-06-04 16:51:55.573 | warning  |           Metal | Profiler DRAM buffers were full, markers were dropped! device 0, worker core 2, 3, Risc TRISC_2,  bufferEndIndex = 15996. Please either decrease the number of ops being profiled or run read device profiler more often (profiler.cpp:1271)
2026-06-04 16:51:55.575 | warning  |           Metal | Profiler DRAM buffers were full, markers were dropped! device 0, worker core 2, 4, Risc BRISC,  bufferEndIndex = 15996. Please either decrease the number of ops being profiled or run read device profiler more often (profiler.cpp:1271)
2026-06-04 16:51:55.577 | warning  |           Metal | Profiler DRAM buffers were full, markers were dropped! device 0, worker core 2, 4, Risc NCRISC,  bufferEndIndex = 15996. Please either decrease the number of ops being profiled or run read device profiler more often (profiler.cpp:1271)
2026-06-04 16:51:55.580 | warning  |           Metal | Profiler DRAM buffers were full, markers were dropped! device 0, worker core 2, 4, Risc TRISC_0,  bufferEndIndex = 15996. Please either decrease the number of ops being profiled or run read device profiler more often (profiler.cpp:1271)
2026-06-04 16:51:55.582 | warning  |           Metal | Profiler DRAM buffers were full, markers were dropped! device 0, worker core 2, 4, Risc TRISC_1,  bufferEndIndex = 15996. Please either decrease the number of ops being profiled or run read device profiler more often (profiler.cpp:1271)
2026-06-04 16:51:55.584 | warning  |           Metal | Profiler DRAM buffers were full, markers were dropped! device 0, worker core 2, 4, Risc TRISC_2,  bufferEndIndex = 15996. Please either decrease the number of ops being profiled or run read device profiler more often (profiler.cpp:1271)
2026-06-04 16:51:55.586 | warning  |           Metal | Profiler DRAM buffers were full, markers were dropped! device 0, worker core 2, 5, Risc BRISC,  bufferEndIndex = 15996. Please either decrease the number of ops being profiled or run read device profiler more often (profiler.cpp:1271)
2026-06-04 16:51:55.588 | warning  |           Metal | Profiler DRAM buffers were full, markers were dropped! device 0, worker core 2, 5, Risc NCRISC,  bufferEndIndex = 15996. Please either decrease the number of ops being profiled or run read device profiler more often (profiler.cpp:1271)
2026-06-04 16:51:55.592 | warning  |           Metal | Profiler DRAM buffers were full, markers were dropped! device 0, worker core 2, 5, Risc TRISC_0,  bufferEndIndex = 15996. Please either decrease the number of ops being profiled or run read device profiler more often (profiler.cpp:1271)
2026-06-04 16:51:55.593 | warning  |           Metal | Profiler DRAM buffers were full, markers were dropped! device 0, worker core 2, 5, Risc TRISC_1,  bufferEndIndex = 15996. Please either decrease the number of ops being profiled or run read device profiler more often (profiler.cpp:1271)
2026-06-04 16:51:55.595 | warning  |           Metal | Profiler DRAM buffers were full, markers were dropped! device 0, worker core 2, 5, Risc TRISC_2,  bufferEndIndex = 15996. Please either decrease the number of ops being profiled or run read device profiler more often (profiler.cpp:1271)
2026-06-04 16:51:55.597 | warning  |           Metal | Profiler DRAM buffers were full, markers were dropped! device 0, worker core 2, 6, Risc BRISC,  bufferEndIndex = 15996. Please either decrease the number of ops being profiled or run read device profiler more often (profiler.cpp:1271)
2026-06-04 16:51:55.600 | warning  |           Metal | Profiler DRAM buffers were full, markers were dropped! device 0, worker core 2, 6, Risc NCRISC,  bufferEndIndex = 15996. Please either decrease the number of ops being profiled or run read device profiler more often (profiler.cpp:1271)
2026-06-04 16:51:55.602 | warning  |           Metal | Profiler DRAM buffers were full, markers were dropped! device 0, worker core 2, 6, Risc TRISC_0,  bufferEndIndex = 15996. Please either decrease the number of ops being profiled or run read device profiler more often (profiler.cpp:1271)
2026-06-04 16:51:55.604 | warning  |           Metal | Profiler DRAM buffers were full, markers were dropped! device 0, worker core 2, 6, Risc TRISC_1,  bufferEndIndex = 15996. Please either decrease the number of ops being profiled or run read device profiler more often (profiler.cpp:1271)
2026-06-04 16:51:55.606 | warning  |           Metal | Profiler DRAM buffers were full, markers were dropped! device 0, worker core 2, 6, Risc TRISC_2,  bufferEndIndex = 15996. Please either decrease the number of ops being profiled or run read device profiler more often (profiler.cpp:1271)
2026-06-04 16:51:55.608 | warning  |           Metal | Profiler DRAM buffers were full, markers were dropped! device 0, worker core 2, 7, Risc BRISC,  bufferEndIndex = 15996. Please either decrease the number of ops being profiled or run read device profiler more often (profiler.cpp:1271)
2026-06-04 16:51:55.610 | warning  |           Metal | Profiler DRAM buffers were full, markers were dropped! device 0, worker core 2, 7, Risc NCRISC,  bufferEndIndex = 15996. Please either decrease the number of ops being profiled or run read device profiler more often (profiler.cpp:1271)
2026-06-04 16:51:55.613 | warning  |           Metal | Profiler DRAM buffers were full, markers were dropped! device 0, worker core 2, 7, Risc TRISC_0,  bufferEndIndex = 15996. Please either decrease the number of ops being profiled or run read device profiler more often (profiler.cpp:1271)
2026-06-04 16:51:55.615 | warning  |           Metal | Profiler DRAM buffers were full, markers were dropped! device 0, worker core 2, 7, Risc TRISC_1,  bufferEndIndex = 15996. Please either decrease the number of ops being profiled or run read device profiler more often (profiler.cpp:1271)
2026-06-04 16:51:55.616 | warning  |           Metal | Profiler DRAM buffers were full, markers were dropped! device 0, worker core 2, 7, Risc TRISC_2,  bufferEndIndex = 15996. Please either decrease the number of ops being profiled or run read device profiler more often (profiler.cpp:1271)
2026-06-04 16:51:55.618 | warning  |           Metal | Profiler DRAM buffers were full, markers were dropped! device 0, worker core 2, 8, Risc BRISC,  bufferEndIndex = 15996. Please either decrease the number of ops being profiled or run read device profiler more often (profiler.cpp:1271)
2026-06-04 16:51:55.620 | warning  |           Metal | Profiler DRAM buffers were full, markers were dropped! device 0, worker core 2, 8, Risc NCRISC,  bufferEndIndex = 16000. Please either decrease the number of ops being profiled or run read device profiler more often (profiler.cpp:1271)
2026-06-04 16:51:55.622 | warning  |           Metal | Profiler DRAM buffers were full, markers were dropped! device 0, worker core 2, 8, Risc TRISC_0,  bufferEndIndex = 15992. Please either decrease the number of ops being profiled or run read device profiler more often (profiler.cpp:1271)
2026-06-04 16:51:55.624 | warning  |           Metal | Profiler DRAM buffers were full, markers were dropped! device 0, worker core 2, 8, Risc TRISC_1,  bufferEndIndex = 15992. Please either decrease the number of ops being profiled or run read device profiler more often (profiler.cpp:1271)
2026-06-04 16:51:55.625 | warning  |           Metal | Profiler DRAM buffers were full, markers were dropped! device 0, worker core 2, 8, Risc TRISC_2,  bufferEndIndex = 15992. Please either decrease the number of ops being profiled or run read device profiler more often (profiler.cpp:1271)
2026-06-04 16:51:55.627 | warning  |           Metal | Profiler DRAM buffers were full, markers were dropped! device 0, worker core 2, 9, Risc BRISC,  bufferEndIndex = 15996. Please either decrease the number of ops being profiled or run read device profiler more often (profiler.cpp:1271)
2026-06-04 16:51:55.629 | warning  |           Metal | Profiler DRAM buffers were full, markers were dropped! device 0, worker core 2, 9, Risc NCRISC,  bufferEndIndex = 16000. Please either decrease the number of ops being profiled or run read device profiler more often (profiler.cpp:1271)
2026-06-04 16:51:55.632 | warning  |           Metal | Profiler DRAM buffers were full, markers were dropped! device 0, worker core 2, 9, Risc TRISC_0,  bufferEndIndex = 15992. Please either decrease the number of ops being profiled or run read device profiler more often (profiler.cpp:1271)
2026-06-04 16:51:55.633 | warning  |           Metal | Profiler DRAM buffers were full, markers were dropped! device 0, worker core 2, 9, Risc TRISC_1,  bufferEndIndex = 15992. Please either decrease the number of ops being profiled or run read device profiler more often (profiler.cpp:1271)
2026-06-04 16:51:55.635 | warning  |           Metal | Profiler DRAM buffers were full, markers were dropped! device 0, worker core 2, 9, Risc TRISC_2,  bufferEndIndex = 15992. Please either decrease the number of ops being profiled or run read device profiler more often (profiler.cpp:1271)
2026-06-04 16:51:55.637 | warning  |           Metal | Profiler DRAM buffers were full, markers were dropped! device 0, worker core 2, 10, Risc BRISC,  bufferEndIndex = 15996. Please either decrease the number of ops being profiled or run read device profiler more often (profiler.cpp:1271)
2026-06-04 16:51:55.640 | warning  |           Metal | Profiler DRAM buffers were full, markers were dropped! device 0, worker core 2, 10, Risc NCRISC,  bufferEndIndex = 15996. Please either decrease the number of ops being profiled or run read device profiler more often (profiler.cpp:1271)
2026-06-04 16:51:55.642 | warning  |           Metal | Profiler DRAM buffers were full, markers were dropped! device 0, worker core 2, 10, Risc TRISC_0,  bufferEndIndex = 15996. Please either decrease the number of ops being profiled or run read device profiler more often (profiler.cpp:1271)
2026-06-04 16:51:55.645 | warning  |           Metal | Profiler DRAM buffers were full, markers were dropped! device 0, worker core 2, 10, Risc TRISC_1,  bufferEndIndex = 15996. Please either decrease the number of ops being profiled or run read device profiler more often (profiler.cpp:1271)
2026-06-04 16:51:55.647 | warning  |           Metal | Profiler DRAM buffers were full, markers were dropped! device 0, worker core 2, 10, Risc TRISC_2,  bufferEndIndex = 15996. Please either decrease the number of ops being profiled or run read device profiler more often (profiler.cpp:1271)
2026-06-04 16:51:55.649 | warning  |           Metal | Profiler DRAM buffers were full, markers were dropped! device 0, worker core 2, 11, Risc BRISC,  bufferEndIndex = 15996. Please either decrease the number of ops being profiled or run read device profiler more often (profiler.cpp:1271)
2026-06-04 16:51:55.651 | warning  |           Metal | Profiler DRAM buffers were full, markers were dropped! device 0, worker core 2, 11, Risc NCRISC,  bufferEndIndex = 15996. Please either decrease the number of ops being profiled or run read device profiler more often (profiler.cpp:1271)
2026-06-04 16:51:55.653 | warning  |           Metal | Profiler DRAM buffers were full, markers were dropped! device 0, worker core 2, 11, Risc TRISC_0,  bufferEndIndex = 15996. Please either decrease the number of ops being profiled or run read device profiler more often (profiler.cpp:1271)
2026-06-04 16:51:55.655 | warning  |           Metal | Profiler DRAM buffers were full, markers were dropped! device 0, worker core 2, 11, Risc TRISC_1,  bufferEndIndex = 15996. Please either decrease the number of ops being profiled or run read device profiler more often (profiler.cpp:1271)
2026-06-04 16:51:55.657 | warning  |           Metal | Profiler DRAM buffers were full, markers were dropped! device 0, worker core 2, 11, Risc TRISC_2,  bufferEndIndex = 15996. Please either decrease the number of ops being profiled or run read device profiler more often (profiler.cpp:1271)
2026-06-04 16:51:55.660 | warning  |           Metal | Profiler DRAM buffers were full, markers were dropped! device 0, worker core 3, 2, Risc BRISC,  bufferEndIndex = 15996. Please either decrease the number of ops being profiled or run read device profiler more often (profiler.cpp:1271)
2026-06-04 16:51:55.662 | warning  |           Metal | Profiler DRAM buffers were full, markers were dropped! device 0, worker core 3, 2, Risc NCRISC,  bufferEndIndex = 15996. Please either decrease the number of ops being profiled or run read device profiler more often (profiler.cpp:1271)
2026-06-04 16:51:55.665 | warning  |           Metal | Profiler DRAM buffers were full, markers were dropped! device 0, worker core 3, 2, Risc TRISC_0,  bufferEndIndex = 15996. Please either decrease the number of ops being profiled or run read device profiler more often (profiler.cpp:1271)
2026-06-04 16:51:55.667 | warning  |           Metal | Profiler DRAM buffers were full, markers were dropped! device 0, worker core 3, 2, Risc TRISC_1,  bufferEndIndex = 15996. Please either decrease the number of ops being profiled or run read device profiler more often (profiler.cpp:1271)
2026-06-04 16:51:55.669 | warning  |           Metal | Profiler DRAM buffers were full, markers were dropped! device 0, worker core 3, 2, Risc TRISC_2,  bufferEndIndex = 15996. Please either decrease the number of ops being profiled or run read device profiler more often (profiler.cpp:1271)
2026-06-04 16:51:55.671 | warning  |           Metal | Profiler DRAM buffers were full, markers were dropped! device 0, worker core 3, 3, Risc BRISC,  bufferEndIndex = 15996. Please either decrease the number of ops being profiled or run read device profiler more often (profiler.cpp:1271)
2026-06-04 16:51:55.673 | warning  |           Metal | Profiler DRAM buffers were full, markers were dropped! device 0, worker core 3, 3, Risc NCRISC,  bufferEndIndex = 15996. Please either decrease the number of ops being profiled or run read device profiler more often (profiler.cpp:1271)
2026-06-04 16:51:55.676 | warning  |           Metal | Profiler DRAM buffers were full, markers were dropped! device 0, worker core 3, 3, Risc TRISC_0,  bufferEndIndex = 15996. Please either decrease the number of ops being profiled or run read device profiler more often (profiler.cpp:1271)
2026-06-04 16:51:55.678 | warning  |           Metal | Profiler DRAM buffers were full, markers were dropped! device 0, worker core 3, 3, Risc TRISC_1,  bufferEndIndex = 15996. Please either decrease the number of ops being profiled or run read device profiler more often (profiler.cpp:1271)
2026-06-04 16:51:55.680 | warning  |           Metal | Profiler DRAM buffers were full, markers were dropped! device 0, worker core 3, 3, Risc TRISC_2,  bufferEndIndex = 15996. Please either decrease the number of ops being profiled or run read device profiler more often (profiler.cpp:1271)
2026-06-04 16:51:55.682 | warning  |           Metal | Profiler DRAM buffers were full, markers were dropped! device 0, worker core 3, 4, Risc BRISC,  bufferEndIndex = 15996. Please either decrease the number of ops being profiled or run read device profiler more often (profiler.cpp:1271)
2026-06-04 16:51:55.684 | warning  |           Metal | Profiler DRAM buffers were full, markers were dropped! device 0, worker core 3, 4, Risc NCRISC,  bufferEndIndex = 15996. Please either decrease the number of ops being profiled or run read device profiler more often (profiler.cpp:1271)
2026-06-04 16:51:55.687 | warning  |           Metal | Profiler DRAM buffers were full, markers were dropped! device 0, worker core 3, 4, Risc TRISC_0,  bufferEndIndex = 15996. Please either decrease the number of ops being profiled or run read device profiler more often (profiler.cpp:1271)
2026-06-04 16:51:55.689 | warning  |           Metal | Profiler DRAM buffers were full, markers were dropped! device 0, worker core 3, 4, Risc TRISC_1,  bufferEndIndex = 15996. Please either decrease the number of ops being profiled or run read device profiler more often (profiler.cpp:1271)
2026-06-04 16:51:55.691 | warning  |           Metal | Profiler DRAM buffers were full, markers were dropped! device 0, worker core 3, 4, Risc TRISC_2,  bufferEndIndex = 15996. Please either decrease the number of ops being profiled or run read device profiler more often (profiler.cpp:1271)
2026-06-04 16:51:55.693 | warning  |           Metal | Profiler DRAM buffers were full, markers were dropped! device 0, worker core 3, 5, Risc BRISC,  bufferEndIndex = 15996. Please either decrease the number of ops being profiled or run read device profiler more often (profiler.cpp:1271)
2026-06-04 16:51:55.695 | warning  |           Metal | Profiler DRAM buffers were full, markers were dropped! device 0, worker core 3, 5, Risc NCRISC,  bufferEndIndex = 15996. Please either decrease the number of ops being profiled or run read device profiler more often (profiler.cpp:1271)
2026-06-04 16:51:55.698 | warning  |           Metal | Profiler DRAM buffers were full, markers were dropped! device 0, worker core 3, 5, Risc TRISC_0,  bufferEndIndex = 15996. Please either decrease the number of ops being profiled or run read device profiler more often (profiler.cpp:1271)
2026-06-04 16:51:55.700 | warning  |           Metal | Profiler DRAM buffers were full, markers were dropped! device 0, worker core 3, 5, Risc TRISC_1,  bufferEndIndex = 15996. Please either decrease the number of ops being profiled or run read device profiler more often (profiler.cpp:1271)
2026-06-04 16:51:55.702 | warning  |           Metal | Profiler DRAM buffers were full, markers were dropped! device 0, worker core 3, 5, Risc TRISC_2,  bufferEndIndex = 15996. Please either decrease the number of ops being profiled or run read device profiler more often (profiler.cpp:1271)
2026-06-04 16:51:55.703 | warning  |           Metal | Profiler DRAM buffers were full, markers were dropped! device 0, worker core 3, 6, Risc BRISC,  bufferEndIndex = 15996. Please either decrease the number of ops being profiled or run read device profiler more often (profiler.cpp:1271)
2026-06-04 16:51:55.706 | warning  |           Metal | Profiler DRAM buffers were full, markers were dropped! device 0, worker core 3, 6, Risc NCRISC,  bufferEndIndex = 15996. Please either decrease the number of ops being profiled or run read device profiler more often (profiler.cpp:1271)
2026-06-04 16:51:55.709 | warning  |           Metal | Profiler DRAM buffers were full, markers were dropped! device 0, worker core 3, 6, Risc TRISC_0,  bufferEndIndex = 15996. Please either decrease the number of ops being profiled or run read device profiler more often (profiler.cpp:1271)
2026-06-04 16:51:55.711 | warning  |           Metal | Profiler DRAM buffers were full, markers were dropped! device 0, worker core 3, 6, Risc TRISC_1,  bufferEndIndex = 15996. Please either decrease the number of ops being profiled or run read device profiler more often (profiler.cpp:1271)
2026-06-04 16:51:55.712 | warning  |           Metal | Profiler DRAM buffers were full, markers were dropped! device 0, worker core 3, 6, Risc TRISC_2,  bufferEndIndex = 15996. Please either decrease the number of ops being profiled or run read device profiler more often (profiler.cpp:1271)
2026-06-04 16:51:55.714 | warning  |           Metal | Profiler DRAM buffers were full, markers were dropped! device 0, worker core 3, 7, Risc BRISC,  bufferEndIndex = 15996. Please either decrease the number of ops being profiled or run read device profiler more often (profiler.cpp:1271)
2026-06-04 16:51:55.717 | warning  |           Metal | Profiler DRAM buffers were full, markers were dropped! device 0, worker core 3, 7, Risc NCRISC,  bufferEndIndex = 15996. Please either decrease the number of ops being profiled or run read device profiler more often (profiler.cpp:1271)
2026-06-04 16:51:55.719 | warning  |           Metal | Profiler DRAM buffers were full, markers were dropped! device 0, worker core 3, 7, Risc TRISC_0,  bufferEndIndex = 15996. Please either decrease the number of ops being profiled or run read device profiler more often (profiler.cpp:1271)
2026-06-04 16:51:55.720 | warning  |           Metal | Profiler DRAM buffers were full, markers were dropped! device 0, worker core 3, 7, Risc TRISC_1,  bufferEndIndex = 15996. Please either decrease the number of ops being profiled or run read device profiler more often (profiler.cpp:1271)
2026-06-04 16:51:55.722 | warning  |           Metal | Profiler DRAM buffers were full, markers were dropped! device 0, worker core 3, 7, Risc TRISC_2,  bufferEndIndex = 15996. Please either decrease the number of ops being profiled or run read device profiler more often (profiler.cpp:1271)
2026-06-04 16:51:55.723 | warning  |           Metal | Profiler DRAM buffers were full, markers were dropped! device 0, worker core 3, 8, Risc BRISC,  bufferEndIndex = 15996. Please either decrease the number of ops being profiled or run read device profiler more often (profiler.cpp:1271)
2026-06-04 16:51:55.726 | warning  |           Metal | Profiler DRAM buffers were full, markers were dropped! device 0, worker core 3, 8, Risc NCRISC,  bufferEndIndex = 16000. Please either decrease the number of ops being profiled or run read device profiler more often (profiler.cpp:1271)
2026-06-04 16:51:55.729 | warning  |           Metal | Profiler DRAM buffers were full, markers were dropped! device 0, worker core 3, 8, Risc TRISC_0,  bufferEndIndex = 15992. Please either decrease the number of ops being profiled or run read device profiler more often (profiler.cpp:1271)
2026-06-04 16:51:55.730 | warning  |           Metal | Profiler DRAM buffers were full, markers were dropped! device 0, worker core 3, 8, Risc TRISC_1,  bufferEndIndex = 15992. Please either decrease the number of ops being profiled or run read device profiler more often (profiler.cpp:1271)
2026-06-04 16:51:55.732 | warning  |           Metal | Profiler DRAM buffers were full, markers were dropped! device 0, worker core 3, 8, Risc TRISC_2,  bufferEndIndex = 15992. Please either decrease the number of ops being profiled or run read device profiler more often (profiler.cpp:1271)
2026-06-04 16:51:55.734 | warning  |           Metal | Profiler DRAM buffers were full, markers were dropped! device 0, worker core 3, 9, Risc BRISC,  bufferEndIndex = 15996. Please either decrease the number of ops being profiled or run read device profiler more often (profiler.cpp:1271)
2026-06-04 16:51:55.737 | warning  |           Metal | Profiler DRAM buffers were full, markers were dropped! device 0, worker core 3, 9, Risc NCRISC,  bufferEndIndex = 16000. Please either decrease the number of ops being profiled or run read device profiler more often (profiler.cpp:1271)
2026-06-04 16:51:55.740 | warning  |           Metal | Profiler DRAM buffers were full, markers were dropped! device 0, worker core 3, 9, Risc TRISC_0,  bufferEndIndex = 15992. Please either decrease the number of ops being profiled or run read device profiler more often (profiler.cpp:1271)
2026-06-04 16:51:55.741 | warning  |           Metal | Profiler DRAM buffers were full, markers were dropped! device 0, worker core 3, 9, Risc TRISC_1,  bufferEndIndex = 15992. Please either decrease the number of ops being profiled or run read device profiler more often (profiler.cpp:1271)
2026-06-04 16:51:55.743 | warning  |           Metal | Profiler DRAM buffers were full, markers were dropped! device 0, worker core 3, 9, Risc TRISC_2,  bufferEndIndex = 15992. Please either decrease the number of ops being profiled or run read device profiler more often (profiler.cpp:1271)
2026-06-04 16:51:55.744 | warning  |           Metal | Profiler DRAM buffers were full, markers were dropped! device 0, worker core 3, 10, Risc BRISC,  bufferEndIndex = 15996. Please either decrease the number of ops being profiled or run read device profiler more often (profiler.cpp:1271)
2026-06-04 16:51:55.747 | warning  |           Metal | Profiler DRAM buffers were full, markers were dropped! device 0, worker core 3, 10, Risc NCRISC,  bufferEndIndex = 15996. Please either decrease the number of ops being profiled or run read device profiler more often (profiler.cpp:1271)
2026-06-04 16:51:55.749 | warning  |           Metal | Profiler DRAM buffers were full, markers were dropped! device 0, worker core 3, 10, Risc TRISC_0,  bufferEndIndex = 15996. Please either decrease the number of ops being profiled or run read device profiler more often (profiler.cpp:1271)
2026-06-04 16:51:55.751 | warning  |           Metal | Profiler DRAM buffers were full, markers were dropped! device 0, worker core 3, 10, Risc TRISC_1,  bufferEndIndex = 15996. Please either decrease the number of ops being profiled or run read device profiler more often (profiler.cpp:1271)
2026-06-04 16:51:55.754 | warning  |           Metal | Profiler DRAM buffers were full, markers were dropped! device 0, worker core 3, 10, Risc TRISC_2,  bufferEndIndex = 15996. Please either decrease the number of ops being profiled or run read device profiler more often (profiler.cpp:1271)
2026-06-04 16:51:55.756 | warning  |           Metal | Profiler DRAM buffers were full, markers were dropped! device 0, worker core 3, 11, Risc BRISC,  bufferEndIndex = 15996. Please either decrease the number of ops being profiled or run read device profiler more often (profiler.cpp:1271)
2026-06-04 16:51:55.759 | warning  |           Metal | Profiler DRAM buffers were full, markers were dropped! device 0, worker core 3, 11, Risc NCRISC,  bufferEndIndex = 15996. Please either decrease the number of ops being profiled or run read device profiler more often (profiler.cpp:1271)
2026-06-04 16:51:55.761 | warning  |           Metal | Profiler DRAM buffers were full, markers were dropped! device 0, worker core 3, 11, Risc TRISC_0,  bufferEndIndex = 15996. Please either decrease the number of ops being profiled or run read device profiler more often (profiler.cpp:1271)
2026-06-04 16:51:55.763 | warning  |           Metal | Profiler DRAM buffers were full, markers were dropped! device 0, worker core 3, 11, Risc TRISC_1,  bufferEndIndex = 15996. Please either decrease the number of ops being profiled or run read device profiler more often (profiler.cpp:1271)
2026-06-04 16:51:55.765 | warning  |           Metal | Profiler DRAM buffers were full, markers were dropped! device 0, worker core 3, 11, Risc TRISC_2,  bufferEndIndex = 15996. Please either decrease the number of ops being profiled or run read device profiler more often (profiler.cpp:1271)
2026-06-04 16:51:55.767 | warning  |           Metal | Profiler DRAM buffers were full, markers were dropped! device 0, worker core 4, 2, Risc BRISC,  bufferEndIndex = 15996. Please either decrease the number of ops being profiled or run read device profiler more often (profiler.cpp:1271)
2026-06-04 16:51:55.769 | warning  |           Metal | Profiler DRAM buffers were full, markers were dropped! device 0, worker core 4, 2, Risc NCRISC,  bufferEndIndex = 15996. Please either decrease the number of ops being profiled or run read device profiler more often (profiler.cpp:1271)
2026-06-04 16:51:55.772 | warning  |           Metal | Profiler DRAM buffers were full, markers were dropped! device 0, worker core 4, 2, Risc TRISC_0,  bufferEndIndex = 15996. Please either decrease the number of ops being profiled or run read device profiler more often (profiler.cpp:1271)
2026-06-04 16:51:55.774 | warning  |           Metal | Profiler DRAM buffers were full, markers were dropped! device 0, worker core 4, 2, Risc TRISC_1,  bufferEndIndex = 15996. Please either decrease the number of ops being profiled or run read device profiler more often (profiler.cpp:1271)
2026-06-04 16:51:55.775 | warning  |           Metal | Profiler DRAM buffers were full, markers were dropped! device 0, worker core 4, 2, Risc TRISC_2,  bufferEndIndex = 15996. Please either decrease the number of ops being profiled or run read device profiler more often (profiler.cpp:1271)
2026-06-04 16:51:55.777 | warning  |           Metal | Profiler DRAM buffers were full, markers were dropped! device 0, worker core 4, 3, Risc BRISC,  bufferEndIndex = 15996. Please either decrease the number of ops being profiled or run read device profiler more often (profiler.cpp:1271)
2026-06-04 16:51:55.780 | warning  |           Metal | Profiler DRAM buffers were full, markers were dropped! device 0, worker core 4, 3, Risc NCRISC,  bufferEndIndex = 15996. Please either decrease the number of ops being profiled or run read device profiler more often (profiler.cpp:1271)
2026-06-04 16:51:55.783 | warning  |           Metal | Profiler DRAM buffers were full, markers were dropped! device 0, worker core 4, 3, Risc TRISC_0,  bufferEndIndex = 15996. Please either decrease the number of ops being profiled or run read device profiler more often (profiler.cpp:1271)
2026-06-04 16:51:55.784 | warning  |           Metal | Profiler DRAM buffers were full, markers were dropped! device 0, worker core 4, 3, Risc TRISC_1,  bufferEndIndex = 15996. Please either decrease the number of ops being profiled or run read device profiler more often (profiler.cpp:1271)
2026-06-04 16:51:55.786 | warning  |           Metal | Profiler DRAM buffers were full, markers were dropped! device 0, worker core 4, 3, Risc TRISC_2,  bufferEndIndex = 15996. Please either decrease the number of ops being profiled or run read device profiler more often (profiler.cpp:1271)
2026-06-04 16:51:55.787 | warning  |           Metal | Profiler DRAM buffers were full, markers were dropped! device 0, worker core 4, 4, Risc BRISC,  bufferEndIndex = 15996. Please either decrease the number of ops being profiled or run read device profiler more often (profiler.cpp:1271)
2026-06-04 16:51:55.790 | warning  |           Metal | Profiler DRAM buffers were full, markers were dropped! device 0, worker core 4, 4, Risc NCRISC,  bufferEndIndex = 15996. Please either decrease the number of ops being profiled or run read device profiler more often (profiler.cpp:1271)
2026-06-04 16:51:55.792 | warning  |           Metal | Profiler DRAM buffers were full, markers were dropped! device 0, worker core 4, 4, Risc TRISC_0,  bufferEndIndex = 15996. Please either decrease the number of ops being profiled or run read device profiler more often (profiler.cpp:1271)
2026-06-04 16:51:55.794 | warning  |           Metal | Profiler DRAM buffers were full, markers were dropped! device 0, worker core 4, 4, Risc TRISC_1,  bufferEndIndex = 15996. Please either decrease the number of ops being profiled or run read device profiler more often (profiler.cpp:1271)
2026-06-04 16:51:55.795 | warning  |           Metal | Profiler DRAM buffers were full, markers were dropped! device 0, worker core 4, 4, Risc TRISC_2,  bufferEndIndex = 15996. Please either decrease the number of ops being profiled or run read device profiler more often (profiler.cpp:1271)
2026-06-04 16:51:55.797 | warning  |           Metal | Profiler DRAM buffers were full, markers were dropped! device 0, worker core 4, 5, Risc BRISC,  bufferEndIndex = 15996. Please either decrease the number of ops being profiled or run read device profiler more often (profiler.cpp:1271)
2026-06-04 16:51:55.799 | warning  |           Metal | Profiler DRAM buffers were full, markers were dropped! device 0, worker core 4, 5, Risc NCRISC,  bufferEndIndex = 16000. Please either decrease the number of ops being profiled or run read device profiler more often (profiler.cpp:1271)
2026-06-04 16:51:55.802 | warning  |           Metal | Profiler DRAM buffers were full, markers were dropped! device 0, worker core 4, 5, Risc TRISC_0,  bufferEndIndex = 15992. Please either decrease the number of ops being profiled or run read device profiler more often (profiler.cpp:1271)
2026-06-04 16:51:55.803 | warning  |           Metal | Profiler DRAM buffers were full, markers were dropped! device 0, worker core 4, 5, Risc TRISC_1,  bufferEndIndex = 15992. Please either decrease the number of ops being profiled or run read device profiler more often (profiler.cpp:1271)
2026-06-04 16:51:55.805 | warning  |           Metal | Profiler DRAM buffers were full, markers were dropped! device 0, worker core 4, 5, Risc TRISC_2,  bufferEndIndex = 15992. Please either decrease the number of ops being profiled or run read device profiler more often (profiler.cpp:1271)
2026-06-04 16:51:55.807 | warning  |           Metal | Profiler DRAM buffers were full, markers were dropped! device 0, worker core 4, 6, Risc BRISC,  bufferEndIndex = 15996. Please either decrease the number of ops being profiled or run read device profiler more often (profiler.cpp:1271)
2026-06-04 16:51:55.809 | warning  |           Metal | Profiler DRAM buffers were full, markers were dropped! device 0, worker core 4, 6, Risc NCRISC,  bufferEndIndex = 16000. Please either decrease the number of ops being profiled or run read device profiler more often (profiler.cpp:1271)
2026-06-04 16:51:55.811 | warning  |           Metal | Profiler DRAM buffers were full, markers were dropped! device 0, worker core 4, 6, Risc TRISC_0,  bufferEndIndex = 16000. Please either decrease the number of ops being profiled or run read device profiler more often (profiler.cpp:1271)
2026-06-04 16:51:55.813 | warning  |           Metal | Profiler DRAM buffers were full, markers were dropped! device 0, worker core 4, 6, Risc TRISC_1,  bufferEndIndex = 16000. Please either decrease the number of ops being profiled or run read device profiler more often (profiler.cpp:1271)
2026-06-04 16:51:55.815 | warning  |           Metal | Profiler DRAM buffers were full, markers were dropped! device 0, worker core 4, 6, Risc TRISC_2,  bufferEndIndex = 16000. Please either decrease the number of ops being profiled or run read device profiler more often (profiler.cpp:1271)
2026-06-04 16:51:55.816 | warning  |           Metal | Profiler DRAM buffers were full, markers were dropped! device 0, worker core 4, 7, Risc BRISC,  bufferEndIndex = 15996. Please either decrease the number of ops being profiled or run read device profiler more often (profiler.cpp:1271)
2026-06-04 16:51:55.819 | warning  |           Metal | Profiler DRAM buffers were full, markers were dropped! device 0, worker core 4, 7, Risc NCRISC,  bufferEndIndex = 16000. Please either decrease the number of ops being profiled or run read device profiler more often (profiler.cpp:1271)
2026-06-04 16:51:55.821 | warning  |           Metal | Profiler DRAM buffers were full, markers were dropped! device 0, worker core 4, 7, Risc TRISC_0,  bufferEndIndex = 16000. Please either decrease the number of ops being profiled or run read device profiler more often (profiler.cpp:1271)
2026-06-04 16:51:55.823 | warning  |           Metal | Profiler DRAM buffers were full, markers were dropped! device 0, worker core 4, 7, Risc TRISC_1,  bufferEndIndex = 16000. Please either decrease the number of ops being profiled or run read device profiler more often (profiler.cpp:1271)
2026-06-04 16:51:55.825 | warning  |           Metal | Profiler DRAM buffers were full, markers were dropped! device 0, worker core 4, 7, Risc TRISC_2,  bufferEndIndex = 16000. Please either decrease the number of ops being profiled or run read device profiler more often (profiler.cpp:1271)
2026-06-04 16:51:55.826 | warning  |           Metal | Profiler DRAM buffers were full, markers were dropped! device 0, worker core 4, 8, Risc BRISC,  bufferEndIndex = 15996. Please either decrease the number of ops being profiled or run read device profiler more often (profiler.cpp:1271)
2026-06-04 16:51:55.829 | warning  |           Metal | Profiler DRAM buffers were full, markers were dropped! device 0, worker core 4, 8, Risc NCRISC,  bufferEndIndex = 15996. Please either decrease the number of ops being profiled or run read device profiler more often (profiler.cpp:1271)
2026-06-04 16:51:55.831 | warning  |           Metal | Profiler DRAM buffers were full, markers were dropped! device 0, worker core 4, 8, Risc TRISC_0,  bufferEndIndex = 15996. Please either decrease the number of ops being profiled or run read device profiler more often (profiler.cpp:1271)
2026-06-04 16:51:55.833 | warning  |           Metal | Profiler DRAM buffers were full, markers were dropped! device 0, worker core 4, 8, Risc TRISC_1,  bufferEndIndex = 15996. Please either decrease the number of ops being profiled or run read device profiler more often (profiler.cpp:1271)
2026-06-04 16:51:55.834 | warning  |           Metal | Profiler DRAM buffers were full, markers were dropped! device 0, worker core 4, 8, Risc TRISC_2,  bufferEndIndex = 15996. Please either decrease the number of ops being profiled or run read device profiler more often (profiler.cpp:1271)
2026-06-04 16:51:55.836 | warning  |           Metal | Profiler DRAM buffers were full, markers were dropped! device 0, worker core 4, 9, Risc BRISC,  bufferEndIndex = 15996. Please either decrease the number of ops being profiled or run read device profiler more often (profiler.cpp:1271)
2026-06-04 16:51:55.838 | warning  |           Metal | Profiler DRAM buffers were full, markers were dropped! device 0, worker core 4, 9, Risc NCRISC,  bufferEndIndex = 15996. Please either decrease the number of ops being profiled or run read device profiler more often (profiler.cpp:1271)
2026-06-04 16:51:55.841 | warning  |           Metal | Profiler DRAM buffers were full, markers were dropped! device 0, worker core 4, 9, Risc TRISC_0,  bufferEndIndex = 15996. Please either decrease the number of ops being profiled or run read device profiler more often (profiler.cpp:1271)
2026-06-04 16:51:55.842 | warning  |           Metal | Profiler DRAM buffers were full, markers were dropped! device 0, worker core 4, 9, Risc TRISC_1,  bufferEndIndex = 15996. Please either decrease the number of ops being profiled or run read device profiler more often (profiler.cpp:1271)
2026-06-04 16:51:55.844 | warning  |           Metal | Profiler DRAM buffers were full, markers were dropped! device 0, worker core 4, 9, Risc TRISC_2,  bufferEndIndex = 15996. Please either decrease the number of ops being profiled or run read device profiler more often (profiler.cpp:1271)
2026-06-04 16:51:55.846 | warning  |           Metal | Profiler DRAM buffers were full, markers were dropped! device 0, worker core 4, 10, Risc BRISC,  bufferEndIndex = 15996. Please either decrease the number of ops being profiled or run read device profiler more often (profiler.cpp:1271)
2026-06-04 16:51:55.848 | warning  |           Metal | Profiler DRAM buffers were full, markers were dropped! device 0, worker core 4, 10, Risc NCRISC,  bufferEndIndex = 15996. Please either decrease the number of ops being profiled or run read device profiler more often (profiler.cpp:1271)
2026-06-04 16:51:55.851 | warning  |           Metal | Profiler DRAM buffers were full, markers were dropped! device 0, worker core 4, 10, Risc TRISC_0,  bufferEndIndex = 15996. Please either decrease the number of ops being profiled or run read device profiler more often (profiler.cpp:1271)
2026-06-04 16:51:55.853 | warning  |           Metal | Profiler DRAM buffers were full, markers were dropped! device 0, worker core 4, 10, Risc TRISC_1,  bufferEndIndex = 15996. Please either decrease the number of ops being profiled or run read device profiler more often (profiler.cpp:1271)
2026-06-04 16:51:55.855 | warning  |           Metal | Profiler DRAM buffers were full, markers were dropped! device 0, worker core 4, 10, Risc TRISC_2,  bufferEndIndex = 15996. Please either decrease the number of ops being profiled or run read device profiler more often (profiler.cpp:1271)
2026-06-04 16:51:55.857 | warning  |           Metal | Profiler DRAM buffers were full, markers were dropped! device 0, worker core 4, 11, Risc BRISC,  bufferEndIndex = 15996. Please either decrease the number of ops being profiled or run read device profiler more often (profiler.cpp:1271)
2026-06-04 16:51:55.859 | warning  |           Metal | Profiler DRAM buffers were full, markers were dropped! device 0, worker core 4, 11, Risc NCRISC,  bufferEndIndex = 15996. Please either decrease the number of ops being profiled or run read device profiler more often (profiler.cpp:1271)
2026-06-04 16:51:55.861 | warning  |           Metal | Profiler DRAM buffers were full, markers were dropped! device 0, worker core 4, 11, Risc TRISC_0,  bufferEndIndex = 15996. Please either decrease the number of ops being profiled or run read device profiler more often (profiler.cpp:1271)
2026-06-04 16:51:55.863 | warning  |           Metal | Profiler DRAM buffers were full, markers were dropped! device 0, worker core 4, 11, Risc TRISC_1,  bufferEndIndex = 15996. Please either decrease the number of ops being profiled or run read device profiler more often (profiler.cpp:1271)
2026-06-04 16:51:55.865 | warning  |           Metal | Profiler DRAM buffers were full, markers were dropped! device 0, worker core 4, 11, Risc TRISC_2,  bufferEndIndex = 15996. Please either decrease the number of ops being profiled or run read device profiler more often (profiler.cpp:1271)
2026-06-04 16:51:55.868 | warning  |           Metal | Profiler DRAM buffers were full, markers were dropped! device 0, worker core 5, 2, Risc BRISC,  bufferEndIndex = 15996. Please either decrease the number of ops being profiled or run read device profiler more often (profiler.cpp:1271)
2026-06-04 16:51:55.870 | warning  |           Metal | Profiler DRAM buffers were full, markers were dropped! device 0, worker core 5, 2, Risc NCRISC,  bufferEndIndex = 15996. Please either decrease the number of ops being profiled or run read device profiler more often (profiler.cpp:1271)
2026-06-04 16:51:55.872 | warning  |           Metal | Profiler DRAM buffers were full, markers were dropped! device 0, worker core 5, 2, Risc TRISC_0,  bufferEndIndex = 15996. Please either decrease the number of ops being profiled or run read device profiler more often (profiler.cpp:1271)
2026-06-04 16:51:55.874 | warning  |           Metal | Profiler DRAM buffers were full, markers were dropped! device 0, worker core 5, 2, Risc TRISC_1,  bufferEndIndex = 15996. Please either decrease the number of ops being profiled or run read device profiler more often (profiler.cpp:1271)
2026-06-04 16:51:55.876 | warning  |           Metal | Profiler DRAM buffers were full, markers were dropped! device 0, worker core 5, 2, Risc TRISC_2,  bufferEndIndex = 15996. Please either decrease the number of ops being profiled or run read device profiler more often (profiler.cpp:1271)
2026-06-04 16:51:55.877 | warning  |           Metal | Profiler DRAM buffers were full, markers were dropped! device 0, worker core 5, 3, Risc BRISC,  bufferEndIndex = 15996. Please either decrease the number of ops being profiled or run read device profiler more often (profiler.cpp:1271)
2026-06-04 16:51:55.880 | warning  |           Metal | Profiler DRAM buffers were full, markers were dropped! device 0, worker core 5, 3, Risc NCRISC,  bufferEndIndex = 15996. Please either decrease the number of ops being profiled or run read device profiler more often (profiler.cpp:1271)
2026-06-04 16:51:55.882 | warning  |           Metal | Profiler DRAM buffers were full, markers were dropped! device 0, worker core 5, 3, Risc TRISC_0,  bufferEndIndex = 15996. Please either decrease the number of ops being profiled or run read device profiler more often (profiler.cpp:1271)
2026-06-04 16:51:55.884 | warning  |           Metal | Profiler DRAM buffers were full, markers were dropped! device 0, worker core 5, 3, Risc TRISC_1,  bufferEndIndex = 15996. Please either decrease the number of ops being profiled or run read device profiler more often (profiler.cpp:1271)
2026-06-04 16:51:55.885 | warning  |           Metal | Profiler DRAM buffers were full, markers were dropped! device 0, worker core 5, 3, Risc TRISC_2,  bufferEndIndex = 15996. Please either decrease the number of ops being profiled or run read device profiler more often (profiler.cpp:1271)
2026-06-04 16:51:55.887 | warning  |           Metal | Profiler DRAM buffers were full, markers were dropped! device 0, worker core 5, 4, Risc BRISC,  bufferEndIndex = 15996. Please either decrease the number of ops being profiled or run read device profiler more often (profiler.cpp:1271)
2026-06-04 16:51:55.890 | warning  |           Metal | Profiler DRAM buffers were full, markers were dropped! device 0, worker core 5, 4, Risc NCRISC,  bufferEndIndex = 15996. Please either decrease the number of ops being profiled or run read device profiler more often (profiler.cpp:1271)
2026-06-04 16:51:55.892 | warning  |           Metal | Profiler DRAM buffers were full, markers were dropped! device 0, worker core 5, 4, Risc TRISC_0,  bufferEndIndex = 15996. Please either decrease the number of ops being profiled or run read device profiler more often (profiler.cpp:1271)
2026-06-04 16:51:55.894 | warning  |           Metal | Profiler DRAM buffers were full, markers were dropped! device 0, worker core 5, 4, Risc TRISC_1,  bufferEndIndex = 15996. Please either decrease the number of ops being profiled or run read device profiler more often (profiler.cpp:1271)
2026-06-04 16:51:55.895 | warning  |           Metal | Profiler DRAM buffers were full, markers were dropped! device 0, worker core 5, 4, Risc TRISC_2,  bufferEndIndex = 15996. Please either decrease the number of ops being profiled or run read device profiler more often (profiler.cpp:1271)
2026-06-04 16:51:55.897 | warning  |           Metal | Profiler DRAM buffers were full, markers were dropped! device 0, worker core 5, 5, Risc BRISC,  bufferEndIndex = 15996. Please either decrease the number of ops being profiled or run read device profiler more often (profiler.cpp:1271)
2026-06-04 16:51:55.900 | warning  |           Metal | Profiler DRAM buffers were full, markers were dropped! device 0, worker core 5, 5, Risc NCRISC,  bufferEndIndex = 16000. Please either decrease the number of ops being profiled or run read device profiler more often (profiler.cpp:1271)
2026-06-04 16:51:55.902 | warning  |           Metal | Profiler DRAM buffers were full, markers were dropped! device 0, worker core 5, 5, Risc TRISC_0,  bufferEndIndex = 15992. Please either decrease the number of ops being profiled or run read device profiler more often (profiler.cpp:1271)
2026-06-04 16:51:55.904 | warning  |           Metal | Profiler DRAM buffers were full, markers were dropped! device 0, worker core 5, 5, Risc TRISC_1,  bufferEndIndex = 15992. Please either decrease the number of ops being profiled or run read device profiler more often (profiler.cpp:1271)
2026-06-04 16:51:55.905 | warning  |           Metal | Profiler DRAM buffers were full, markers were dropped! device 0, worker core 5, 5, Risc TRISC_2,  bufferEndIndex = 15992. Please either decrease the number of ops being profiled or run read device profiler more often (profiler.cpp:1271)
2026-06-04 16:51:55.907 | warning  |           Metal | Profiler DRAM buffers were full, markers were dropped! device 0, worker core 5, 6, Risc BRISC,  bufferEndIndex = 15996. Please either decrease the number of ops being profiled or run read device profiler more often (profiler.cpp:1271)
2026-06-04 16:51:55.909 | warning  |           Metal | Profiler DRAM buffers were full, markers were dropped! device 0, worker core 5, 6, Risc NCRISC,  bufferEndIndex = 16000. Please either decrease the number of ops being profiled or run read device profiler more often (profiler.cpp:1271)
2026-06-04 16:51:55.912 | warning  |           Metal | Profiler DRAM buffers were full, markers were dropped! device 0, worker core 5, 6, Risc TRISC_0,  bufferEndIndex = 16000. Please either decrease the number of ops being profiled or run read device profiler more often (profiler.cpp:1271)
2026-06-04 16:51:55.914 | warning  |           Metal | Profiler DRAM buffers were full, markers were dropped! device 0, worker core 5, 6, Risc TRISC_1,  bufferEndIndex = 16000. Please either decrease the number of ops being profiled or run read device profiler more often (profiler.cpp:1271)
2026-06-04 16:51:55.915 | warning  |           Metal | Profiler DRAM buffers were full, markers were dropped! device 0, worker core 5, 6, Risc TRISC_2,  bufferEndIndex = 16000. Please either decrease the number of ops being profiled or run read device profiler more often (profiler.cpp:1271)
2026-06-04 16:51:55.917 | warning  |           Metal | Profiler DRAM buffers were full, markers were dropped! device 0, worker core 5, 7, Risc BRISC,  bufferEndIndex = 15996. Please either decrease the number of ops being profiled or run read device profiler more often (profiler.cpp:1271)
2026-06-04 16:51:55.919 | warning  |           Metal | Profiler DRAM buffers were full, markers were dropped! device 0, worker core 5, 7, Risc NCRISC,  bufferEndIndex = 16000. Please either decrease the number of ops being profiled or run read device profiler more often (profiler.cpp:1271)
2026-06-04 16:51:55.922 | warning  |           Metal | Profiler DRAM buffers were full, markers were dropped! device 0, worker core 5, 7, Risc TRISC_0,  bufferEndIndex = 16000. Please either decrease the number of ops being profiled or run read device profiler more often (profiler.cpp:1271)
2026-06-04 16:51:55.923 | warning  |           Metal | Profiler DRAM buffers were full, markers were dropped! device 0, worker core 5, 7, Risc TRISC_1,  bufferEndIndex = 16000. Please either decrease the number of ops being profiled or run read device profiler more often (profiler.cpp:1271)
2026-06-04 16:51:55.925 | warning  |           Metal | Profiler DRAM buffers were full, markers were dropped! device 0, worker core 5, 7, Risc TRISC_2,  bufferEndIndex = 16000. Please either decrease the number of ops being profiled or run read device profiler more often (profiler.cpp:1271)
2026-06-04 16:51:55.927 | warning  |           Metal | Profiler DRAM buffers were full, markers were dropped! device 0, worker core 5, 8, Risc BRISC,  bufferEndIndex = 15996. Please either decrease the number of ops being profiled or run read device profiler more often (profiler.cpp:1271)
2026-06-04 16:51:55.929 | warning  |           Metal | Profiler DRAM buffers were full, markers were dropped! device 0, worker core 5, 8, Risc NCRISC,  bufferEndIndex = 15996. Please either decrease the number of ops being profiled or run read device profiler more often (profiler.cpp:1271)
2026-06-04 16:51:55.932 | warning  |           Metal | Profiler DRAM buffers were full, markers were dropped! device 0, worker core 5, 8, Risc TRISC_0,  bufferEndIndex = 15996. Please either decrease the number of ops being profiled or run read device profiler more often (profiler.cpp:1271)
2026-06-04 16:51:55.933 | warning  |           Metal | Profiler DRAM buffers were full, markers were dropped! device 0, worker core 5, 8, Risc TRISC_1,  bufferEndIndex = 15996. Please either decrease the number of ops being profiled or run read device profiler more often (profiler.cpp:1271)
2026-06-04 16:51:55.935 | warning  |           Metal | Profiler DRAM buffers were full, markers were dropped! device 0, worker core 5, 8, Risc TRISC_2,  bufferEndIndex = 15996. Please either decrease the number of ops being profiled or run read device profiler more often (profiler.cpp:1271)
2026-06-04 16:51:55.937 | warning  |           Metal | Profiler DRAM buffers were full, markers were dropped! device 0, worker core 5, 9, Risc BRISC,  bufferEndIndex = 15996. Please either decrease the number of ops being profiled or run read device profiler more often (profiler.cpp:1271)
2026-06-04 16:51:55.940 | warning  |           Metal | Profiler DRAM buffers were full, markers were dropped! device 0, worker core 5, 9, Risc NCRISC,  bufferEndIndex = 15996. Please either decrease the number of ops being profiled or run read device profiler more often (profiler.cpp:1271)
2026-06-04 16:51:55.942 | warning  |           Metal | Profiler DRAM buffers were full, markers were dropped! device 0, worker core 5, 9, Risc TRISC_0,  bufferEndIndex = 15996. Please either decrease the number of ops being profiled or run read device profiler more often (profiler.cpp:1271)
2026-06-04 16:51:55.944 | warning  |           Metal | Profiler DRAM buffers were full, markers were dropped! device 0, worker core 5, 9, Risc TRISC_1,  bufferEndIndex = 15996. Please either decrease the number of ops being profiled or run read device profiler more often (profiler.cpp:1271)
2026-06-04 16:51:55.946 | warning  |           Metal | Profiler DRAM buffers were full, markers were dropped! device 0, worker core 5, 9, Risc TRISC_2,  bufferEndIndex = 15996. Please either decrease the number of ops being profiled or run read device profiler more often (profiler.cpp:1271)
2026-06-04 16:51:55.947 | warning  |           Metal | Profiler DRAM buffers were full, markers were dropped! device 0, worker core 5, 10, Risc BRISC,  bufferEndIndex = 15996. Please either decrease the number of ops being profiled or run read device profiler more often (profiler.cpp:1271)
2026-06-04 16:51:55.950 | warning  |           Metal | Profiler DRAM buffers were full, markers were dropped! device 0, worker core 5, 10, Risc NCRISC,  bufferEndIndex = 15996. Please either decrease the number of ops being profiled or run read device profiler more often (profiler.cpp:1271)
2026-06-04 16:51:55.952 | warning  |           Metal | Profiler DRAM buffers were full, markers were dropped! device 0, worker core 5, 10, Risc TRISC_0,  bufferEndIndex = 15996. Please either decrease the number of ops being profiled or run read device profiler more often (profiler.cpp:1271)
2026-06-04 16:51:55.954 | warning  |           Metal | Profiler DRAM buffers were full, markers were dropped! device 0, worker core 5, 10, Risc TRISC_1,  bufferEndIndex = 15996. Please either decrease the number of ops being profiled or run read device profiler more often (profiler.cpp:1271)
2026-06-04 16:51:55.957 | warning  |           Metal | Profiler DRAM buffers were full, markers were dropped! device 0, worker core 5, 10, Risc TRISC_2,  bufferEndIndex = 15996. Please either decrease the number of ops being profiled or run read device profiler more often (profiler.cpp:1271)
2026-06-04 16:51:55.959 | warning  |           Metal | Profiler DRAM buffers were full, markers were dropped! device 0, worker core 5, 11, Risc BRISC,  bufferEndIndex = 15996. Please either decrease the number of ops being profiled or run read device profiler more often (profiler.cpp:1271)
2026-06-04 16:51:55.961 | warning  |           Metal | Profiler DRAM buffers were full, markers were dropped! device 0, worker core 5, 11, Risc NCRISC,  bufferEndIndex = 15996. Please either decrease the number of ops being profiled or run read device profiler more often (profiler.cpp:1271)
2026-06-04 16:51:55.964 | warning  |           Metal | Profiler DRAM buffers were full, markers were dropped! device 0, worker core 5, 11, Risc TRISC_0,  bufferEndIndex = 15996. Please either decrease the number of ops being profiled or run read device profiler more often (profiler.cpp:1271)
2026-06-04 16:51:55.966 | warning  |           Metal | Profiler DRAM buffers were full, markers were dropped! device 0, worker core 5, 11, Risc TRISC_1,  bufferEndIndex = 15996. Please either decrease the number of ops being profiled or run read device profiler more often (profiler.cpp:1271)
2026-06-04 16:51:55.968 | warning  |           Metal | Profiler DRAM buffers were full, markers were dropped! device 0, worker core 5, 11, Risc TRISC_2,  bufferEndIndex = 15996. Please either decrease the number of ops being profiled or run read device profiler more often (profiler.cpp:1271)
2026-06-04 16:51:55.970 | warning  |           Metal | Profiler DRAM buffers were full, markers were dropped! device 0, worker core 6, 2, Risc BRISC,  bufferEndIndex = 15996. Please either decrease the number of ops being profiled or run read device profiler more often (profiler.cpp:1271)
2026-06-04 16:51:55.972 | warning  |           Metal | Profiler DRAM buffers were full, markers were dropped! device 0, worker core 6, 2, Risc NCRISC,  bufferEndIndex = 15996. Please either decrease the number of ops being profiled or run read device profiler more often (profiler.cpp:1271)
2026-06-04 16:51:55.975 | warning  |           Metal | Profiler DRAM buffers were full, markers were dropped! device 0, worker core 6, 2, Risc TRISC_0,  bufferEndIndex = 15996. Please either decrease the number of ops being profiled or run read device profiler more often (profiler.cpp:1271)
2026-06-04 16:51:55.976 | warning  |           Metal | Profiler DRAM buffers were full, markers were dropped! device 0, worker core 6, 2, Risc TRISC_1,  bufferEndIndex = 15996. Please either decrease the number of ops being profiled or run read device profiler more often (profiler.cpp:1271)
2026-06-04 16:51:55.978 | warning  |           Metal | Profiler DRAM buffers were full, markers were dropped! device 0, worker core 6, 2, Risc TRISC_2,  bufferEndIndex = 15996. Please either decrease the number of ops being profiled or run read device profiler more often (profiler.cpp:1271)
2026-06-04 16:51:55.980 | warning  |           Metal | Profiler DRAM buffers were full, markers were dropped! device 0, worker core 6, 3, Risc BRISC,  bufferEndIndex = 15996. Please either decrease the number of ops being profiled or run read device profiler more often (profiler.cpp:1271)
2026-06-04 16:51:55.982 | warning  |           Metal | Profiler DRAM buffers were full, markers were dropped! device 0, worker core 6, 3, Risc NCRISC,  bufferEndIndex = 15996. Please either decrease the number of ops being profiled or run read device profiler more often (profiler.cpp:1271)
2026-06-04 16:51:55.985 | warning  |           Metal | Profiler DRAM buffers were full, markers were dropped! device 0, worker core 6, 3, Risc TRISC_0,  bufferEndIndex = 15996. Please either decrease the number of ops being profiled or run read device profiler more often (profiler.cpp:1271)
2026-06-04 16:51:55.986 | warning  |           Metal | Profiler DRAM buffers were full, markers were dropped! device 0, worker core 6, 3, Risc TRISC_1,  bufferEndIndex = 15996. Please either decrease the number of ops being profiled or run read device profiler more often (profiler.cpp:1271)
2026-06-04 16:51:55.988 | warning  |           Metal | Profiler DRAM buffers were full, markers were dropped! device 0, worker core 6, 3, Risc TRISC_2,  bufferEndIndex = 15996. Please either decrease the number of ops being profiled or run read device profiler more often (profiler.cpp:1271)
2026-06-04 16:51:55.990 | warning  |           Metal | Profiler DRAM buffers were full, markers were dropped! device 0, worker core 6, 4, Risc BRISC,  bufferEndIndex = 15996. Please either decrease the number of ops being profiled or run read device profiler more often (profiler.cpp:1271)
2026-06-04 16:51:55.992 | warning  |           Metal | Profiler DRAM buffers were full, markers were dropped! device 0, worker core 6, 4, Risc NCRISC,  bufferEndIndex = 15996. Please either decrease the number of ops being profiled or run read device profiler more often (profiler.cpp:1271)
2026-06-04 16:51:55.995 | warning  |           Metal | Profiler DRAM buffers were full, markers were dropped! device 0, worker core 6, 4, Risc TRISC_0,  bufferEndIndex = 15996. Please either decrease the number of ops being profiled or run read device profiler more often (profiler.cpp:1271)
2026-06-04 16:51:55.996 | warning  |           Metal | Profiler DRAM buffers were full, markers were dropped! device 0, worker core 6, 4, Risc TRISC_1,  bufferEndIndex = 15996. Please either decrease the number of ops being profiled or run read device profiler more often (profiler.cpp:1271)
2026-06-04 16:51:55.998 | warning  |           Metal | Profiler DRAM buffers were full, markers were dropped! device 0, worker core 6, 4, Risc TRISC_2,  bufferEndIndex = 15996. Please either decrease the number of ops being profiled or run read device profiler more often (profiler.cpp:1271)
2026-06-04 16:51:56.000 | warning  |           Metal | Profiler DRAM buffers were full, markers were dropped! device 0, worker core 6, 5, Risc BRISC,  bufferEndIndex = 15996. Please either decrease the number of ops being profiled or run read device profiler more often (profiler.cpp:1271)
2026-06-04 16:51:56.002 | warning  |           Metal | Profiler DRAM buffers were full, markers were dropped! device 0, worker core 6, 5, Risc NCRISC,  bufferEndIndex = 16000. Please either decrease the number of ops being profiled or run read device profiler more often (profiler.cpp:1271)
2026-06-04 16:51:56.005 | warning  |           Metal | Profiler DRAM buffers were full, markers were dropped! device 0, worker core 6, 5, Risc TRISC_0,  bufferEndIndex = 15992. Please either decrease the number of ops being profiled or run read device profiler more often (profiler.cpp:1271)
2026-06-04 16:51:56.006 | warning  |           Metal | Profiler DRAM buffers were full, markers were dropped! device 0, worker core 6, 5, Risc TRISC_1,  bufferEndIndex = 15992. Please either decrease the number of ops being profiled or run read device profiler more often (profiler.cpp:1271)
2026-06-04 16:51:56.008 | warning  |           Metal | Profiler DRAM buffers were full, markers were dropped! device 0, worker core 6, 5, Risc TRISC_2,  bufferEndIndex = 15992. Please either decrease the number of ops being profiled or run read device profiler more often (profiler.cpp:1271)
2026-06-04 16:51:56.010 | warning  |           Metal | Profiler DRAM buffers were full, markers were dropped! device 0, worker core 6, 6, Risc BRISC,  bufferEndIndex = 15996. Please either decrease the number of ops being profiled or run read device profiler more often (profiler.cpp:1271)
2026-06-04 16:51:56.012 | warning  |           Metal | Profiler DRAM buffers were full, markers were dropped! device 0, worker core 6, 6, Risc NCRISC,  bufferEndIndex = 16000. Please either decrease the number of ops being profiled or run read device profiler more often (profiler.cpp:1271)
2026-06-04 16:51:56.015 | warning  |           Metal | Profiler DRAM buffers were full, markers were dropped! device 0, worker core 6, 6, Risc TRISC_0,  bufferEndIndex = 16000. Please either decrease the number of ops being profiled or run read device profiler more often (profiler.cpp:1271)
2026-06-04 16:51:56.016 | warning  |           Metal | Profiler DRAM buffers were full, markers were dropped! device 0, worker core 6, 6, Risc TRISC_1,  bufferEndIndex = 16000. Please either decrease the number of ops being profiled or run read device profiler more often (profiler.cpp:1271)
2026-06-04 16:51:56.018 | warning  |           Metal | Profiler DRAM buffers were full, markers were dropped! device 0, worker core 6, 6, Risc TRISC_2,  bufferEndIndex = 16000. Please either decrease the number of ops being profiled or run read device profiler more often (profiler.cpp:1271)
2026-06-04 16:51:56.020 | warning  |           Metal | Profiler DRAM buffers were full, markers were dropped! device 0, worker core 6, 7, Risc BRISC,  bufferEndIndex = 15996. Please either decrease the number of ops being profiled or run read device profiler more often (profiler.cpp:1271)
2026-06-04 16:51:56.022 | warning  |           Metal | Profiler DRAM buffers were full, markers were dropped! device 0, worker core 6, 7, Risc NCRISC,  bufferEndIndex = 16000. Please either decrease the number of ops being profiled or run read device profiler more often (profiler.cpp:1271)
2026-06-04 16:51:56.025 | warning  |           Metal | Profiler DRAM buffers were full, markers were dropped! device 0, worker core 6, 7, Risc TRISC_0,  bufferEndIndex = 16000. Please either decrease the number of ops being profiled or run read device profiler more often (profiler.cpp:1271)
2026-06-04 16:51:56.026 | warning  |           Metal | Profiler DRAM buffers were full, markers were dropped! device 0, worker core 6, 7, Risc TRISC_1,  bufferEndIndex = 16000. Please either decrease the number of ops being profiled or run read device profiler more often (profiler.cpp:1271)
2026-06-04 16:51:56.028 | warning  |           Metal | Profiler DRAM buffers were full, markers were dropped! device 0, worker core 6, 7, Risc TRISC_2,  bufferEndIndex = 16000. Please either decrease the number of ops being profiled or run read device profiler more often (profiler.cpp:1271)
2026-06-04 16:51:56.030 | warning  |           Metal | Profiler DRAM buffers were full, markers were dropped! device 0, worker core 6, 8, Risc BRISC,  bufferEndIndex = 15996. Please either decrease the number of ops being profiled or run read device profiler more often (profiler.cpp:1271)
2026-06-04 16:51:56.032 | warning  |           Metal | Profiler DRAM buffers were full, markers were dropped! device 0, worker core 6, 8, Risc NCRISC,  bufferEndIndex = 15996. Please either decrease the number of ops being profiled or run read device profiler more often (profiler.cpp:1271)
2026-06-04 16:51:56.035 | warning  |           Metal | Profiler DRAM buffers were full, markers were dropped! device 0, worker core 6, 8, Risc TRISC_0,  bufferEndIndex = 15996. Please either decrease the number of ops being profiled or run read device profiler more often (profiler.cpp:1271)
2026-06-04 16:51:56.036 | warning  |           Metal | Profiler DRAM buffers were full, markers were dropped! device 0, worker core 6, 8, Risc TRISC_1,  bufferEndIndex = 15996. Please either decrease the number of ops being profiled or run read device profiler more often (profiler.cpp:1271)
2026-06-04 16:51:56.038 | warning  |           Metal | Profiler DRAM buffers were full, markers were dropped! device 0, worker core 6, 8, Risc TRISC_2,  bufferEndIndex = 15996. Please either decrease the number of ops being profiled or run read device profiler more often (profiler.cpp:1271)
2026-06-04 16:51:56.040 | warning  |           Metal | Profiler DRAM buffers were full, markers were dropped! device 0, worker core 6, 9, Risc BRISC,  bufferEndIndex = 15996. Please either decrease the number of ops being profiled or run read device profiler more often (profiler.cpp:1271)
2026-06-04 16:51:56.043 | warning  |           Metal | Profiler DRAM buffers were full, markers were dropped! device 0, worker core 6, 9, Risc NCRISC,  bufferEndIndex = 15996. Please either decrease the number of ops being profiled or run read device profiler more often (profiler.cpp:1271)
2026-06-04 16:51:56.045 | warning  |           Metal | Profiler DRAM buffers were full, markers were dropped! device 0, worker core 6, 9, Risc TRISC_0,  bufferEndIndex = 15996. Please either decrease the number of ops being profiled or run read device profiler more often (profiler.cpp:1271)
2026-06-04 16:51:56.047 | warning  |           Metal | Profiler DRAM buffers were full, markers were dropped! device 0, worker core 6, 9, Risc TRISC_1,  bufferEndIndex = 15996. Please either decrease the number of ops being profiled or run read device profiler more often (profiler.cpp:1271)
2026-06-04 16:51:56.048 | warning  |           Metal | Profiler DRAM buffers were full, markers were dropped! device 0, worker core 6, 9, Risc TRISC_2,  bufferEndIndex = 15996. Please either decrease the number of ops being profiled or run read device profiler more often (profiler.cpp:1271)
2026-06-04 16:51:56.050 | warning  |           Metal | Profiler DRAM buffers were full, markers were dropped! device 0, worker core 6, 10, Risc BRISC,  bufferEndIndex = 15996. Please either decrease the number of ops being profiled or run read device profiler more often (profiler.cpp:1271)
2026-06-04 16:51:56.053 | warning  |           Metal | Profiler DRAM buffers were full, markers were dropped! device 0, worker core 6, 10, Risc NCRISC,  bufferEndIndex = 15996. Please either decrease the number of ops being profiled or run read device profiler more often (profiler.cpp:1271)
2026-06-04 16:51:56.055 | warning  |           Metal | Profiler DRAM buffers were full, markers were dropped! device 0, worker core 6, 10, Risc TRISC_0,  bufferEndIndex = 15996. Please either decrease the number of ops being profiled or run read device profiler more often (profiler.cpp:1271)
2026-06-04 16:51:56.057 | warning  |           Metal | Profiler DRAM buffers were full, markers were dropped! device 0, worker core 6, 10, Risc TRISC_1,  bufferEndIndex = 15996. Please either decrease the number of ops being profiled or run read device profiler more often (profiler.cpp:1271)
2026-06-04 16:51:56.060 | warning  |           Metal | Profiler DRAM buffers were full, markers were dropped! device 0, worker core 6, 10, Risc TRISC_2,  bufferEndIndex = 15996. Please either decrease the number of ops being profiled or run read device profiler more often (profiler.cpp:1271)
2026-06-04 16:51:56.062 | warning  |           Metal | Profiler DRAM buffers were full, markers were dropped! device 0, worker core 6, 11, Risc BRISC,  bufferEndIndex = 15996. Please either decrease the number of ops being profiled or run read device profiler more often (profiler.cpp:1271)
2026-06-04 16:51:56.064 | warning  |           Metal | Profiler DRAM buffers were full, markers were dropped! device 0, worker core 6, 11, Risc NCRISC,  bufferEndIndex = 15996. Please either decrease the number of ops being profiled or run read device profiler more often (profiler.cpp:1271)
2026-06-04 16:51:56.067 | warning  |           Metal | Profiler DRAM buffers were full, markers were dropped! device 0, worker core 6, 11, Risc TRISC_0,  bufferEndIndex = 15996. Please either decrease the number of ops being profiled or run read device profiler more often (profiler.cpp:1271)
2026-06-04 16:51:56.069 | warning  |           Metal | Profiler DRAM buffers were full, markers were dropped! device 0, worker core 6, 11, Risc TRISC_1,  bufferEndIndex = 15996. Please either decrease the number of ops being profiled or run read device profiler more often (profiler.cpp:1271)
2026-06-04 16:51:56.072 | warning  |           Metal | Profiler DRAM buffers were full, markers were dropped! device 0, worker core 6, 11, Risc TRISC_2,  bufferEndIndex = 15996. Please either decrease the number of ops being profiled or run read device profiler more often (profiler.cpp:1271)
2026-06-04 16:51:56.074 | warning  |           Metal | Profiler DRAM buffers were full, markers were dropped! device 0, worker core 7, 2, Risc BRISC,  bufferEndIndex = 15996. Please either decrease the number of ops being profiled or run read device profiler more often (profiler.cpp:1271)
2026-06-04 16:51:56.077 | warning  |           Metal | Profiler DRAM buffers were full, markers were dropped! device 0, worker core 7, 2, Risc NCRISC,  bufferEndIndex = 15996. Please either decrease the number of ops being profiled or run read device profiler more often (profiler.cpp:1271)
2026-06-04 16:51:56.080 | warning  |           Metal | Profiler DRAM buffers were full, markers were dropped! device 0, worker core 7, 2, Risc TRISC_0,  bufferEndIndex = 15996. Please either decrease the number of ops being profiled or run read device profiler more often (profiler.cpp:1271)
2026-06-04 16:51:56.082 | warning  |           Metal | Profiler DRAM buffers were full, markers were dropped! device 0, worker core 7, 2, Risc TRISC_1,  bufferEndIndex = 15996. Please either decrease the number of ops being profiled or run read device profiler more often (profiler.cpp:1271)
2026-06-04 16:51:56.084 | warning  |           Metal | Profiler DRAM buffers were full, markers were dropped! device 0, worker core 7, 2, Risc TRISC_2,  bufferEndIndex = 15996. Please either decrease the number of ops being profiled or run read device profiler more often (profiler.cpp:1271)
2026-06-04 16:51:56.086 | warning  |           Metal | Profiler DRAM buffers were full, markers were dropped! device 0, worker core 7, 3, Risc BRISC,  bufferEndIndex = 15996. Please either decrease the number of ops being profiled or run read device profiler more often (profiler.cpp:1271)
2026-06-04 16:51:56.089 | warning  |           Metal | Profiler DRAM buffers were full, markers were dropped! device 0, worker core 7, 3, Risc NCRISC,  bufferEndIndex = 15996. Please either decrease the number of ops being profiled or run read device profiler more often (profiler.cpp:1271)
2026-06-04 16:51:56.092 | warning  |           Metal | Profiler DRAM buffers were full, markers were dropped! device 0, worker core 7, 3, Risc TRISC_0,  bufferEndIndex = 15996. Please either decrease the number of ops being profiled or run read device profiler more often (profiler.cpp:1271)
2026-06-04 16:51:56.094 | warning  |           Metal | Profiler DRAM buffers were full, markers were dropped! device 0, worker core 7, 3, Risc TRISC_1,  bufferEndIndex = 15996. Please either decrease the number of ops being profiled or run read device profiler more often (profiler.cpp:1271)
2026-06-04 16:51:56.096 | warning  |           Metal | Profiler DRAM buffers were full, markers were dropped! device 0, worker core 7, 3, Risc TRISC_2,  bufferEndIndex = 15996. Please either decrease the number of ops being profiled or run read device profiler more often (profiler.cpp:1271)
2026-06-04 16:51:56.098 | warning  |           Metal | Profiler DRAM buffers were full, markers were dropped! device 0, worker core 7, 4, Risc BRISC,  bufferEndIndex = 15996. Please either decrease the number of ops being profiled or run read device profiler more often (profiler.cpp:1271)
2026-06-04 16:51:56.100 | warning  |           Metal | Profiler DRAM buffers were full, markers were dropped! device 0, worker core 7, 4, Risc NCRISC,  bufferEndIndex = 15996. Please either decrease the number of ops being profiled or run read device profiler more often (profiler.cpp:1271)
2026-06-04 16:51:56.103 | warning  |           Metal | Profiler DRAM buffers were full, markers were dropped! device 0, worker core 7, 4, Risc TRISC_0,  bufferEndIndex = 15996. Please either decrease the number of ops being profiled or run read device profiler more often (profiler.cpp:1271)
2026-06-04 16:51:56.105 | warning  |           Metal | Profiler DRAM buffers were full, markers were dropped! device 0, worker core 7, 4, Risc TRISC_1,  bufferEndIndex = 15996. Please either decrease the number of ops being profiled or run read device profiler more often (profiler.cpp:1271)
2026-06-04 16:51:56.107 | warning  |           Metal | Profiler DRAM buffers were full, markers were dropped! device 0, worker core 7, 4, Risc TRISC_2,  bufferEndIndex = 15996. Please either decrease the number of ops being profiled or run read device profiler more often (profiler.cpp:1271)
2026-06-04 16:51:56.109 | warning  |           Metal | Profiler DRAM buffers were full, markers were dropped! device 0, worker core 7, 5, Risc BRISC,  bufferEndIndex = 15996. Please either decrease the number of ops being profiled or run read device profiler more often (profiler.cpp:1271)
2026-06-04 16:51:56.112 | warning  |           Metal | Profiler DRAM buffers were full, markers were dropped! device 0, worker core 7, 5, Risc NCRISC,  bufferEndIndex = 16000. Please either decrease the number of ops being profiled or run read device profiler more often (profiler.cpp:1271)
2026-06-04 16:51:56.114 | warning  |           Metal | Profiler DRAM buffers were full, markers were dropped! device 0, worker core 7, 5, Risc TRISC_0,  bufferEndIndex = 15992. Please either decrease the number of ops being profiled or run read device profiler more often (profiler.cpp:1271)
2026-06-04 16:51:56.116 | warning  |           Metal | Profiler DRAM buffers were full, markers were dropped! device 0, worker core 7, 5, Risc TRISC_1,  bufferEndIndex = 15992. Please either decrease the number of ops being profiled or run read device profiler more often (profiler.cpp:1271)
2026-06-04 16:51:56.118 | warning  |           Metal | Profiler DRAM buffers were full, markers were dropped! device 0, worker core 7, 5, Risc TRISC_2,  bufferEndIndex = 15992. Please either decrease the number of ops being profiled or run read device profiler more often (profiler.cpp:1271)
2026-06-04 16:51:56.120 | warning  |           Metal | Profiler DRAM buffers were full, markers were dropped! device 0, worker core 7, 6, Risc BRISC,  bufferEndIndex = 15996. Please either decrease the number of ops being profiled or run read device profiler more often (profiler.cpp:1271)
2026-06-04 16:51:56.123 | warning  |           Metal | Profiler DRAM buffers were full, markers were dropped! device 0, worker core 7, 6, Risc NCRISC,  bufferEndIndex = 16000. Please either decrease the number of ops being profiled or run read device profiler more often (profiler.cpp:1271)
2026-06-04 16:51:56.125 | warning  |           Metal | Profiler DRAM buffers were full, markers were dropped! device 0, worker core 7, 6, Risc TRISC_0,  bufferEndIndex = 16000. Please either decrease the number of ops being profiled or run read device profiler more often (profiler.cpp:1271)
2026-06-04 16:51:56.127 | warning  |           Metal | Profiler DRAM buffers were full, markers were dropped! device 0, worker core 7, 6, Risc TRISC_1,  bufferEndIndex = 16000. Please either decrease the number of ops being profiled or run read device profiler more often (profiler.cpp:1271)
2026-06-04 16:51:56.129 | warning  |           Metal | Profiler DRAM buffers were full, markers were dropped! device 0, worker core 7, 6, Risc TRISC_2,  bufferEndIndex = 16000. Please either decrease the number of ops being profiled or run read device profiler more often (profiler.cpp:1271)
2026-06-04 16:51:56.131 | warning  |           Metal | Profiler DRAM buffers were full, markers were dropped! device 0, worker core 7, 7, Risc BRISC,  bufferEndIndex = 15996. Please either decrease the number of ops being profiled or run read device profiler more often (profiler.cpp:1271)
2026-06-04 16:51:56.134 | warning  |           Metal | Profiler DRAM buffers were full, markers were dropped! device 0, worker core 7, 7, Risc NCRISC,  bufferEndIndex = 16000. Please either decrease the number of ops being profiled or run read device profiler more often (profiler.cpp:1271)
2026-06-04 16:51:56.136 | warning  |           Metal | Profiler DRAM buffers were full, markers were dropped! device 0, worker core 7, 7, Risc TRISC_0,  bufferEndIndex = 16000. Please either decrease the number of ops being profiled or run read device profiler more often (profiler.cpp:1271)
2026-06-04 16:51:56.138 | warning  |           Metal | Profiler DRAM buffers were full, markers were dropped! device 0, worker core 7, 7, Risc TRISC_1,  bufferEndIndex = 16000. Please either decrease the number of ops being profiled or run read device profiler more often (profiler.cpp:1271)
2026-06-04 16:51:56.140 | warning  |           Metal | Profiler DRAM buffers were full, markers were dropped! device 0, worker core 7, 7, Risc TRISC_2,  bufferEndIndex = 16000. Please either decrease the number of ops being profiled or run read device profiler more often (profiler.cpp:1271)
2026-06-04 16:51:56.142 | warning  |           Metal | Profiler DRAM buffers were full, markers were dropped! device 0, worker core 7, 8, Risc BRISC,  bufferEndIndex = 15996. Please either decrease the number of ops being profiled or run read device profiler more often (profiler.cpp:1271)
2026-06-04 16:51:56.145 | warning  |           Metal | Profiler DRAM buffers were full, markers were dropped! device 0, worker core 7, 8, Risc NCRISC,  bufferEndIndex = 15996. Please either decrease the number of ops being profiled or run read device profiler more often (profiler.cpp:1271)
2026-06-04 16:51:56.147 | warning  |           Metal | Profiler DRAM buffers were full, markers were dropped! device 0, worker core 7, 8, Risc TRISC_0,  bufferEndIndex = 15996. Please either decrease the number of ops being profiled or run read device profiler more often (profiler.cpp:1271)
2026-06-04 16:51:56.149 | warning  |           Metal | Profiler DRAM buffers were full, markers were dropped! device 0, worker core 7, 8, Risc TRISC_1,  bufferEndIndex = 15996. Please either decrease the number of ops being profiled or run read device profiler more often (profiler.cpp:1271)
2026-06-04 16:51:56.151 | warning  |           Metal | Profiler DRAM buffers were full, markers were dropped! device 0, worker core 7, 8, Risc TRISC_2,  bufferEndIndex = 15996. Please either decrease the number of ops being profiled or run read device profiler more often (profiler.cpp:1271)
2026-06-04 16:51:56.153 | warning  |           Metal | Profiler DRAM buffers were full, markers were dropped! device 0, worker core 7, 9, Risc BRISC,  bufferEndIndex = 15996. Please either decrease the number of ops being profiled or run read device profiler more often (profiler.cpp:1271)
2026-06-04 16:51:56.156 | warning  |           Metal | Profiler DRAM buffers were full, markers were dropped! device 0, worker core 7, 9, Risc NCRISC,  bufferEndIndex = 15996. Please either decrease the number of ops being profiled or run read device profiler more often (profiler.cpp:1271)
2026-06-04 16:51:56.159 | warning  |           Metal | Profiler DRAM buffers were full, markers were dropped! device 0, worker core 7, 9, Risc TRISC_0,  bufferEndIndex = 15996. Please either decrease the number of ops being profiled or run read device profiler more often (profiler.cpp:1271)
2026-06-04 16:51:56.160 | warning  |           Metal | Profiler DRAM buffers were full, markers were dropped! device 0, worker core 7, 9, Risc TRISC_1,  bufferEndIndex = 15996. Please either decrease the number of ops being profiled or run read device profiler more often (profiler.cpp:1271)
2026-06-04 16:51:56.163 | warning  |           Metal | Profiler DRAM buffers were full, markers were dropped! device 0, worker core 7, 9, Risc TRISC_2,  bufferEndIndex = 15996. Please either decrease the number of ops being profiled or run read device profiler more often (profiler.cpp:1271)
2026-06-04 16:51:56.165 | warning  |           Metal | Profiler DRAM buffers were full, markers were dropped! device 0, worker core 7, 10, Risc BRISC,  bufferEndIndex = 15996. Please either decrease the number of ops being profiled or run read device profiler more often (profiler.cpp:1271)
2026-06-04 16:51:56.167 | warning  |           Metal | Profiler DRAM buffers were full, markers were dropped! device 0, worker core 7, 10, Risc NCRISC,  bufferEndIndex = 15996. Please either decrease the number of ops being profiled or run read device profiler more often (profiler.cpp:1271)
2026-06-04 16:51:56.170 | warning  |           Metal | Profiler DRAM buffers were full, markers were dropped! device 0, worker core 7, 10, Risc TRISC_0,  bufferEndIndex = 15996. Please either decrease the number of ops being profiled or run read device profiler more often (profiler.cpp:1271)
2026-06-04 16:51:56.172 | warning  |           Metal | Profiler DRAM buffers were full, markers were dropped! device 0, worker core 7, 10, Risc TRISC_1,  bufferEndIndex = 15996. Please either decrease the number of ops being profiled or run read device profiler more often (profiler.cpp:1271)
2026-06-04 16:51:56.174 | warning  |           Metal | Profiler DRAM buffers were full, markers were dropped! device 0, worker core 7, 10, Risc TRISC_2,  bufferEndIndex = 15996. Please either decrease the number of ops being profiled or run read device profiler more often (profiler.cpp:1271)
2026-06-04 16:51:56.177 | warning  |           Metal | Profiler DRAM buffers were full, markers were dropped! device 0, worker core 7, 11, Risc BRISC,  bufferEndIndex = 15996. Please either decrease the number of ops being profiled or run read device profiler more often (profiler.cpp:1271)
2026-06-04 16:51:56.179 | warning  |           Metal | Profiler DRAM buffers were full, markers were dropped! device 0, worker core 7, 11, Risc NCRISC,  bufferEndIndex = 15996. Please either decrease the number of ops being profiled or run read device profiler more often (profiler.cpp:1271)
2026-06-04 16:51:56.182 | warning  |           Metal | Profiler DRAM buffers were full, markers were dropped! device 0, worker core 7, 11, Risc TRISC_0,  bufferEndIndex = 15996. Please either decrease the number of ops being profiled or run read device profiler more often (profiler.cpp:1271)
2026-06-04 16:51:56.184 | warning  |           Metal | Profiler DRAM buffers were full, markers were dropped! device 0, worker core 7, 11, Risc TRISC_1,  bufferEndIndex = 15996. Please either decrease the number of ops being profiled or run read device profiler more often (profiler.cpp:1271)
2026-06-04 16:51:56.187 | warning  |           Metal | Profiler DRAM buffers were full, markers were dropped! device 0, worker core 7, 11, Risc TRISC_2,  bufferEndIndex = 15996. Please either decrease the number of ops being profiled or run read device profiler more often (profiler.cpp:1271)
2026-06-04 16:51:56.189 | warning  |           Metal | Profiler DRAM buffers were full, markers were dropped! device 0, worker core 10, 2, Risc BRISC,  bufferEndIndex = 15996. Please either decrease the number of ops being profiled or run read device profiler more often (profiler.cpp:1271)
2026-06-04 16:51:56.192 | warning  |           Metal | Profiler DRAM buffers were full, markers were dropped! device 0, worker core 10, 2, Risc NCRISC,  bufferEndIndex = 15996. Please either decrease the number of ops being profiled or run read device profiler more often (profiler.cpp:1271)
2026-06-04 16:51:56.194 | warning  |           Metal | Profiler DRAM buffers were full, markers were dropped! device 0, worker core 10, 2, Risc TRISC_0,  bufferEndIndex = 15996. Please either decrease the number of ops being profiled or run read device profiler more often (profiler.cpp:1271)
2026-06-04 16:51:56.196 | warning  |           Metal | Profiler DRAM buffers were full, markers were dropped! device 0, worker core 10, 2, Risc TRISC_1,  bufferEndIndex = 15996. Please either decrease the number of ops being profiled or run read device profiler more often (profiler.cpp:1271)
2026-06-04 16:51:56.198 | warning  |           Metal | Profiler DRAM buffers were full, markers were dropped! device 0, worker core 10, 2, Risc TRISC_2,  bufferEndIndex = 15996. Please either decrease the number of ops being profiled or run read device profiler more often (profiler.cpp:1271)
2026-06-04 16:51:56.200 | warning  |           Metal | Profiler DRAM buffers were full, markers were dropped! device 0, worker core 10, 3, Risc BRISC,  bufferEndIndex = 15996. Please either decrease the number of ops being profiled or run read device profiler more often (profiler.cpp:1271)
2026-06-04 16:51:56.203 | warning  |           Metal | Profiler DRAM buffers were full, markers were dropped! device 0, worker core 10, 3, Risc NCRISC,  bufferEndIndex = 15996. Please either decrease the number of ops being profiled or run read device profiler more often (profiler.cpp:1271)
2026-06-04 16:51:56.205 | warning  |           Metal | Profiler DRAM buffers were full, markers were dropped! device 0, worker core 10, 3, Risc TRISC_0,  bufferEndIndex = 15996. Please either decrease the number of ops being profiled or run read device profiler more often (profiler.cpp:1271)
2026-06-04 16:51:56.207 | warning  |           Metal | Profiler DRAM buffers were full, markers were dropped! device 0, worker core 10, 3, Risc TRISC_1,  bufferEndIndex = 15996. Please either decrease the number of ops being profiled or run read device profiler more often (profiler.cpp:1271)
2026-06-04 16:51:56.209 | warning  |           Metal | Profiler DRAM buffers were full, markers were dropped! device 0, worker core 10, 3, Risc TRISC_2,  bufferEndIndex = 15996. Please either decrease the number of ops being profiled or run read device profiler more often (profiler.cpp:1271)
2026-06-04 16:51:56.211 | warning  |           Metal | Profiler DRAM buffers were full, markers were dropped! device 0, worker core 10, 4, Risc BRISC,  bufferEndIndex = 15996. Please either decrease the number of ops being profiled or run read device profiler more often (profiler.cpp:1271)
2026-06-04 16:51:56.214 | warning  |           Metal | Profiler DRAM buffers were full, markers were dropped! device 0, worker core 10, 4, Risc NCRISC,  bufferEndIndex = 15996. Please either decrease the number of ops being profiled or run read device profiler more often (profiler.cpp:1271)
2026-06-04 16:51:56.216 | warning  |           Metal | Profiler DRAM buffers were full, markers were dropped! device 0, worker core 10, 4, Risc TRISC_0,  bufferEndIndex = 15996. Please either decrease the number of ops being profiled or run read device profiler more often (profiler.cpp:1271)
2026-06-04 16:51:56.218 | warning  |           Metal | Profiler DRAM buffers were full, markers were dropped! device 0, worker core 10, 4, Risc TRISC_1,  bufferEndIndex = 15996. Please either decrease the number of ops being profiled or run read device profiler more often (profiler.cpp:1271)
2026-06-04 16:51:56.220 | warning  |           Metal | Profiler DRAM buffers were full, markers were dropped! device 0, worker core 10, 4, Risc TRISC_2,  bufferEndIndex = 15996. Please either decrease the number of ops being profiled or run read device profiler more often (profiler.cpp:1271)
2026-06-04 16:51:56.222 | warning  |           Metal | Profiler DRAM buffers were full, markers were dropped! device 0, worker core 10, 5, Risc BRISC,  bufferEndIndex = 15996. Please either decrease the number of ops being profiled or run read device profiler more often (profiler.cpp:1271)
2026-06-04 16:51:56.225 | warning  |           Metal | Profiler DRAM buffers were full, markers were dropped! device 0, worker core 10, 5, Risc NCRISC,  bufferEndIndex = 16000. Please either decrease the number of ops being profiled or run read device profiler more often (profiler.cpp:1271)
2026-06-04 16:51:56.227 | warning  |           Metal | Profiler DRAM buffers were full, markers were dropped! device 0, worker core 10, 5, Risc TRISC_0,  bufferEndIndex = 15992. Please either decrease the number of ops being profiled or run read device profiler more often (profiler.cpp:1271)
2026-06-04 16:51:56.229 | warning  |           Metal | Profiler DRAM buffers were full, markers were dropped! device 0, worker core 10, 5, Risc TRISC_1,  bufferEndIndex = 15992. Please either decrease the number of ops being profiled or run read device profiler more often (profiler.cpp:1271)
2026-06-04 16:51:56.231 | warning  |           Metal | Profiler DRAM buffers were full, markers were dropped! device 0, worker core 10, 5, Risc TRISC_2,  bufferEndIndex = 15992. Please either decrease the number of ops being profiled or run read device profiler more often (profiler.cpp:1271)
2026-06-04 16:51:56.233 | warning  |           Metal | Profiler DRAM buffers were full, markers were dropped! device 0, worker core 10, 6, Risc BRISC,  bufferEndIndex = 15996. Please either decrease the number of ops being profiled or run read device profiler more often (profiler.cpp:1271)
2026-06-04 16:51:56.235 | warning  |           Metal | Profiler DRAM buffers were full, markers were dropped! device 0, worker core 10, 6, Risc NCRISC,  bufferEndIndex = 16000. Please either decrease the number of ops being profiled or run read device profiler more often (profiler.cpp:1271)
2026-06-04 16:51:56.237 | warning  |           Metal | Profiler DRAM buffers were full, markers were dropped! device 0, worker core 10, 6, Risc TRISC_0,  bufferEndIndex = 16000. Please either decrease the number of ops being profiled or run read device profiler more often (profiler.cpp:1271)
2026-06-04 16:51:56.239 | warning  |           Metal | Profiler DRAM buffers were full, markers were dropped! device 0, worker core 10, 6, Risc TRISC_1,  bufferEndIndex = 16000. Please either decrease the number of ops being profiled or run read device profiler more often (profiler.cpp:1271)
2026-06-04 16:51:56.241 | warning  |           Metal | Profiler DRAM buffers were full, markers were dropped! device 0, worker core 10, 6, Risc TRISC_2,  bufferEndIndex = 16000. Please either decrease the number of ops being profiled or run read device profiler more often (profiler.cpp:1271)
2026-06-04 16:51:56.243 | warning  |           Metal | Profiler DRAM buffers were full, markers were dropped! device 0, worker core 10, 7, Risc BRISC,  bufferEndIndex = 15996. Please either decrease the number of ops being profiled or run read device profiler more often (profiler.cpp:1271)
2026-06-04 16:51:56.245 | warning  |           Metal | Profiler DRAM buffers were full, markers were dropped! device 0, worker core 10, 7, Risc NCRISC,  bufferEndIndex = 16000. Please either decrease the number of ops being profiled or run read device profiler more often (profiler.cpp:1271)
2026-06-04 16:51:56.248 | warning  |           Metal | Profiler DRAM buffers were full, markers were dropped! device 0, worker core 10, 7, Risc TRISC_0,  bufferEndIndex = 16000. Please either decrease the number of ops being profiled or run read device profiler more often (profiler.cpp:1271)
2026-06-04 16:51:56.250 | warning  |           Metal | Profiler DRAM buffers were full, markers were dropped! device 0, worker core 10, 7, Risc TRISC_1,  bufferEndIndex = 16000. Please either decrease the number of ops being profiled or run read device profiler more often (profiler.cpp:1271)
2026-06-04 16:51:56.252 | warning  |           Metal | Profiler DRAM buffers were full, markers were dropped! device 0, worker core 10, 7, Risc TRISC_2,  bufferEndIndex = 16000. Please either decrease the number of ops being profiled or run read device profiler more often (profiler.cpp:1271)
2026-06-04 16:51:56.254 | warning  |           Metal | Profiler DRAM buffers were full, markers were dropped! device 0, worker core 10, 8, Risc BRISC,  bufferEndIndex = 15996. Please either decrease the number of ops being profiled or run read device profiler more often (profiler.cpp:1271)
2026-06-04 16:51:56.256 | warning  |           Metal | Profiler DRAM buffers were full, markers were dropped! device 0, worker core 10, 8, Risc NCRISC,  bufferEndIndex = 15996. Please either decrease the number of ops being profiled or run read device profiler more often (profiler.cpp:1271)
2026-06-04 16:51:56.259 | warning  |           Metal | Profiler DRAM buffers were full, markers were dropped! device 0, worker core 10, 8, Risc TRISC_0,  bufferEndIndex = 15996. Please either decrease the number of ops being profiled or run read device profiler more often (profiler.cpp:1271)
2026-06-04 16:51:56.261 | warning  |           Metal | Profiler DRAM buffers were full, markers were dropped! device 0, worker core 10, 8, Risc TRISC_1,  bufferEndIndex = 15996. Please either decrease the number of ops being profiled or run read device profiler more often (profiler.cpp:1271)
2026-06-04 16:51:56.263 | warning  |           Metal | Profiler DRAM buffers were full, markers were dropped! device 0, worker core 10, 8, Risc TRISC_2,  bufferEndIndex = 15996. Please either decrease the number of ops being profiled or run read device profiler more often (profiler.cpp:1271)
2026-06-04 16:51:56.265 | warning  |           Metal | Profiler DRAM buffers were full, markers were dropped! device 0, worker core 10, 9, Risc BRISC,  bufferEndIndex = 15996. Please either decrease the number of ops being profiled or run read device profiler more often (profiler.cpp:1271)
2026-06-04 16:51:56.268 | warning  |           Metal | Profiler DRAM buffers were full, markers were dropped! device 0, worker core 10, 9, Risc NCRISC,  bufferEndIndex = 15996. Please either decrease the number of ops being profiled or run read device profiler more often (profiler.cpp:1271)
2026-06-04 16:51:56.270 | warning  |           Metal | Profiler DRAM buffers were full, markers were dropped! device 0, worker core 10, 9, Risc TRISC_0,  bufferEndIndex = 15996. Please either decrease the number of ops being profiled or run read device profiler more often (profiler.cpp:1271)
2026-06-04 16:51:56.272 | warning  |           Metal | Profiler DRAM buffers were full, markers were dropped! device 0, worker core 10, 9, Risc TRISC_1,  bufferEndIndex = 15996. Please either decrease the number of ops being profiled or run read device profiler more often (profiler.cpp:1271)
2026-06-04 16:51:56.274 | warning  |           Metal | Profiler DRAM buffers were full, markers were dropped! device 0, worker core 10, 9, Risc TRISC_2,  bufferEndIndex = 15996. Please either decrease the number of ops being profiled or run read device profiler more often (profiler.cpp:1271)
2026-06-04 16:51:56.276 | warning  |           Metal | Profiler DRAM buffers were full, markers were dropped! device 0, worker core 10, 10, Risc BRISC,  bufferEndIndex = 15996. Please either decrease the number of ops being profiled or run read device profiler more often (profiler.cpp:1271)
2026-06-04 16:51:56.279 | warning  |           Metal | Profiler DRAM buffers were full, markers were dropped! device 0, worker core 10, 10, Risc NCRISC,  bufferEndIndex = 15996. Please either decrease the number of ops being profiled or run read device profiler more often (profiler.cpp:1271)
2026-06-04 16:51:56.281 | warning  |           Metal | Profiler DRAM buffers were full, markers were dropped! device 0, worker core 10, 10, Risc TRISC_0,  bufferEndIndex = 15996. Please either decrease the number of ops being profiled or run read device profiler more often (profiler.cpp:1271)
2026-06-04 16:51:56.284 | warning  |           Metal | Profiler DRAM buffers were full, markers were dropped! device 0, worker core 10, 10, Risc TRISC_1,  bufferEndIndex = 15996. Please either decrease the number of ops being profiled or run read device profiler more often (profiler.cpp:1271)
2026-06-04 16:51:56.286 | warning  |           Metal | Profiler DRAM buffers were full, markers were dropped! device 0, worker core 10, 10, Risc TRISC_2,  bufferEndIndex = 15996. Please either decrease the number of ops being profiled or run read device profiler more often (profiler.cpp:1271)
2026-06-04 16:51:56.289 | warning  |           Metal | Profiler DRAM buffers were full, markers were dropped! device 0, worker core 10, 11, Risc BRISC,  bufferEndIndex = 15996. Please either decrease the number of ops being profiled or run read device profiler more often (profiler.cpp:1271)
2026-06-04 16:51:56.291 | warning  |           Metal | Profiler DRAM buffers were full, markers were dropped! device 0, worker core 10, 11, Risc NCRISC,  bufferEndIndex = 15996. Please either decrease the number of ops being profiled or run read device profiler more often (profiler.cpp:1271)
2026-06-04 16:51:56.294 | warning  |           Metal | Profiler DRAM buffers were full, markers were dropped! device 0, worker core 10, 11, Risc TRISC_0,  bufferEndIndex = 15996. Please either decrease the number of ops being profiled or run read device profiler more often (profiler.cpp:1271)
2026-06-04 16:51:56.296 | warning  |           Metal | Profiler DRAM buffers were full, markers were dropped! device 0, worker core 10, 11, Risc TRISC_1,  bufferEndIndex = 15996. Please either decrease the number of ops being profiled or run read device profiler more often (profiler.cpp:1271)
2026-06-04 16:51:56.299 | warning  |           Metal | Profiler DRAM buffers were full, markers were dropped! device 0, worker core 10, 11, Risc TRISC_2,  bufferEndIndex = 15996. Please either decrease the number of ops being profiled or run read device profiler more often (profiler.cpp:1271)
2026-06-04 16:51:56.301 | warning  |           Metal | Profiler DRAM buffers were full, markers were dropped! device 0, worker core 11, 2, Risc BRISC,  bufferEndIndex = 15996. Please either decrease the number of ops being profiled or run read device profiler more often (profiler.cpp:1271)
2026-06-04 16:51:56.304 | warning  |           Metal | Profiler DRAM buffers were full, markers were dropped! device 0, worker core 11, 2, Risc NCRISC,  bufferEndIndex = 15996. Please either decrease the number of ops being profiled or run read device profiler more often (profiler.cpp:1271)
2026-06-04 16:51:56.306 | warning  |           Metal | Profiler DRAM buffers were full, markers were dropped! device 0, worker core 11, 2, Risc TRISC_0,  bufferEndIndex = 15996. Please either decrease the number of ops being profiled or run read device profiler more often (profiler.cpp:1271)
2026-06-04 16:51:56.308 | warning  |           Metal | Profiler DRAM buffers were full, markers were dropped! device 0, worker core 11, 2, Risc TRISC_1,  bufferEndIndex = 15996. Please either decrease the number of ops being profiled or run read device profiler more often (profiler.cpp:1271)
2026-06-04 16:51:56.310 | warning  |           Metal | Profiler DRAM buffers were full, markers were dropped! device 0, worker core 11, 2, Risc TRISC_2,  bufferEndIndex = 15996. Please either decrease the number of ops being profiled or run read device profiler more often (profiler.cpp:1271)
2026-06-04 16:51:56.312 | warning  |           Metal | Profiler DRAM buffers were full, markers were dropped! device 0, worker core 11, 3, Risc BRISC,  bufferEndIndex = 15996. Please either decrease the number of ops being profiled or run read device profiler more often (profiler.cpp:1271)
2026-06-04 16:51:56.314 | warning  |           Metal | Profiler DRAM buffers were full, markers were dropped! device 0, worker core 11, 3, Risc NCRISC,  bufferEndIndex = 15996. Please either decrease the number of ops being profiled or run read device profiler more often (profiler.cpp:1271)
2026-06-04 16:51:56.316 | warning  |           Metal | Profiler DRAM buffers were full, markers were dropped! device 0, worker core 11, 3, Risc TRISC_0,  bufferEndIndex = 15996. Please either decrease the number of ops being profiled or run read device profiler more often (profiler.cpp:1271)
2026-06-04 16:51:56.318 | warning  |           Metal | Profiler DRAM buffers were full, markers were dropped! device 0, worker core 11, 3, Risc TRISC_1,  bufferEndIndex = 15996. Please either decrease the number of ops being profiled or run read device profiler more often (profiler.cpp:1271)
2026-06-04 16:51:56.320 | warning  |           Metal | Profiler DRAM buffers were full, markers were dropped! device 0, worker core 11, 3, Risc TRISC_2,  bufferEndIndex = 15996. Please either decrease the number of ops being profiled or run read device profiler more often (profiler.cpp:1271)
2026-06-04 16:51:56.322 | warning  |           Metal | Profiler DRAM buffers were full, markers were dropped! device 0, worker core 11, 4, Risc BRISC,  bufferEndIndex = 15996. Please either decrease the number of ops being profiled or run read device profiler more often (profiler.cpp:1271)
2026-06-04 16:51:56.324 | warning  |           Metal | Profiler DRAM buffers were full, markers were dropped! device 0, worker core 11, 4, Risc NCRISC,  bufferEndIndex = 15996. Please either decrease the number of ops being profiled or run read device profiler more often (profiler.cpp:1271)
2026-06-04 16:51:56.327 | warning  |           Metal | Profiler DRAM buffers were full, markers were dropped! device 0, worker core 11, 4, Risc TRISC_0,  bufferEndIndex = 15996. Please either decrease the number of ops being profiled or run read device profiler more often (profiler.cpp:1271)
2026-06-04 16:51:56.329 | warning  |           Metal | Profiler DRAM buffers were full, markers were dropped! device 0, worker core 11, 4, Risc TRISC_1,  bufferEndIndex = 15996. Please either decrease the number of ops being profiled or run read device profiler more often (profiler.cpp:1271)
2026-06-04 16:51:56.331 | warning  |           Metal | Profiler DRAM buffers were full, markers were dropped! device 0, worker core 11, 4, Risc TRISC_2,  bufferEndIndex = 15996. Please either decrease the number of ops being profiled or run read device profiler more often (profiler.cpp:1271)
2026-06-04 16:51:56.333 | warning  |           Metal | Profiler DRAM buffers were full, markers were dropped! device 0, worker core 11, 5, Risc BRISC,  bufferEndIndex = 15996. Please either decrease the number of ops being profiled or run read device profiler more often (profiler.cpp:1271)
2026-06-04 16:51:56.336 | warning  |           Metal | Profiler DRAM buffers were full, markers were dropped! device 0, worker core 11, 5, Risc NCRISC,  bufferEndIndex = 15996. Please either decrease the number of ops being profiled or run read device profiler more often (profiler.cpp:1271)
2026-06-04 16:51:56.338 | warning  |           Metal | Profiler DRAM buffers were full, markers were dropped! device 0, worker core 11, 5, Risc TRISC_0,  bufferEndIndex = 15996. Please either decrease the number of ops being profiled or run read device profiler more often (profiler.cpp:1271)
2026-06-04 16:51:56.341 | warning  |           Metal | Profiler DRAM buffers were full, markers were dropped! device 0, worker core 11, 5, Risc TRISC_1,  bufferEndIndex = 15996. Please either decrease the number of ops being profiled or run read device profiler more often (profiler.cpp:1271)
2026-06-04 16:51:56.343 | warning  |           Metal | Profiler DRAM buffers were full, markers were dropped! device 0, worker core 11, 5, Risc TRISC_2,  bufferEndIndex = 15996. Please either decrease the number of ops being profiled or run read device profiler more often (profiler.cpp:1271)
2026-06-04 16:51:56.345 | warning  |           Metal | Profiler DRAM buffers were full, markers were dropped! device 0, worker core 11, 6, Risc BRISC,  bufferEndIndex = 15996. Please either decrease the number of ops being profiled or run read device profiler more often (profiler.cpp:1271)
2026-06-04 16:51:56.348 | warning  |           Metal | Profiler DRAM buffers were full, markers were dropped! device 0, worker core 11, 6, Risc NCRISC,  bufferEndIndex = 15996. Please either decrease the number of ops being profiled or run read device profiler more often (profiler.cpp:1271)
2026-06-04 16:51:56.350 | warning  |           Metal | Profiler DRAM buffers were full, markers were dropped! device 0, worker core 11, 6, Risc TRISC_0,  bufferEndIndex = 15996. Please either decrease the number of ops being profiled or run read device profiler more often (profiler.cpp:1271)
2026-06-04 16:51:56.353 | warning  |           Metal | Profiler DRAM buffers were full, markers were dropped! device 0, worker core 11, 6, Risc TRISC_1,  bufferEndIndex = 15996. Please either decrease the number of ops being profiled or run read device profiler more often (profiler.cpp:1271)
2026-06-04 16:51:56.355 | warning  |           Metal | Profiler DRAM buffers were full, markers were dropped! device 0, worker core 11, 6, Risc TRISC_2,  bufferEndIndex = 15996. Please either decrease the number of ops being profiled or run read device profiler more often (profiler.cpp:1271)
2026-06-04 16:51:56.358 | warning  |           Metal | Profiler DRAM buffers were full, markers were dropped! device 0, worker core 11, 7, Risc BRISC,  bufferEndIndex = 15996. Please either decrease the number of ops being profiled or run read device profiler more often (profiler.cpp:1271)
2026-06-04 16:51:56.360 | warning  |           Metal | Profiler DRAM buffers were full, markers were dropped! device 0, worker core 11, 7, Risc NCRISC,  bufferEndIndex = 15996. Please either decrease the number of ops being profiled or run read device profiler more often (profiler.cpp:1271)
2026-06-04 16:51:56.363 | warning  |           Metal | Profiler DRAM buffers were full, markers were dropped! device 0, worker core 11, 7, Risc TRISC_0,  bufferEndIndex = 15996. Please either decrease the number of ops being profiled or run read device profiler more often (profiler.cpp:1271)
2026-06-04 16:51:56.365 | warning  |           Metal | Profiler DRAM buffers were full, markers were dropped! device 0, worker core 11, 7, Risc TRISC_1,  bufferEndIndex = 15996. Please either decrease the number of ops being profiled or run read device profiler more often (profiler.cpp:1271)
2026-06-04 16:51:56.368 | warning  |           Metal | Profiler DRAM buffers were full, markers were dropped! device 0, worker core 11, 7, Risc TRISC_2,  bufferEndIndex = 15996. Please either decrease the number of ops being profiled or run read device profiler more often (profiler.cpp:1271)
2026-06-04 16:51:56.370 | warning  |           Metal | Profiler DRAM buffers were full, markers were dropped! device 0, worker core 11, 8, Risc BRISC,  bufferEndIndex = 15996. Please either decrease the number of ops being profiled or run read device profiler more often (profiler.cpp:1271)
2026-06-04 16:51:56.373 | warning  |           Metal | Profiler DRAM buffers were full, markers were dropped! device 0, worker core 11, 8, Risc NCRISC,  bufferEndIndex = 15996. Please either decrease the number of ops being profiled or run read device profiler more often (profiler.cpp:1271)
2026-06-04 16:51:56.375 | warning  |           Metal | Profiler DRAM buffers were full, markers were dropped! device 0, worker core 11, 8, Risc TRISC_0,  bufferEndIndex = 15996. Please either decrease the number of ops being profiled or run read device profiler more often (profiler.cpp:1271)
2026-06-04 16:51:56.378 | warning  |           Metal | Profiler DRAM buffers were full, markers were dropped! device 0, worker core 11, 8, Risc TRISC_1,  bufferEndIndex = 15996. Please either decrease the number of ops being profiled or run read device profiler more often (profiler.cpp:1271)
2026-06-04 16:51:56.380 | warning  |           Metal | Profiler DRAM buffers were full, markers were dropped! device 0, worker core 11, 8, Risc TRISC_2,  bufferEndIndex = 15996. Please either decrease the number of ops being profiled or run read device profiler more often (profiler.cpp:1271)
2026-06-04 16:51:56.382 | warning  |           Metal | Profiler DRAM buffers were full, markers were dropped! device 0, worker core 11, 9, Risc BRISC,  bufferEndIndex = 15996. Please either decrease the number of ops being profiled or run read device profiler more often (profiler.cpp:1271)
2026-06-04 16:51:56.385 | warning  |           Metal | Profiler DRAM buffers were full, markers were dropped! device 0, worker core 11, 9, Risc NCRISC,  bufferEndIndex = 15996. Please either decrease the number of ops being profiled or run read device profiler more often (profiler.cpp:1271)
2026-06-04 16:51:56.388 | warning  |           Metal | Profiler DRAM buffers were full, markers were dropped! device 0, worker core 11, 9, Risc TRISC_0,  bufferEndIndex = 15996. Please either decrease the number of ops being profiled or run read device profiler more often (profiler.cpp:1271)
2026-06-04 16:51:56.390 | warning  |           Metal | Profiler DRAM buffers were full, markers were dropped! device 0, worker core 11, 9, Risc TRISC_1,  bufferEndIndex = 15996. Please either decrease the number of ops being profiled or run read device profiler more often (profiler.cpp:1271)
2026-06-04 16:51:56.392 | warning  |           Metal | Profiler DRAM buffers were full, markers were dropped! device 0, worker core 11, 9, Risc TRISC_2,  bufferEndIndex = 15996. Please either decrease the number of ops being profiled or run read device profiler more often (profiler.cpp:1271)
2026-06-04 16:51:56.395 | warning  |           Metal | Profiler DRAM buffers were full, markers were dropped! device 0, worker core 11, 10, Risc BRISC,  bufferEndIndex = 15996. Please either decrease the number of ops being profiled or run read device profiler more often (profiler.cpp:1271)
2026-06-04 16:51:56.397 | warning  |           Metal | Profiler DRAM buffers were full, markers were dropped! device 0, worker core 11, 10, Risc NCRISC,  bufferEndIndex = 15996. Please either decrease the number of ops being profiled or run read device profiler more often (profiler.cpp:1271)
2026-06-04 16:51:56.400 | warning  |           Metal | Profiler DRAM buffers were full, markers were dropped! device 0, worker core 11, 10, Risc TRISC_0,  bufferEndIndex = 15996. Please either decrease the number of ops being profiled or run read device profiler more often (profiler.cpp:1271)
2026-06-04 16:51:56.402 | warning  |           Metal | Profiler DRAM buffers were full, markers were dropped! device 0, worker core 11, 10, Risc TRISC_1,  bufferEndIndex = 15996. Please either decrease the number of ops being profiled or run read device profiler more often (profiler.cpp:1271)
2026-06-04 16:51:56.405 | warning  |           Metal | Profiler DRAM buffers were full, markers were dropped! device 0, worker core 11, 10, Risc TRISC_2,  bufferEndIndex = 15996. Please either decrease the number of ops being profiled or run read device profiler more often (profiler.cpp:1271)
2026-06-04 16:51:56.407 | warning  |           Metal | Profiler DRAM buffers were full, markers were dropped! device 0, worker core 11, 11, Risc BRISC,  bufferEndIndex = 15996. Please either decrease the number of ops being profiled or run read device profiler more often (profiler.cpp:1271)
2026-06-04 16:51:56.410 | warning  |           Metal | Profiler DRAM buffers were full, markers were dropped! device 0, worker core 11, 11, Risc NCRISC,  bufferEndIndex = 15996. Please either decrease the number of ops being profiled or run read device profiler more often (profiler.cpp:1271)
2026-06-04 16:51:56.412 | warning  |           Metal | Profiler DRAM buffers were full, markers were dropped! device 0, worker core 11, 11, Risc TRISC_0,  bufferEndIndex = 15996. Please either decrease the number of ops being profiled or run read device profiler more often (profiler.cpp:1271)
2026-06-04 16:51:56.415 | warning  |           Metal | Profiler DRAM buffers were full, markers were dropped! device 0, worker core 11, 11, Risc TRISC_1,  bufferEndIndex = 15996. Please either decrease the number of ops being profiled or run read device profiler more often (profiler.cpp:1271)
2026-06-04 16:51:56.417 | warning  |           Metal | Profiler DRAM buffers were full, markers were dropped! device 0, worker core 11, 11, Risc TRISC_2,  bufferEndIndex = 15996. Please either decrease the number of ops being profiled or run read device profiler more often (profiler.cpp:1271)
2026-06-04 16:51:56.420 | warning  |           Metal | Profiler DRAM buffers were full, markers were dropped! device 0, worker core 12, 2, Risc BRISC,  bufferEndIndex = 15996. Please either decrease the number of ops being profiled or run read device profiler more often (profiler.cpp:1271)
2026-06-04 16:51:56.422 | warning  |           Metal | Profiler DRAM buffers were full, markers were dropped! device 0, worker core 12, 2, Risc NCRISC,  bufferEndIndex = 15996. Please either decrease the number of ops being profiled or run read device profiler more often (profiler.cpp:1271)
2026-06-04 16:51:56.425 | warning  |           Metal | Profiler DRAM buffers were full, markers were dropped! device 0, worker core 12, 2, Risc TRISC_0,  bufferEndIndex = 15996. Please either decrease the number of ops being profiled or run read device profiler more often (profiler.cpp:1271)
2026-06-04 16:51:56.427 | warning  |           Metal | Profiler DRAM buffers were full, markers were dropped! device 0, worker core 12, 2, Risc TRISC_1,  bufferEndIndex = 15996. Please either decrease the number of ops being profiled or run read device profiler more often (profiler.cpp:1271)
2026-06-04 16:51:56.429 | warning  |           Metal | Profiler DRAM buffers were full, markers were dropped! device 0, worker core 12, 2, Risc TRISC_2,  bufferEndIndex = 15996. Please either decrease the number of ops being profiled or run read device profiler more often (profiler.cpp:1271)
2026-06-04 16:51:56.431 | warning  |           Metal | Profiler DRAM buffers were full, markers were dropped! device 0, worker core 12, 3, Risc BRISC,  bufferEndIndex = 15996. Please either decrease the number of ops being profiled or run read device profiler more often (profiler.cpp:1271)
2026-06-04 16:51:56.433 | warning  |           Metal | Profiler DRAM buffers were full, markers were dropped! device 0, worker core 12, 3, Risc NCRISC,  bufferEndIndex = 15996. Please either decrease the number of ops being profiled or run read device profiler more often (profiler.cpp:1271)
2026-06-04 16:51:56.436 | warning  |           Metal | Profiler DRAM buffers were full, markers were dropped! device 0, worker core 12, 3, Risc TRISC_0,  bufferEndIndex = 15996. Please either decrease the number of ops being profiled or run read device profiler more often (profiler.cpp:1271)
2026-06-04 16:51:56.438 | warning  |           Metal | Profiler DRAM buffers were full, markers were dropped! device 0, worker core 12, 3, Risc TRISC_1,  bufferEndIndex = 15996. Please either decrease the number of ops being profiled or run read device profiler more often (profiler.cpp:1271)
2026-06-04 16:51:56.440 | warning  |           Metal | Profiler DRAM buffers were full, markers were dropped! device 0, worker core 12, 3, Risc TRISC_2,  bufferEndIndex = 15996. Please either decrease the number of ops being profiled or run read device profiler more often (profiler.cpp:1271)
2026-06-04 16:51:56.442 | warning  |           Metal | Profiler DRAM buffers were full, markers were dropped! device 0, worker core 12, 4, Risc BRISC,  bufferEndIndex = 15996. Please either decrease the number of ops being profiled or run read device profiler more often (profiler.cpp:1271)
2026-06-04 16:51:56.445 | warning  |           Metal | Profiler DRAM buffers were full, markers were dropped! device 0, worker core 12, 4, Risc NCRISC,  bufferEndIndex = 15996. Please either decrease the number of ops being profiled or run read device profiler more often (profiler.cpp:1271)
2026-06-04 16:51:56.447 | warning  |           Metal | Profiler DRAM buffers were full, markers were dropped! device 0, worker core 12, 4, Risc TRISC_0,  bufferEndIndex = 15996. Please either decrease the number of ops being profiled or run read device profiler more often (profiler.cpp:1271)
2026-06-04 16:51:56.449 | warning  |           Metal | Profiler DRAM buffers were full, markers were dropped! device 0, worker core 12, 4, Risc TRISC_1,  bufferEndIndex = 15996. Please either decrease the number of ops being profiled or run read device profiler more often (profiler.cpp:1271)
2026-06-04 16:51:56.451 | warning  |           Metal | Profiler DRAM buffers were full, markers were dropped! device 0, worker core 12, 4, Risc TRISC_2,  bufferEndIndex = 15996. Please either decrease the number of ops being profiled or run read device profiler more often (profiler.cpp:1271)
2026-06-04 16:51:56.453 | warning  |           Metal | Profiler DRAM buffers were full, markers were dropped! device 0, worker core 12, 5, Risc BRISC,  bufferEndIndex = 15996. Please either decrease the number of ops being profiled or run read device profiler more often (profiler.cpp:1271)
2026-06-04 16:51:56.456 | warning  |           Metal | Profiler DRAM buffers were full, markers were dropped! device 0, worker core 12, 5, Risc NCRISC,  bufferEndIndex = 15996. Please either decrease the number of ops being profiled or run read device profiler more often (profiler.cpp:1271)
2026-06-04 16:51:56.458 | warning  |           Metal | Profiler DRAM buffers were full, markers were dropped! device 0, worker core 12, 5, Risc TRISC_0,  bufferEndIndex = 15996. Please either decrease the number of ops being profiled or run read device profiler more often (profiler.cpp:1271)
2026-06-04 16:51:56.461 | warning  |           Metal | Profiler DRAM buffers were full, markers were dropped! device 0, worker core 12, 5, Risc TRISC_1,  bufferEndIndex = 15996. Please either decrease the number of ops being profiled or run read device profiler more often (profiler.cpp:1271)
2026-06-04 16:51:56.463 | warning  |           Metal | Profiler DRAM buffers were full, markers were dropped! device 0, worker core 12, 5, Risc TRISC_2,  bufferEndIndex = 15996. Please either decrease the number of ops being profiled or run read device profiler more often (profiler.cpp:1271)
2026-06-04 16:51:56.465 | warning  |           Metal | Profiler DRAM buffers were full, markers were dropped! device 0, worker core 12, 6, Risc BRISC,  bufferEndIndex = 15996. Please either decrease the number of ops being profiled or run read device profiler more often (profiler.cpp:1271)
2026-06-04 16:51:56.468 | warning  |           Metal | Profiler DRAM buffers were full, markers were dropped! device 0, worker core 12, 6, Risc NCRISC,  bufferEndIndex = 15996. Please either decrease the number of ops being profiled or run read device profiler more often (profiler.cpp:1271)
2026-06-04 16:51:56.471 | warning  |           Metal | Profiler DRAM buffers were full, markers were dropped! device 0, worker core 12, 6, Risc TRISC_0,  bufferEndIndex = 15996. Please either decrease the number of ops being profiled or run read device profiler more often (profiler.cpp:1271)
2026-06-04 16:51:56.473 | warning  |           Metal | Profiler DRAM buffers were full, markers were dropped! device 0, worker core 12, 6, Risc TRISC_1,  bufferEndIndex = 15996. Please either decrease the number of ops being profiled or run read device profiler more often (profiler.cpp:1271)
2026-06-04 16:51:56.475 | warning  |           Metal | Profiler DRAM buffers were full, markers were dropped! device 0, worker core 12, 6, Risc TRISC_2,  bufferEndIndex = 15996. Please either decrease the number of ops being profiled or run read device profiler more often (profiler.cpp:1271)
2026-06-04 16:51:56.478 | warning  |           Metal | Profiler DRAM buffers were full, markers were dropped! device 0, worker core 12, 7, Risc BRISC,  bufferEndIndex = 15996. Please either decrease the number of ops being profiled or run read device profiler more often (profiler.cpp:1271)
2026-06-04 16:51:56.480 | warning  |           Metal | Profiler DRAM buffers were full, markers were dropped! device 0, worker core 12, 7, Risc NCRISC,  bufferEndIndex = 15996. Please either decrease the number of ops being profiled or run read device profiler more often (profiler.cpp:1271)
2026-06-04 16:51:56.483 | warning  |           Metal | Profiler DRAM buffers were full, markers were dropped! device 0, worker core 12, 7, Risc TRISC_0,  bufferEndIndex = 15996. Please either decrease the number of ops being profiled or run read device profiler more often (profiler.cpp:1271)
2026-06-04 16:51:56.485 | warning  |           Metal | Profiler DRAM buffers were full, markers were dropped! device 0, worker core 12, 7, Risc TRISC_1,  bufferEndIndex = 15996. Please either decrease the number of ops being profiled or run read device profiler more often (profiler.cpp:1271)
2026-06-04 16:51:56.488 | warning  |           Metal | Profiler DRAM buffers were full, markers were dropped! device 0, worker core 12, 7, Risc TRISC_2,  bufferEndIndex = 15996. Please either decrease the number of ops being profiled or run read device profiler more often (profiler.cpp:1271)
2026-06-04 16:51:56.491 | warning  |           Metal | Profiler DRAM buffers were full, markers were dropped! device 0, worker core 12, 8, Risc BRISC,  bufferEndIndex = 15996. Please either decrease the number of ops being profiled or run read device profiler more often (profiler.cpp:1271)
2026-06-04 16:51:56.493 | warning  |           Metal | Profiler DRAM buffers were full, markers were dropped! device 0, worker core 12, 8, Risc NCRISC,  bufferEndIndex = 15996. Please either decrease the number of ops being profiled or run read device profiler more often (profiler.cpp:1271)
2026-06-04 16:51:56.496 | warning  |           Metal | Profiler DRAM buffers were full, markers were dropped! device 0, worker core 12, 8, Risc TRISC_0,  bufferEndIndex = 15996. Please either decrease the number of ops being profiled or run read device profiler more often (profiler.cpp:1271)
2026-06-04 16:51:56.498 | warning  |           Metal | Profiler DRAM buffers were full, markers were dropped! device 0, worker core 12, 8, Risc TRISC_1,  bufferEndIndex = 15996. Please either decrease the number of ops being profiled or run read device profiler more often (profiler.cpp:1271)
2026-06-04 16:51:56.501 | warning  |           Metal | Profiler DRAM buffers were full, markers were dropped! device 0, worker core 12, 8, Risc TRISC_2,  bufferEndIndex = 15996. Please either decrease the number of ops being profiled or run read device profiler more often (profiler.cpp:1271)
2026-06-04 16:51:56.503 | warning  |           Metal | Profiler DRAM buffers were full, markers were dropped! device 0, worker core 12, 9, Risc BRISC,  bufferEndIndex = 15996. Please either decrease the number of ops being profiled or run read device profiler more often (profiler.cpp:1271)
2026-06-04 16:51:56.506 | warning  |           Metal | Profiler DRAM buffers were full, markers were dropped! device 0, worker core 12, 9, Risc NCRISC,  bufferEndIndex = 15996. Please either decrease the number of ops being profiled or run read device profiler more often (profiler.cpp:1271)
2026-06-04 16:51:56.508 | warning  |           Metal | Profiler DRAM buffers were full, markers were dropped! device 0, worker core 12, 9, Risc TRISC_0,  bufferEndIndex = 15996. Please either decrease the number of ops being profiled or run read device profiler more often (profiler.cpp:1271)
2026-06-04 16:51:56.511 | warning  |           Metal | Profiler DRAM buffers were full, markers were dropped! device 0, worker core 12, 9, Risc TRISC_1,  bufferEndIndex = 15996. Please either decrease the number of ops being profiled or run read device profiler more often (profiler.cpp:1271)
2026-06-04 16:51:56.513 | warning  |           Metal | Profiler DRAM buffers were full, markers were dropped! device 0, worker core 12, 9, Risc TRISC_2,  bufferEndIndex = 15996. Please either decrease the number of ops being profiled or run read device profiler more often (profiler.cpp:1271)
2026-06-04 16:51:56.516 | warning  |           Metal | Profiler DRAM buffers were full, markers were dropped! device 0, worker core 12, 10, Risc BRISC,  bufferEndIndex = 15996. Please either decrease the number of ops being profiled or run read device profiler more often (profiler.cpp:1271)
2026-06-04 16:51:56.518 | warning  |           Metal | Profiler DRAM buffers were full, markers were dropped! device 0, worker core 12, 10, Risc NCRISC,  bufferEndIndex = 15996. Please either decrease the number of ops being profiled or run read device profiler more often (profiler.cpp:1271)
2026-06-04 16:51:56.521 | warning  |           Metal | Profiler DRAM buffers were full, markers were dropped! device 0, worker core 12, 10, Risc TRISC_0,  bufferEndIndex = 15996. Please either decrease the number of ops being profiled or run read device profiler more often (profiler.cpp:1271)
2026-06-04 16:51:56.523 | warning  |           Metal | Profiler DRAM buffers were full, markers were dropped! device 0, worker core 12, 10, Risc TRISC_1,  bufferEndIndex = 15996. Please either decrease the number of ops being profiled or run read device profiler more often (profiler.cpp:1271)
2026-06-04 16:51:56.526 | warning  |           Metal | Profiler DRAM buffers were full, markers were dropped! device 0, worker core 12, 10, Risc TRISC_2,  bufferEndIndex = 15996. Please either decrease the number of ops being profiled or run read device profiler more often (profiler.cpp:1271)
2026-06-04 16:51:56.528 | warning  |           Metal | Profiler DRAM buffers were full, markers were dropped! device 0, worker core 12, 11, Risc BRISC,  bufferEndIndex = 15996. Please either decrease the number of ops being profiled or run read device profiler more often (profiler.cpp:1271)
2026-06-04 16:51:56.531 | warning  |           Metal | Profiler DRAM buffers were full, markers were dropped! device 0, worker core 12, 11, Risc NCRISC,  bufferEndIndex = 15996. Please either decrease the number of ops being profiled or run read device profiler more often (profiler.cpp:1271)
2026-06-04 16:51:56.533 | warning  |           Metal | Profiler DRAM buffers were full, markers were dropped! device 0, worker core 12, 11, Risc TRISC_0,  bufferEndIndex = 15996. Please either decrease the number of ops being profiled or run read device profiler more often (profiler.cpp:1271)
2026-06-04 16:51:56.536 | warning  |           Metal | Profiler DRAM buffers were full, markers were dropped! device 0, worker core 12, 11, Risc TRISC_1,  bufferEndIndex = 15996. Please either decrease the number of ops being profiled or run read device profiler more often (profiler.cpp:1271)
2026-06-04 16:51:56.538 | warning  |           Metal | Profiler DRAM buffers were full, markers were dropped! device 0, worker core 12, 11, Risc TRISC_2,  bufferEndIndex = 15996. Please either decrease the number of ops being profiled or run read device profiler more often (profiler.cpp:1271)
2026-06-04 16:51:56.540 | warning  |           Metal | Profiler DRAM buffers were full, markers were dropped! device 0, worker core 13, 2, Risc BRISC,  bufferEndIndex = 15996. Please either decrease the number of ops being profiled or run read device profiler more often (profiler.cpp:1271)
2026-06-04 16:51:56.543 | warning  |           Metal | Profiler DRAM buffers were full, markers were dropped! device 0, worker core 13, 2, Risc NCRISC,  bufferEndIndex = 15996. Please either decrease the number of ops being profiled or run read device profiler more often (profiler.cpp:1271)
2026-06-04 16:51:56.546 | warning  |           Metal | Profiler DRAM buffers were full, markers were dropped! device 0, worker core 13, 2, Risc TRISC_0,  bufferEndIndex = 15996. Please either decrease the number of ops being profiled or run read device profiler more often (profiler.cpp:1271)
2026-06-04 16:51:56.548 | warning  |           Metal | Profiler DRAM buffers were full, markers were dropped! device 0, worker core 13, 2, Risc TRISC_1,  bufferEndIndex = 15996. Please either decrease the number of ops being profiled or run read device profiler more often (profiler.cpp:1271)
2026-06-04 16:51:56.550 | warning  |           Metal | Profiler DRAM buffers were full, markers were dropped! device 0, worker core 13, 2, Risc TRISC_2,  bufferEndIndex = 15996. Please either decrease the number of ops being profiled or run read device profiler more often (profiler.cpp:1271)
2026-06-04 16:51:56.552 | warning  |           Metal | Profiler DRAM buffers were full, markers were dropped! device 0, worker core 13, 3, Risc BRISC,  bufferEndIndex = 15996. Please either decrease the number of ops being profiled or run read device profiler more often (profiler.cpp:1271)
2026-06-04 16:51:56.554 | warning  |           Metal | Profiler DRAM buffers were full, markers were dropped! device 0, worker core 13, 3, Risc NCRISC,  bufferEndIndex = 15996. Please either decrease the number of ops being profiled or run read device profiler more often (profiler.cpp:1271)
2026-06-04 16:51:56.557 | warning  |           Metal | Profiler DRAM buffers were full, markers were dropped! device 0, worker core 13, 3, Risc TRISC_0,  bufferEndIndex = 15996. Please either decrease the number of ops being profiled or run read device profiler more often (profiler.cpp:1271)
2026-06-04 16:51:56.559 | warning  |           Metal | Profiler DRAM buffers were full, markers were dropped! device 0, worker core 13, 3, Risc TRISC_1,  bufferEndIndex = 15996. Please either decrease the number of ops being profiled or run read device profiler more often (profiler.cpp:1271)
2026-06-04 16:51:56.561 | warning  |           Metal | Profiler DRAM buffers were full, markers were dropped! device 0, worker core 13, 3, Risc TRISC_2,  bufferEndIndex = 15996. Please either decrease the number of ops being profiled or run read device profiler more often (profiler.cpp:1271)
2026-06-04 16:51:56.563 | warning  |           Metal | Profiler DRAM buffers were full, markers were dropped! device 0, worker core 13, 4, Risc BRISC,  bufferEndIndex = 15996. Please either decrease the number of ops being profiled or run read device profiler more often (profiler.cpp:1271)
2026-06-04 16:51:56.565 | warning  |           Metal | Profiler DRAM buffers were full, markers were dropped! device 0, worker core 13, 4, Risc NCRISC,  bufferEndIndex = 15996. Please either decrease the number of ops being profiled or run read device profiler more often (profiler.cpp:1271)
2026-06-04 16:51:56.568 | warning  |           Metal | Profiler DRAM buffers were full, markers were dropped! device 0, worker core 13, 4, Risc TRISC_0,  bufferEndIndex = 15996. Please either decrease the number of ops being profiled or run read device profiler more often (profiler.cpp:1271)
2026-06-04 16:51:56.570 | warning  |           Metal | Profiler DRAM buffers were full, markers were dropped! device 0, worker core 13, 4, Risc TRISC_1,  bufferEndIndex = 15996. Please either decrease the number of ops being profiled or run read device profiler more often (profiler.cpp:1271)
2026-06-04 16:51:56.572 | warning  |           Metal | Profiler DRAM buffers were full, markers were dropped! device 0, worker core 13, 4, Risc TRISC_2,  bufferEndIndex = 15996. Please either decrease the number of ops being profiled or run read device profiler more often (profiler.cpp:1271)
2026-06-04 16:51:56.575 | warning  |           Metal | Profiler DRAM buffers were full, markers were dropped! device 0, worker core 13, 5, Risc BRISC,  bufferEndIndex = 15996. Please either decrease the number of ops being profiled or run read device profiler more often (profiler.cpp:1271)
2026-06-04 16:51:56.577 | warning  |           Metal | Profiler DRAM buffers were full, markers were dropped! device 0, worker core 13, 5, Risc NCRISC,  bufferEndIndex = 15996. Please either decrease the number of ops being profiled or run read device profiler more often (profiler.cpp:1271)
2026-06-04 16:51:56.580 | warning  |           Metal | Profiler DRAM buffers were full, markers were dropped! device 0, worker core 13, 5, Risc TRISC_0,  bufferEndIndex = 15996. Please either decrease the number of ops being profiled or run read device profiler more often (profiler.cpp:1271)
2026-06-04 16:51:56.582 | warning  |           Metal | Profiler DRAM buffers were full, markers were dropped! device 0, worker core 13, 5, Risc TRISC_1,  bufferEndIndex = 15996. Please either decrease the number of ops being profiled or run read device profiler more often (profiler.cpp:1271)
2026-06-04 16:51:56.584 | warning  |           Metal | Profiler DRAM buffers were full, markers were dropped! device 0, worker core 13, 5, Risc TRISC_2,  bufferEndIndex = 15996. Please either decrease the number of ops being profiled or run read device profiler more often (profiler.cpp:1271)
2026-06-04 16:51:56.587 | warning  |           Metal | Profiler DRAM buffers were full, markers were dropped! device 0, worker core 13, 6, Risc BRISC,  bufferEndIndex = 15996. Please either decrease the number of ops being profiled or run read device profiler more often (profiler.cpp:1271)
2026-06-04 16:51:56.589 | warning  |           Metal | Profiler DRAM buffers were full, markers were dropped! device 0, worker core 13, 6, Risc NCRISC,  bufferEndIndex = 15996. Please either decrease the number of ops being profiled or run read device profiler more often (profiler.cpp:1271)
2026-06-04 16:51:56.591 | warning  |           Metal | Profiler DRAM buffers were full, markers were dropped! device 0, worker core 13, 6, Risc TRISC_0,  bufferEndIndex = 15996. Please either decrease the number of ops being profiled or run read device profiler more often (profiler.cpp:1271)
2026-06-04 16:51:56.594 | warning  |           Metal | Profiler DRAM buffers were full, markers were dropped! device 0, worker core 13, 6, Risc TRISC_1,  bufferEndIndex = 15996. Please either decrease the number of ops being profiled or run read device profiler more often (profiler.cpp:1271)
2026-06-04 16:51:56.596 | warning  |           Metal | Profiler DRAM buffers were full, markers were dropped! device 0, worker core 13, 6, Risc TRISC_2,  bufferEndIndex = 15996. Please either decrease the number of ops being profiled or run read device profiler more often (profiler.cpp:1271)
2026-06-04 16:51:56.598 | warning  |           Metal | Profiler DRAM buffers were full, markers were dropped! device 0, worker core 13, 7, Risc BRISC,  bufferEndIndex = 15996. Please either decrease the number of ops being profiled or run read device profiler more often (profiler.cpp:1271)
2026-06-04 16:51:56.601 | warning  |           Metal | Profiler DRAM buffers were full, markers were dropped! device 0, worker core 13, 7, Risc NCRISC,  bufferEndIndex = 15996. Please either decrease the number of ops being profiled or run read device profiler more often (profiler.cpp:1271)
2026-06-04 16:51:56.604 | warning  |           Metal | Profiler DRAM buffers were full, markers were dropped! device 0, worker core 13, 7, Risc TRISC_0,  bufferEndIndex = 15996. Please either decrease the number of ops being profiled or run read device profiler more often (profiler.cpp:1271)
2026-06-04 16:51:56.606 | warning  |           Metal | Profiler DRAM buffers were full, markers were dropped! device 0, worker core 13, 7, Risc TRISC_1,  bufferEndIndex = 15996. Please either decrease the number of ops being profiled or run read device profiler more often (profiler.cpp:1271)
2026-06-04 16:51:56.608 | warning  |           Metal | Profiler DRAM buffers were full, markers were dropped! device 0, worker core 13, 7, Risc TRISC_2,  bufferEndIndex = 15996. Please either decrease the number of ops being profiled or run read device profiler more often (profiler.cpp:1271)
2026-06-04 16:51:56.611 | warning  |           Metal | Profiler DRAM buffers were full, markers were dropped! device 0, worker core 13, 8, Risc BRISC,  bufferEndIndex = 15996. Please either decrease the number of ops being profiled or run read device profiler more often (profiler.cpp:1271)
2026-06-04 16:51:56.613 | warning  |           Metal | Profiler DRAM buffers were full, markers were dropped! device 0, worker core 13, 8, Risc NCRISC,  bufferEndIndex = 15996. Please either decrease the number of ops being profiled or run read device profiler more often (profiler.cpp:1271)
2026-06-04 16:51:56.616 | warning  |           Metal | Profiler DRAM buffers were full, markers were dropped! device 0, worker core 13, 8, Risc TRISC_0,  bufferEndIndex = 15996. Please either decrease the number of ops being profiled or run read device profiler more often (profiler.cpp:1271)
2026-06-04 16:51:56.618 | warning  |           Metal | Profiler DRAM buffers were full, markers were dropped! device 0, worker core 13, 8, Risc TRISC_1,  bufferEndIndex = 15996. Please either decrease the number of ops being profiled or run read device profiler more often (profiler.cpp:1271)
2026-06-04 16:51:56.621 | warning  |           Metal | Profiler DRAM buffers were full, markers were dropped! device 0, worker core 13, 8, Risc TRISC_2,  bufferEndIndex = 15996. Please either decrease the number of ops being profiled or run read device profiler more often (profiler.cpp:1271)
2026-06-04 16:51:56.623 | warning  |           Metal | Profiler DRAM buffers were full, markers were dropped! device 0, worker core 13, 9, Risc BRISC,  bufferEndIndex = 15996. Please either decrease the number of ops being profiled or run read device profiler more often (profiler.cpp:1271)
2026-06-04 16:51:56.626 | warning  |           Metal | Profiler DRAM buffers were full, markers were dropped! device 0, worker core 13, 9, Risc NCRISC,  bufferEndIndex = 15996. Please either decrease the number of ops being profiled or run read device profiler more often (profiler.cpp:1271)
2026-06-04 16:51:56.628 | warning  |           Metal | Profiler DRAM buffers were full, markers were dropped! device 0, worker core 13, 9, Risc TRISC_0,  bufferEndIndex = 15996. Please either decrease the number of ops being profiled or run read device profiler more often (profiler.cpp:1271)
2026-06-04 16:51:56.630 | warning  |           Metal | Profiler DRAM buffers were full, markers were dropped! device 0, worker core 13, 9, Risc TRISC_1,  bufferEndIndex = 15996. Please either decrease the number of ops being profiled or run read device profiler more often (profiler.cpp:1271)
2026-06-04 16:51:56.633 | warning  |           Metal | Profiler DRAM buffers were full, markers were dropped! device 0, worker core 13, 9, Risc TRISC_2,  bufferEndIndex = 15996. Please either decrease the number of ops being profiled or run read device profiler more often (profiler.cpp:1271)
2026-06-04 16:51:56.635 | warning  |           Metal | Profiler DRAM buffers were full, markers were dropped! device 0, worker core 13, 10, Risc BRISC,  bufferEndIndex = 15996. Please either decrease the number of ops being profiled or run read device profiler more often (profiler.cpp:1271)
2026-06-04 16:51:56.639 | warning  |           Metal | Profiler DRAM buffers were full, markers were dropped! device 0, worker core 13, 10, Risc NCRISC,  bufferEndIndex = 15996. Please either decrease the number of ops being profiled or run read device profiler more often (profiler.cpp:1271)
2026-06-04 16:51:56.641 | warning  |           Metal | Profiler DRAM buffers were full, markers were dropped! device 0, worker core 13, 10, Risc TRISC_0,  bufferEndIndex = 15996. Please either decrease the number of ops being profiled or run read device profiler more often (profiler.cpp:1271)
2026-06-04 16:51:56.644 | warning  |           Metal | Profiler DRAM buffers were full, markers were dropped! device 0, worker core 13, 10, Risc TRISC_1,  bufferEndIndex = 15996. Please either decrease the number of ops being profiled or run read device profiler more often (profiler.cpp:1271)
2026-06-04 16:51:56.647 | warning  |           Metal | Profiler DRAM buffers were full, markers were dropped! device 0, worker core 13, 10, Risc TRISC_2,  bufferEndIndex = 15996. Please either decrease the number of ops being profiled or run read device profiler more often (profiler.cpp:1271)
2026-06-04 16:51:56.649 | warning  |           Metal | Profiler DRAM buffers were full, markers were dropped! device 0, worker core 13, 11, Risc BRISC,  bufferEndIndex = 15996. Please either decrease the number of ops being profiled or run read device profiler more often (profiler.cpp:1271)
2026-06-04 16:51:56.652 | warning  |           Metal | Profiler DRAM buffers were full, markers were dropped! device 0, worker core 13, 11, Risc NCRISC,  bufferEndIndex = 15996. Please either decrease the number of ops being profiled or run read device profiler more often (profiler.cpp:1271)
2026-06-04 16:51:56.654 | warning  |           Metal | Profiler DRAM buffers were full, markers were dropped! device 0, worker core 13, 11, Risc TRISC_0,  bufferEndIndex = 15996. Please either decrease the number of ops being profiled or run read device profiler more often (profiler.cpp:1271)
2026-06-04 16:51:56.657 | warning  |           Metal | Profiler DRAM buffers were full, markers were dropped! device 0, worker core 13, 11, Risc TRISC_1,  bufferEndIndex = 15996. Please either decrease the number of ops being profiled or run read device profiler more often (profiler.cpp:1271)
2026-06-04 16:51:56.659 | warning  |           Metal | Profiler DRAM buffers were full, markers were dropped! device 0, worker core 13, 11, Risc TRISC_2,  bufferEndIndex = 15996. Please either decrease the number of ops being profiled or run read device profiler more often (profiler.cpp:1271)
2026-06-04 16:51:59.474 | critical |          Always | End marker 41925 found without a corresponding start marker (assert.hpp:103)
2026-06-04 16:51:59.480 | critical |          Always | End marker 8951 found without a corresponding start marker (assert.hpp:103)
2026-06-04 16:51:59.485 | critical |          Always | Start 7145 and end 36476 markers do not match (assert.hpp:103)
2026-06-04 16:51:59.501 | critical |          Always | End marker 22527 found without a corresponding start marker (assert.hpp:103)
2026-06-04 16:51:59.503 | critical |          Always | End marker 4095 found without a corresponding start marker (assert.hpp:103)
2026-06-04 16:51:59.505 | critical |          Always | Start 62392 and end 43309 markers do not match (assert.hpp:103)
2026-06-04 16:51:59.508 | critical |          Always | End marker 41925 found without a corresponding start marker (assert.hpp:103)
2026-06-04 16:51:59.510 | critical |          Always | End marker 22527 found without a corresponding start marker (assert.hpp:103)
2026-06-04 16:51:59.515 | critical |          Always | End marker 48361 found without a corresponding start marker (assert.hpp:103)
2026-06-04 16:51:59.520 | critical |          Always | End marker 22527 found without a corresponding start marker (assert.hpp:103)
2026-06-04 16:51:59.529 | critical |          Always | End marker 14574 found without a corresponding start marker (assert.hpp:103)
2026-06-04 16:51:59.534 | critical |          Always | 2 start markers detected without corresponding end markers (assert.hpp:103)
2026-06-04 16:51:59.539 | critical |          Always | Start 62392 and end 43309 markers do not match (assert.hpp:103)
2026-06-04 16:51:59.544 | critical |          Always | 2 start markers detected without corresponding end markers (assert.hpp:103)
2026-06-04 16:51:59.552 | critical |          Always | End marker 63510 found without a corresponding start marker (assert.hpp:103)
2026-06-04 16:51:59.573 | critical |          Always | Start 62392 and end 43309 markers do not match (assert.hpp:103)
2026-06-04 16:51:59.576 | critical |          Always | End marker 1041 found without a corresponding start marker (assert.hpp:103)
2026-06-04 16:51:59.576 | critical |          Always | End marker 23858 found without a corresponding start marker (assert.hpp:103)
2026-06-04 16:51:59.577 | critical |          Always | End marker 23858 found without a corresponding start marker (assert.hpp:103)
2026-06-04 16:51:59.578 | critical |          Always | End marker 22527 found without a corresponding start marker (assert.hpp:103)
2026-06-04 16:51:59.582 | critical |          Always | End marker 2041 found without a corresponding start marker (assert.hpp:103)
2026-06-04 16:51:59.583 | critical |          Always | End marker 48361 found without a corresponding start marker (assert.hpp:103)
2026-06-04 16:51:59.586 | critical |          Always | End marker 14574 found without a corresponding start marker (assert.hpp:103)
2026-06-04 16:51:59.587 | critical |          Always | End marker 23858 found without a corresponding start marker (assert.hpp:103)
2026-06-04 16:51:59.589 | critical |          Always | End marker 23858 found without a corresponding start marker (assert.hpp:103)
2026-06-04 16:51:59.592 | critical |          Always | Start 7145 and end 36476 markers do not match (assert.hpp:103)
2026-06-04 16:51:59.592 | critical |          Always | End marker 2045 found without a corresponding start marker (assert.hpp:103)
2026-06-04 16:51:59.592 | critical |          Always | End marker 1041 found without a corresponding start marker (assert.hpp:103)
2026-06-04 16:51:59.593 | critical |          Always | End marker 2041 found without a corresponding start marker (assert.hpp:103)
2026-06-04 16:51:59.593 | critical |          Always | End marker 41925 found without a corresponding start marker (assert.hpp:103)
2026-06-04 16:51:59.597 | critical |          Always | End marker 63510 found without a corresponding start marker (assert.hpp:103)
2026-06-04 16:51:59.599 | critical |          Always | End marker 1041 found without a corresponding start marker (assert.hpp:103)
2026-06-04 16:51:59.600 | critical |          Always | End marker 4095 found without a corresponding start marker (assert.hpp:103)
2026-06-04 16:51:59.600 | critical |          Always | End marker 39410 found without a corresponding start marker (assert.hpp:103)
2026-06-04 16:51:59.600 | critical |          Always | End marker 23858 found without a corresponding start marker (assert.hpp:103)
2026-06-04 16:51:59.605 | critical |          Always | End marker 46041 found without a corresponding start marker (assert.hpp:103)
2026-06-04 16:51:59.606 | critical |          Always | End marker 41925 found without a corresponding start marker (assert.hpp:103)
2026-06-04 16:51:59.607 | critical |          Always | End marker 46041 found without a corresponding start marker (assert.hpp:103)
2026-06-04 16:51:59.608 | critical |          Always | End marker 8951 found without a corresponding start marker (assert.hpp:103)
2026-06-04 16:51:59.609 | critical |          Always | End marker 39410 found without a corresponding start marker (assert.hpp:103)
2026-06-04 16:51:59.611 | critical |          Always | End marker 63510 found without a corresponding start marker (assert.hpp:103)
2026-06-04 16:51:59.612 | critical |          Always | End marker 63352 found without a corresponding start marker (assert.hpp:103)
2026-06-04 16:51:59.613 | critical |          Always | Start 7145 and end 36476 markers do not match (assert.hpp:103)
2026-06-04 16:51:59.613 | critical |          Always | End marker 4095 found without a corresponding start marker (assert.hpp:103)
2026-06-04 16:51:59.616 | critical |          Always | End marker 2045 found without a corresponding start marker (assert.hpp:103)
2026-06-04 16:51:59.617 | critical |          Always | End marker 14574 found without a corresponding start marker (assert.hpp:103)
2026-06-04 16:51:59.618 | critical |          Always | End marker 8951 found without a corresponding start marker (assert.hpp:103)
2026-06-04 16:51:59.619 | critical |          Always | End marker 41925 found without a corresponding start marker (assert.hpp:103)
2026-06-04 16:51:59.621 | critical |          Always | End marker 63510 found without a corresponding start marker (assert.hpp:103)
2026-06-04 16:51:59.622 | critical |          Always | End marker 63352 found without a corresponding start marker (assert.hpp:103)
2026-06-04 16:51:59.623 | critical |          Always | Start 7145 and end 36476 markers do not match (assert.hpp:103)
2026-06-04 16:51:59.626 | critical |          Always | End marker 4095 found without a corresponding start marker (assert.hpp:103)
2026-06-04 16:51:59.626 | critical |          Always | End marker 2045 found without a corresponding start marker (assert.hpp:103)
terminate called after throwing an instance of 'std::runtime_error'
  what():  TT_FATAL @ /home/masterjunmo/codes/tt-metal/tt_metal/impl/profiler/profiler.cpp:1575: !start_marker_stack.empty()
info:
End marker 23858 found without a corresponding start marker
backtrace:
 --- /home/masterjunmo/codes/tt-metal/build_Release/lib/_ttnncpp.so(+0x1172170) [0x7f4b03937170]
 --- tt::tt_metal::DeviceProfiler::processDeviceMarkerData(std::set<tracy::TTDeviceMarker, std::less<tracy::TTDeviceMarker>, std::allocator<tracy::TTDeviceMarker> >&)
 --- /home/masterjunmo/codes/tt-metal/build_Release/lib/libtt_metal.so(+0x5a0bec) [0x7f4b0219fbec]
 --- /home/masterjunmo/codes/tt-metal/build_Release/lib/libtt_metal.so(+0x6f4544) [0x7f4b022f3544]
 --- /lib/x86_64-linux-gnu/libstdc++.so.6(+0xdc253) [0x7f4bc3992253]
 --- /lib/x86_64-linux-gnu/libc.so.6(+0x94ac3) [0x7f4c7c16dac3]
 --- /lib/x86_64-linux-gnu/libc.so.6(+0x1268d0) [0x7f4c7c1ff8d0]

Fatal Python error: Aborted

Thread 0x00007f389cffa640 (most recent call first):
  File "/home/masterjunmo/.pyenv/versions/3.10.19/lib/python3.10/threading.py", line 324 in wait
  File "/home/masterjunmo/.pyenv/versions/3.10.19/lib/python3.10/threading.py", line 607 in wait
  File "/home/masterjunmo/codes/tt-metal/python_env/lib/python3.10/site-packages/tqdm/_monitor.py", line 60 in run
  File "/home/masterjunmo/.pyenv/versions/3.10.19/lib/python3.10/threading.py", line 1016 in _bootstrap_inner
  File "/home/masterjunmo/.pyenv/versions/3.10.19/lib/python3.10/threading.py", line 973 in _bootstrap

Thread 0x00007f391db5d640 (most recent call first):
  File "/home/masterjunmo/.pyenv/versions/3.10.19/lib/python3.10/threading.py", line 324 in wait
  File "/home/masterjunmo/.pyenv/versions/3.10.19/lib/python3.10/threading.py", line 607 in wait
  File "/home/masterjunmo/codes/tt-metal/python_env/lib/python3.10/site-packages/tqdm/_monitor.py", line 60 in run
  File "/home/masterjunmo/.pyenv/versions/3.10.19/lib/python3.10/threading.py", line 1016 in _bootstrap_inner
  File "/home/masterjunmo/.pyenv/versions/3.10.19/lib/python3.10/threading.py", line 973 in _bootstrap

Thread 0x00007f4c7bff0c40 (most recent call first):
  File "/home/masterjunmo/codes/tt-metal/ttnn/ttnn/distributed/distributed.py", line 683 in close_mesh_device
  File "/home/masterjunmo/codes/tt-metal/conftest.py", line 418 in mesh_device
  File "/home/masterjunmo/codes/tt-metal/python_env/lib/python3.10/site-packages/_pytest/fixtures.py", line 939 in _teardown_yield_fixture
  File "/home/masterjunmo/codes/tt-metal/python_env/lib/python3.10/site-packages/_pytest/fixtures.py", line 1058 in finish
  File "/home/masterjunmo/codes/tt-metal/python_env/lib/python3.10/site-packages/_pytest/runner.py", line 546 in teardown_exact
  File "/home/masterjunmo/codes/tt-metal/python_env/lib/python3.10/site-packages/_pytest/runner.py", line 193 in pytest_runtest_teardown
  File "/home/masterjunmo/codes/tt-metal/python_env/lib/python3.10/site-packages/pluggy/_callers.py", line 121 in _multicall
  File "/home/masterjunmo/codes/tt-metal/python_env/lib/python3.10/site-packages/pluggy/_manager.py", line 120 in _hookexec
  File "/home/masterjunmo/codes/tt-metal/python_env/lib/python3.10/site-packages/pluggy/_hooks.py", line 512 in __call__
  File "/home/masterjunmo/codes/tt-metal/python_env/lib/python3.10/site-packages/_pytest/runner.py", line 246 in <lambda>
  File "/home/masterjunmo/codes/tt-metal/python_env/lib/python3.10/site-packages/_pytest/runner.py", line 344 in from_call
  File "/home/masterjunmo/codes/tt-metal/python_env/lib/python3.10/site-packages/_pytest/runner.py", line 245 in call_and_report
  File "/home/masterjunmo/codes/tt-metal/python_env/lib/python3.10/site-packages/_pytest/runner.py", line 141 in runtestprotocol
  File "/home/masterjunmo/codes/tt-metal/python_env/lib/python3.10/site-packages/_pytest/runner.py", line 117 in pytest_runtest_protocol
  File "/home/masterjunmo/codes/tt-metal/python_env/lib/python3.10/site-packages/pluggy/_callers.py", line 121 in _multicall
  File "/home/masterjunmo/codes/tt-metal/python_env/lib/python3.10/site-packages/pluggy/_manager.py", line 120 in _hookexec
  File "/home/masterjunmo/codes/tt-metal/python_env/lib/python3.10/site-packages/pluggy/_hooks.py", line 512 in __call__
  File "/home/masterjunmo/codes/tt-metal/python_env/lib/python3.10/site-packages/_pytest/main.py", line 367 in pytest_runtestloop
  File "/home/masterjunmo/codes/tt-metal/python_env/lib/python3.10/site-packages/pluggy/_callers.py", line 121 in _multicall
  File "/home/masterjunmo/codes/tt-metal/python_env/lib/python3.10/site-packages/pluggy/_manager.py", line 120 in _hookexec
  File "/home/masterjunmo/codes/tt-metal/python_env/lib/python3.10/site-packages/pluggy/_hooks.py", line 512 in __call__
  File "/home/masterjunmo/codes/tt-metal/python_env/lib/python3.10/site-packages/_pytest/main.py", line 343 in _main
  File "/home/masterjunmo/codes/tt-metal/python_env/lib/python3.10/site-packages/_pytest/main.py", line 289 in wrap_session
  File "/home/masterjunmo/codes/tt-metal/python_env/lib/python3.10/site-packages/_pytest/main.py", line 336 in pytest_cmdline_main
  File "/home/masterjunmo/codes/tt-metal/python_env/lib/python3.10/site-packages/pluggy/_callers.py", line 121 in _multicall
  File "/home/masterjunmo/codes/tt-metal/python_env/lib/python3.10/site-packages/pluggy/_manager.py", line 120 in _hookexec
  File "/home/masterjunmo/codes/tt-metal/python_env/lib/python3.10/site-packages/pluggy/_hooks.py", line 512 in __call__
  File "/home/masterjunmo/codes/tt-metal/python_env/lib/python3.10/site-packages/_pytest/config/__init__.py", line 175 in main
  File "/home/masterjunmo/codes/tt-metal/python_env/lib/python3.10/site-packages/_pytest/config/__init__.py", line 201 in console_main
  File "/home/masterjunmo/codes/tt-metal/python_env/lib/python3.10/site-packages/pytest/__main__.py", line 9 in <module>
  File "/home/masterjunmo/.pyenv/versions/3.10.19/lib/python3.10/runpy.py", line 86 in _run_code
  File "/home/masterjunmo/.pyenv/versions/3.10.19/lib/python3.10/runpy.py", line 227 in run_module
  File "<string>", line 1 in <module>
  File "/home/masterjunmo/codes/tt-metal/tools/tracy/__init__.py", line 79 in runctx
  File "/home/masterjunmo/codes/tt-metal/tools/tracy/__main__.py", line 249 in main
  File "/home/masterjunmo/codes/tt-metal/tools/tracy/__main__.py", line 312 in <module>
  File "/home/masterjunmo/.pyenv/versions/3.10.19/lib/python3.10/runpy.py", line 86 in _run_code
  File "/home/masterjunmo/.pyenv/versions/3.10.19/lib/python3.10/runpy.py", line 196 in _run_module_as_main

Extension modules: yaml._yaml, numpy.core._multiarray_umath, numpy.core._multiarray_tests, numpy.linalg._umath_linalg, numpy.fft._pocketfft_internal, numpy.random._common, numpy.random.bit_generator, numpy.random._bounded_integers, numpy.random._mt19937, numpy.random.mtrand, numpy.random._philox, numpy.random._pcg64, numpy.random._sfc64, numpy.random._generator, pandas._libs.tslibs.np_datetime, pandas._libs.tslibs.dtypes, pandas._libs.tslibs.base, pandas._libs.tslibs.nattype, pandas._libs.tslibs.timezones, pandas._libs.tslibs.ccalendar, pandas._libs.tslibs.fields, pandas._libs.tslibs.timedeltas, pandas._libs.tslibs.tzconversion, pandas._libs.tslibs.timestamps, pandas._libs.properties, pandas._libs.tslibs.offsets, pandas._libs.tslibs.strptime, pandas._libs.tslibs.parsing, pandas._libs.tslibs.conversion, pandas._libs.tslibs.period, pandas._libs.tslibs.vectorized, pandas._libs.ops_dispatch, pandas._libs.missing, pandas._libs.hashtable, pandas._libs.algos, pandas._libs.interval, pandas._libs.lib, pandas._libs.hashing, pyarrow.lib, pandas._libs.tslib, pandas._libs.ops, pyarrow._compute, pandas._libs.arrays, pandas._libs.sparse, pandas._libs.reduction, pandas._libs.indexing, pandas._libs.index, pandas._libs.internals, pandas._libs.join, pandas._libs.writers, pandas._libs.window.aggregations, pandas._libs.window.indexers, pandas._libs.reshape, pandas._libs.groupby, pandas._libs.testing, pandas._libs.parsers, pandas._libs.json, PIL._imaging, kiwisolver._cext, scipy._lib._ccallback_c, scipy.sparse._sparsetools, _csparsetools, scipy.sparse._csparsetools, scipy.linalg._fblas, scipy.linalg._flapack, scipy.linalg.cython_lapack, scipy.linalg._cythonized_array_utils, scipy.linalg._solve_toeplitz, scipy.linalg._decomp_lu_cython, scipy.linalg._matfuncs_sqrtm_triu, scipy.linalg._matfuncs_expm, scipy.linalg._linalg_pythran, scipy.linalg.cython_blas, scipy.linalg._decomp_update, scipy.sparse.linalg._dsolve._superlu, scipy.sparse.linalg._eigen.arpack._arpack, scipy.sparse.linalg._propack._spropack, scipy.sparse.linalg._propack._dpropack, scipy.sparse.linalg._propack._cpropack, scipy.sparse.linalg._propack._zpropack, scipy.sparse.csgraph._tools, scipy.sparse.csgraph._shortest_path, scipy.sparse.csgraph._traversal, scipy.sparse.csgraph._min_spanning_tree, scipy.sparse.csgraph._flow, scipy.sparse.csgraph._matching, scipy.sparse.csgraph._reordering, scipy.spatial._ckdtree, scipy._lib.messagestream, scipy.spatial._qhull, scipy.spatial._voronoi, scipy.spatial._distance_wrap, scipy.spatial._hausdorff, scipy.special._ufuncs_cxx, scipy.special._ufuncs, scipy.special._specfun, scipy.special._comb, scipy.special._ellip_harm_2, scipy.spatial.transform._rotation, scipy.optimize._group_columns, scipy.optimize._trlib._trlib, scipy.optimize._lbfgsb, _moduleTNC, scipy.optimize._moduleTNC, scipy.optimize._cobyla, scipy.optimize._slsqp, scipy.optimize._minpack, scipy.optimize._lsq.givens_elimination, scipy.optimize._zeros, scipy.optimize._cython_nnls, scipy._lib._uarray._uarray, scipy.linalg._decomp_interpolative, scipy.optimize._bglu_dense, scipy.optimize._lsap, scipy.optimize._direct, scipy.integrate._odepack, scipy.integrate._quadpack, scipy.integrate._vode, scipy.integrate._dop, scipy.integrate._lsoda, scipy.interpolate._fitpack, scipy.interpolate._dfitpack, scipy.interpolate._dierckx, scipy.interpolate._ppoly, scipy.interpolate._interpnd, scipy.interpolate._rbfinterp_pythran, scipy.interpolate._rgi_cython, scipy.interpolate._bspl, scipy.special.cython_special, scipy.stats._stats, scipy.stats._sobol, scipy.stats._qmc_cy, scipy.stats._biasedurn, scipy.stats._stats_pythran, scipy.stats._levy_stable.levyst, scipy.stats._ansari_swilk_statistics, scipy.stats._mvn, scipy.stats._rcont.rcont, scipy.ndimage._nd_image, scipy.ndimage._rank_filter_1d, _ni_label, scipy.ndimage._ni_label, scipy.cluster._vq, scipy.cluster._hierarchy, scipy.cluster._optimal_leaf_ordering, torch._C, torch._C._dynamo.autograd_compiler, torch._C._dynamo.eval_frame, torch._C._dynamo.guards, torch._C._dynamo.utils, torch._C._fft, torch._C._linalg, torch._C._nested, torch._C._nn, torch._C._sparse, torch._C._special, markupsafe._speedups, zmq.backend.cython._zmq, tornado.speedups, psutil._psutil_linux, _brotli, backports.zstd._zstd, charset_normalizer.md, simplejson._speedups, requests.packages.charset_normalizer.md, requests.packages.chardet.md, PIL._imagingft, regex._regex, sklearn.__check_build._check_build, _cyutility, sklearn._cyutility, sklearn.utils._isfinite, sklearn.utils.sparsefuncs_fast, sklearn.utils.murmurhash, sklearn.utils._openmp_helpers, sklearn.metrics.cluster._expected_mutual_info_fast, sklearn.preprocessing._csr_polynomial_expansion, sklearn.preprocessing._target_encoder_fast, sklearn.metrics._dist_metrics, sklearn.metrics._pairwise_distances_reduction._datasets_pair, sklearn.utils._cython_blas, sklearn.metrics._pairwise_distances_reduction._base, sklearn.metrics._pairwise_distances_reduction._middle_term_computer, sklearn.utils._heap, sklearn.utils._sorting, sklearn.metrics._pairwise_distances_reduction._argkmin, sklearn.metrics._pairwise_distances_reduction._argkmin_classmode, sklearn.utils._vector_sentinel, sklearn.metrics._pairwise_distances_reduction._radius_neighbors, sklearn.metrics._pairwise_distances_reduction._radius_neighbors_classmode, sklearn.metrics._pairwise_fast (total: 191)

Queue delay: 27 ns
Timer resolution: 9 ns

Frames: 2
Time span: 1:50
Zones: 2,630,095
Elapsed time: 1:50.1
Saving trace... done!
Trace size 15.68 MB (23.07% ratio)
Aborted (core dumped)
2026-06-04 16:52:02.975 | INFO     | tracy:generate_report:154 - Host side ops time report generated at /home/masterjunmo/codes/tt-metal/generated/profiler/.logs/tracy_ops_times.csv
2026-06-04 16:52:03.068 | INFO     | tracy:generate_report:165 - Host side ops data report generated at /home/masterjunmo/codes/tt-metal/generated/profiler/.logs/tracy_ops_data.csv
2026-06-04 16:52:03.069 | INFO     | tracy.process_ops_logs:import_tracy_op_logs:111 - Importing ops logs
2026-06-04 16:52:09.961 | INFO     | tracy.process_ops_logs:get_device_op_data:255 - Getting device ops
2026-06-04 16:52:09.964 | INFO     | tracy.process_ops_logs:append_device_data:292 - Appending device data
2026-06-04 16:52:09.965 | INFO     | tracy.process_ops_logs:generate_reports:646 - OPs' perf analysis is finished! Generating reports ...
2026-06-04 16:52:09.965 | INFO     | tracy.process_ops_logs:generate_reports:664 - Copying runtime artifacts
2026-06-04 16:52:09.991 | INFO     | tracy.process_ops_logs:generate_reports:673 - Generating OPs CSV
2026-06-04 16:52:10.528 | INFO     | tracy.process_ops_logs:generate_reports:909 - OPs csv generated at: /home/masterjunmo/codes/tt-metal/generated/profiler/reports/2026_06_04_16_52_09/ops_perf_results_2026_06_04_16_52_09.csv
